Season,Date,HomeTeam,AwayTeam,home_points_mean_5,home_points_mean_10,home_goals_for_mean_5,home_goals_against_mean_5,home_history_count_5,home_history_count_10,home_rest_days,away_points_mean_5,away_points_mean_10,away_goals_for_mean_5,away_goals_against_mean_5,away_history_count_5,away_history_count_10,away_rest_days
2014/15,2014-08-16,Arsenal,Crystal Palace,,,,,0,0,,,,,,0,0,
2014/15,2014-08-16,Leicester,Everton,,,,,0,0,,,,,,0,0,
2014/15,2014-08-16,Man United,Swansea,,,,,0,0,,,,,,0,0,
2014/15,2014-08-16,QPR,Hull,,,,,0,0,,,,,,0,0,
2014/15,2014-08-16,Stoke,Aston Villa,,,,,0,0,,,,,,0,0,
2014/15,2014-08-16,West Brom,Sunderland,,,,,0,0,,,,,,0,0,
2014/15,2014-08-16,West Ham,Tottenham,,,,,0,0,,,,,,0,0,
2014/15,2014-08-17,Liverpool,Southampton,,,,,0,0,,,,,,0,0,
2014/15,2014-08-17,Newcastle,Man City,,,,,0,0,,,,,,0,0,
2014/15,2014-08-18,Burnley,Chelsea,,,,,0,0,,,,,,0,0,
2014/15,2014-08-23,Aston Villa,Newcastle,3.0,3.0,1.0,0.0,1,1,7.0,0.0,0.0,0.0,2.0,1,1,6.0
2014/15,2014-08-23,Chelsea,Leicester,3.0,3.0,3.0,1.0,1,1,5.0,1.0,1.0,2.0,2.0,1,1,7.0
2014/15,2014-08-23,Crystal Palace,West Ham,0.0,0.0,1.0,2.0,1,1,7.0,0.0,0.0,0.0,1.0,1,1,7.0
2014/15,2014-08-23,Everton,Arsenal,1.0,1.0,2.0,2.0,1,1,7.0,3.0,3.0,2.0,1.0,1,1,7.0
2014/15,2014-08-23,Southampton,West Brom,0.0,0.0,1.0,2.0,1,1,6.0,1.0,1.0,2.0,2.0,1,1,7.0
2014/15,2014-08-23,Swansea,Burnley,3.0,3.0,2.0,1.0,1,1,7.0,0.0,0.0,1.0,3.0,1,1,5.0
2014/15,2014-08-24,Hull,Stoke,3.0,3.0,1.0,0.0,1,1,8.0,0.0,0.0,0.0,1.0,1,1,8.0
2014/15,2014-08-24,Sunderland,Man United,1.0,1.0,2.0,2.0,1,1,8.0,0.0,0.0,1.0,2.0,1,1,8.0
2014/15,2014-08-24,Tottenham,QPR,3.0,3.0,1.0,0.0,1,1,8.0,0.0,0.0,0.0,1.0,1,1,8.0
2014/15,2014-08-25,Man City,Liverpool,3.0,3.0,2.0,0.0,1,1,8.0,3.0,3.0,2.0,1.0,1,1,8.0
2014/15,2014-08-30,Burnley,Man United,0.0,0.0,0.5,2.0,2,2,7.0,0.5,0.5,1.0,1.5,2,2,6.0
2014/15,2014-08-30,Everton,Chelsea,1.0,1.0,2.0,2.0,2,2,7.0,3.0,3.0,2.5,0.5,2,2,7.0
2014/15,2014-08-30,Man City,Stoke,3.0,3.0,2.5,0.5,2,2,5.0,0.5,0.5,0.5,1.0,2,2,6.0
2014/15,2014-08-30,Newcastle,Crystal Palace,0.5,0.5,0.0,1.0,2,2,7.0,0.0,0.0,1.0,2.5,2,2,7.0
2014/15,2014-08-30,QPR,Sunderland,0.0,0.0,0.0,2.5,2,2,6.0,1.0,1.0,1.5,1.5,2,2,6.0
2014/15,2014-08-30,Swansea,West Brom,3.0,3.0,1.5,0.5,2,2,7.0,1.0,1.0,1.0,1.0,2,2,7.0
2014/15,2014-08-30,West Ham,Southampton,1.5,1.5,1.5,1.0,2,2,7.0,0.5,0.5,0.5,1.0,2,2,7.0
2014/15,2014-08-31,Aston Villa,Hull,2.0,2.0,0.5,0.0,2,2,8.0,2.0,2.0,1.0,0.5,2,2,7.0
2014/15,2014-08-31,Leicester,Arsenal,0.5,0.5,1.0,2.0,2,2,8.0,2.0,2.0,2.0,1.5,2,2,8.0
2014/15,2014-08-31,Tottenham,Liverpool,3.0,3.0,2.5,0.0,2,2,7.0,1.5,1.5,1.5,2.0,2,2,6.0
2014/15,2014-09-13,Arsenal,Man City,1.6666666666666667,1.6666666666666667,1.6666666666666667,1.3333333333333333,3,3,13.0,2.0,2.0,1.6666666666666667,0.6666666666666666,3,3,14.0
2014/15,2014-09-13,Chelsea,Swansea,3.0,3.0,3.6666666666666665,1.3333333333333333,3,3,14.0,3.0,3.0,2.0,0.3333333333333333,3,3,14.0
2014/15,2014-09-13,Crystal Palace,Burnley,0.3333333333333333,0.3333333333333333,1.6666666666666667,2.6666666666666665,3,3,14.0,0.3333333333333333,0.3333333333333333,0.3333333333333333,1.3333333333333333,3,3,14.0
2014/15,2014-09-13,Liverpool,Aston Villa,2.0,2.0,2.0,1.3333333333333333,3,3,13.0,2.3333333333333335,2.3333333333333335,1.0,0.3333333333333333,3,3,13.0
2014/15,2014-09-13,Southampton,Newcastle,1.3333333333333333,1.3333333333333333,1.3333333333333333,1.0,3,3,14.0,0.6666666666666666,0.6666666666666666,1.0,1.6666666666666667,3,3,14.0
2014/15,2014-09-13,Stoke,Leicester,1.3333333333333333,1.3333333333333333,0.6666666666666666,0.6666666666666666,3,3,14.0,0.6666666666666666,0.6666666666666666,1.0,1.6666666666666667,3,3,13.0
2014/15,2014-09-13,Sunderland,Tottenham,0.6666666666666666,0.6666666666666666,1.0,1.3333333333333333,3,3,14.0,2.0,2.0,1.6666666666666667,1.0,3,3,13.0
2014/15,2014-09-13,West Brom,Everton,0.6666666666666666,0.6666666666666666,0.6666666666666666,1.6666666666666667,3,3,14.0,0.6666666666666666,0.6666666666666666,2.3333333333333335,3.3333333333333335,3,3,14.0
2014/15,2014-09-14,Man United,QPR,0.6666666666666666,0.6666666666666666,0.6666666666666666,1.0,3,3,15.0,1.0,1.0,0.3333333333333333,1.6666666666666667,3,3,15.0
2014/15,2014-09-15,Hull,West Ham,1.3333333333333333,1.3333333333333333,1.0,1.0,3,3,15.0,1.0,1.0,1.3333333333333333,1.6666666666666667,3,3,16.0
2014/15,2014-09-20,Aston Villa,Arsenal,2.5,2.5,1.0,0.25,4,4,7.0,1.5,1.5,1.75,1.5,4,4,7.0
2014/15,2014-09-20,Burnley,Sunderland,0.5,0.5,0.25,1.0,4,4,7.0,0.75,0.75,1.25,1.5,4,4,7.0
2014/15,2014-09-20,Newcastle,Hull,0.5,0.5,0.75,2.25,4,4,7.0,1.25,1.25,1.25,1.25,4,4,5.0
2014/15,2014-09-20,QPR,Stoke,0.75,0.75,0.25,2.25,4,4,6.0,1.0,1.0,0.5,0.75,4,4,7.0
2014/15,2014-09-20,Swansea,Southampton,2.25,2.25,2.0,1.25,4,4,7.0,1.75,1.75,2.0,0.75,4,4,7.0
2014/15,2014-09-20,West Ham,Liverpool,1.0,1.0,1.5,1.75,4,4,5.0,1.5,1.5,1.5,1.25,4,4,7.0
2014/15,2014-09-21,Everton,Crystal Palace,1.25,1.25,2.25,2.5,4,4,8.0,0.5,0.5,1.25,2.0,4,4,8.0
2014/15,2014-09-21,Leicester,Man United,1.25,1.25,1.0,1.25,4,4,8.0,1.25,1.25,1.5,0.75,4,4,7.0
2014/15,2014-09-21,Man City,Chelsea,1.75,1.75,1.75,1.0,4,4,8.0,3.0,3.0,3.75,1.5,4,4,8.0
2014/15,2014-09-21,Tottenham,West Brom,1.75,1.75,1.75,1.25,4,4,8.0,0.5,0.5,0.5,1.75,4,4,8.0
2014/15,2014-09-27,Arsenal,Tottenham,1.8,1.8,2.0,1.2,5,5,7.0,1.4,1.4,1.4,1.2,5,5,6.0
2014/15,2014-09-27,Chelsea,Aston Villa,2.6,2.6,3.2,1.4,5,5,6.0,2.0,2.0,0.8,0.8,5,5,7.0
2014/15,2014-09-27,Crystal Palace,Leicester,1.0,1.0,1.6,2.0,5,5,6.0,1.6,1.6,1.8,1.6,5,5,6.0
2014/15,2014-09-27,Hull,Man City,1.2,1.2,1.4,1.4,5,5,7.0,1.6,1.6,1.6,1.0,5,5,6.0
2014/15,2014-09-27,Liverpool,Everton,1.2,1.2,1.4,1.6,5,5,7.0,1.0,1.0,2.2,2.6,5,5,6.0
2014/15,2014-09-27,Man United,West Ham,1.0,1.0,1.8,1.6,5,5,6.0,1.4,1.4,1.8,1.6,5,5,7.0
2014/15,2014-09-27,Southampton,QPR,2.0,2.0,1.8,0.6,5,5,7.0,0.8,0.8,0.6,2.2,5,5,7.0
2014/15,2014-09-27,Sunderland,Swansea,0.8,0.8,1.0,1.2,5,5,7.0,1.8,1.8,1.6,1.2,5,5,7.0
2014/15,2014-09-28,West Brom,Burnley,1.0,1.0,0.6,1.4,5,5,7.0,0.6,0.6,0.2,0.8,5,5,8.0
2014/15,2014-09-29,Stoke,Newcastle,1.0,1.0,0.8,1.0,5,5,9.0,0.6,0.6,1.0,2.2,5,5,9.0
2014/15,2014-10-04,Aston Villa,Man City,1.4,1.6666666666666667,0.6,1.4,5,6,7.0,1.6,1.8333333333333333,2.0,1.4,5,6,7.0
2014/15,2014-10-04,Hull,Crystal Palace,0.6,1.0,1.6,2.2,5,6,7.0,1.6,1.3333333333333333,1.8,1.6,5,6,7.0
2014/15,2014-10-04,Leicester,Burnley,1.4,1.3333333333333333,1.4,1.6,5,6,7.0,0.6,0.5,0.0,1.0,5,6,6.0
2014/15,2014-10-04,Liverpool,West Brom,0.8,1.1666666666666667,1.2,1.6,5,6,7.0,1.4,1.3333333333333333,1.0,1.0,5,6,6.0
2014/15,2014-10-04,Sunderland,Stoke,0.8,0.8333333333333334,0.6,0.8,5,6,7.0,1.6,1.3333333333333333,1.0,0.8,5,6,5.0
2014/15,2014-10-04,Swansea,Newcastle,1.4,1.6666666666666667,1.2,1.0,5,6,7.0,0.6,0.5,1.0,2.0,5,6,5.0
2014/15,2014-10-05,Chelsea,Arsenal,2.6,2.6666666666666665,3.2,1.2,5,6,8.0,1.4,1.6666666666666667,1.8,1.2,5,6,8.0
2014/15,2014-10-05,Man United,Everton,1.6,1.3333333333333333,2.0,1.4,5,6,8.0,1.0,1.0,2.0,2.4,5,6,8.0
2014/15,2014-10-05,Tottenham,Southampton,1.0,1.3333333333333333,1.4,1.4,5,6,8.0,2.6,2.1666666666666665,2.0,0.4,5,6,8.0
2014/15,2014-10-05,West Ham,QPR,1.4,1.1666666666666667,2.0,1.8,5,6,8.0,0.8,0.6666666666666666,0.8,2.4,5,6,8.0
2014/15,2014-10-18,Arsenal,Hull,1.2,1.4285714285714286,1.4,1.2,5,7,13.0,1.0,1.2857142857142858,1.8,2.0,5,7,14.0
2014/15,2014-10-18,Burnley,West Ham,0.8,0.5714285714285714,0.4,1.2,5,7,14.0,1.4,1.4285714285714286,1.8,1.6,5,7,13.0
2014/15,2014-10-18,Crystal Palace,Chelsea,1.6,1.1428571428571428,1.6,1.4,5,7,14.0,2.6,2.7142857142857144,3.2,1.2,5,7,13.0
2014/15,2014-10-18,Everton,Aston Villa,0.8,0.8571428571428571,1.8,2.4,5,7,13.0,1.2,1.4285714285714286,0.6,1.8,5,7,14.0
2014/15,2014-10-18,Man City,Tottenham,1.6,2.0,1.8,1.2,5,7,14.0,1.0,1.5714285714285714,0.8,1.4,5,7,13.0
2014/15,2014-10-18,Newcastle,Leicester,0.6,0.5714285714285714,1.4,2.4,5,7,14.0,1.6,1.2857142857142858,1.8,1.6,5,7,14.0
2014/15,2014-10-18,Southampton,Sunderland,2.4,1.8571428571428572,2.0,0.6,5,7,13.0,1.2,1.1428571428571428,1.0,0.8,5,7,14.0
2014/15,2014-10-19,QPR,Liverpool,0.8,0.5714285714285714,0.8,2.0,5,7,14.0,1.4,1.4285714285714286,1.4,1.2,5,7,15.0
2014/15,2014-10-19,Stoke,Swansea,1.4,1.1428571428571428,1.0,1.2,5,7,15.0,1.0,1.5714285714285714,1.4,1.4,5,7,15.0
2014/15,2014-10-20,West Brom,Man United,1.2,1.1428571428571428,1.2,1.4,5,7,16.0,2.0,1.5714285714285714,2.2,1.4,5,7,15.0
2014/15,2014-10-25,Liverpool,Hull,1.4,1.625,1.4,1.6,5,8,6.0,1.2,1.25,2.0,2.0,5,8,7.0
2014/15,2014-10-25,Southampton,Stoke,2.4,2.0,3.0,0.4,5,8,7.0,1.4,1.375,1.2,1.4,5,8,6.0
2014/15,2014-10-25,Sunderland,Arsenal,1.2,1.0,1.0,2.2,5,8,7.0,1.2,1.375,1.6,1.4,5,8,7.0
2014/15,2014-10-25,Swansea,Leicester,0.4,1.375,1.0,1.8,5,8,6.0,1.4,1.125,1.6,1.6,5,8,7.0
2014/15,2014-10-25,West Brom,Crystal Palace,1.4,1.125,1.6,1.2,5,8,5.0,1.4,1.0,1.2,1.2,5,8,7.0
2014/15,2014-10-25,West Ham,Man City,2.0,1.625,2.2,1.2,5,8,7.0,2.2,2.125,2.6,1.2,5,8,7.0
2014/15,2014-10-26,Burnley,Everton,0.6,0.5,0.6,1.8,5,8,8.0,1.4,1.125,1.8,1.2,5,8,8.0
2014/15,2014-10-26,Man United,Chelsea,2.0,1.5,2.6,1.8,5,8,6.0,2.6,2.75,2.4,0.8,5,8,8.0
2014/15,2014-10-26,Tottenham,Newcastle,1.0,1.375,1.0,1.6,5,8,8.0,1.0,0.875,1.0,1.8,5,8,8.0
2014/15,2014-10-27,QPR,Aston Villa,0.2,0.5,1.0,2.6,5,8,8.0,0.6,1.25,0.2,2.2,5,8,9.0
2014/15,2014-11-01,Arsenal,Burnley,1.6,1.5555555555555556,1.6,1.0,5,9,7.0,0.4,0.4444444444444444,0.8,2.4,5,9,6.0
2014/15,2014-11-01,Chelsea,QPR,2.2,2.5555555555555554,1.8,0.6,5,9,6.0,0.8,0.7777777777777778,1.4,1.8,5,9,5.0
2014/15,2014-11-01,Everton,Swansea,1.4,1.3333333333333333,2.0,1.4,5,9,6.0,1.0,1.5555555555555556,1.0,1.0,5,9,7.0
2014/15,2014-11-01,Hull,Southampton,1.2,1.2222222222222223,1.6,1.6,5,9,7.0,2.4,2.111111111111111,2.4,0.4,5,9,7.0
2014/15,2014-11-01,Leicester,West Brom,0.8,1.0,1.4,2.0,5,9,7.0,1.6,1.1111111111111112,2.0,1.2,5,9,7.0
2014/15,2014-11-01,Newcastle,Liverpool,1.6,1.1111111111111112,1.4,1.2,5,9,6.0,1.6,1.5555555555555556,1.4,1.4,5,9,7.0
2014/15,2014-11-01,Stoke,West Ham,1.4,1.2222222222222223,1.2,1.4,5,9,7.0,2.4,1.7777777777777777,2.2,1.0,5,9,7.0
2014/15,2014-11-02,Aston Villa,Tottenham,0.0,1.1111111111111112,0.0,2.6,5,9,6.0,0.8,1.2222222222222223,0.8,1.6,5,9,7.0
2014/15,2014-11-02,Man City,Man United,2.0,1.8888888888888888,2.4,1.2,5,9,8.0,1.6,1.4444444444444444,2.0,2.0,5,9,7.0
2014/15,2014-11-03,Crystal Palace,Sunderland,1.4,1.0,1.6,1.6,5,9,9.0,1.0,0.8888888888888888,0.6,2.2,5,9,9.0
2014/15,2014-11-08,Burnley,Hull,0.2,0.4,0.8,3.0,5,10,7.0,1.0,1.1,1.2,1.4,5,10,7.0
2014/15,2014-11-08,Liverpool,Chelsea,1.6,1.4,1.2,1.0,5,10,7.0,2.6,2.6,2.0,0.6,5,10,7.0
2014/15,2014-11-08,Man United,Crystal Palace,1.6,1.3,1.4,1.2,5,10,6.0,0.8,0.9,1.2,1.8,5,10,5.0
2014/15,2014-11-08,QPR,Man City,0.6,0.7,1.2,1.8,5,10,7.0,2.4,2.0,2.4,1.0,5,10,6.0
2014/15,2014-11-08,Southampton,Leicester,2.4,2.2,2.4,0.4,5,10,7.0,0.2,0.9,0.4,1.6,5,10,7.0
2014/15,2014-11-08,West Ham,Aston Villa,2.0,1.7,2.0,1.2,5,10,7.0,0.0,1.0,0.2,2.4,5,10,6.0
2014/15,2014-11-09,Sunderland,Everton,1.4,1.1,1.2,2.4,5,10,6.0,1.6,1.3,1.6,0.8,5,10,8.0
2014/15,2014-11-09,Swansea,Arsenal,1.2,1.5,1.0,0.8,5,10,8.0,1.6,1.7,1.6,1.0,5,10,8.0
2014/15,2014-11-09,Tottenham,Stoke,1.4,1.4,1.2,1.6,5,10,7.0,1.4,1.2,1.2,1.4,5,10,8.0
2014/15,2014-11-09,West Brom,Newcastle,1.6,1.3,2.0,1.2,5,10,8.0,2.0,1.3,1.2,0.8,5,10,8.0
2014/15,2014-11-22,Arsenal,Man United,1.4,1.4,1.6,1.2,5,10,13.0,1.6,1.6,1.2,1.0,5,10,14.0
2014/15,2014-11-22,Chelsea,West Brom,2.6,2.6,1.8,0.8,5,10,14.0,1.0,1.2,1.2,1.6,5,10,13.0
2014/15,2014-11-22,Everton,West Ham,1.6,1.3,1.6,0.8,5,10,13.0,2.2,1.8,1.8,0.8,5,10,14.0
2014/15,2014-11-22,Leicester,Sunderland,0.2,0.8,0.4,1.6,5,10,14.0,1.4,1.1,1.4,2.6,5,10,13.0
2014/15,2014-11-22,Man City,Swansea,2.0,1.8,2.0,1.0,5,10,14.0,1.6,1.5,1.4,1.0,5,10,13.0
2014/15,2014-11-22,Newcastle,QPR,2.6,1.6,1.6,0.6,5,10,13.0,0.8,0.8,1.4,1.8,5,10,14.0
2014/15,2014-11-22,Stoke,Burnley,1.4,1.5,1.4,1.6,5,10,13.0,0.8,0.7,1.0,2.2,5,10,14.0
2014/15,2014-11-23,Crystal Palace,Liverpool,0.2,0.9,0.8,2.0,5,10,15.0,1.4,1.1,1.2,1.2,5,10,15.0
2014/15,2014-11-23,Hull,Tottenham,1.0,0.8,0.8,0.8,5,10,15.0,1.2,1.1,1.2,1.8,5,10,14.0
2014/15,2014-11-24,Aston Villa,Southampton,0.2,0.8,0.2,1.8,5,10,16.0,2.4,2.5,2.4,0.2,5,10,16.0
2014/15,2014-11-29,Burnley,Aston Villa,1.2,1.0,1.0,2.0,5,10,7.0,0.4,0.8,0.4,1.6,5,10,5.0
2014/15,2014-11-29,Liverpool,Stoke,0.8,1.1,1.0,1.6,5,10,6.0,1.4,1.4,1.4,1.4,5,10,7.0
2014/15,2014-11-29,Man United,Hull,1.6,1.8,1.2,1.0,5,10,7.0,0.4,0.7,0.6,1.2,5,10,6.0
2014/15,2014-11-29,QPR,Leicester,0.8,0.8,1.4,1.6,5,10,7.0,0.2,0.9,0.0,1.2,5,10,7.0
2014/15,2014-11-29,Sunderland,Chelsea,1.0,1.1,0.8,2.4,5,10,7.0,2.6,2.6,1.8,0.8,5,10,7.0
2014/15,2014-11-29,Swansea,Crystal Palace,1.4,1.2,1.2,1.0,5,10,7.0,0.8,1.2,1.4,1.8,5,10,6.0
2014/15,2014-11-29,West Brom,Arsenal,1.0,1.1,1.0,1.6,5,10,7.0,1.4,1.3,1.8,1.2,5,10,7.0
2014/15,2014-11-29,West Ham,Newcastle,1.6,1.5,1.6,1.2,5,10,7.0,3.0,1.8,1.4,0.2,5,10,7.0
2014/15,2014-11-30,Southampton,Man City,2.6,2.5,2.6,0.2,5,10,6.0,2.0,1.8,2.0,1.2,5,10,8.0
2014/15,2014-11-30,Tottenham,Everton,1.2,1.1,1.4,2.0,5,10,7.0,2.2,1.5,1.8,0.6,5,10,8.0
2014/15,2014-12-02,Burnley,Newcastle,1.4,1.0,1.0,1.6,5,10,3.0,2.4,1.7,1.2,0.4,5,10,3.0
2014/15,2014-12-02,Crystal Palace,Aston Villa,1.0,1.2,1.4,1.6,5,10,3.0,0.6,0.6,0.6,1.2,5,10,3.0
2014/15,2014-12-02,Leicester,Liverpool,0.2,0.8,0.4,1.6,5,10,3.0,0.8,1.1,0.6,1.2,5,10,3.0
2014/15,2014-12-02,Man United,Stoke,2.0,2.0,1.4,0.6,5,10,3.0,0.8,1.1,1.0,1.4,5,10,3.0
2014/15,2014-12-02,Swansea,QPR,1.6,1.0,1.2,0.8,5,10,3.0,1.4,0.8,1.6,1.4,5,10,3.0
2014/15,2014-12-02,West Brom,West Ham,0.8,1.1,0.6,1.4,5,10,3.0,1.6,1.8,1.2,1.0,5,10,3.0
2014/15,2014-12-03,Arsenal,Southampton,1.8,1.5,1.6,0.8,5,10,4.0,2.0,2.2,1.0,0.8,5,10,3.0
2014/15,2014-12-03,Chelsea,Tottenham,2.2,2.4,1.4,0.6,5,10,4.0,1.8,1.4,1.6,1.4,5,10,3.0
2014/15,2014-12-03,Everton,Hull,1.6,1.5,1.4,1.0,5,10,3.0,0.2,0.7,0.2,1.4,5,10,4.0
2014/15,2014-12-03,Sunderland,Man City,1.2,1.2,0.8,0.8,5,10,4.0,2.0,2.1,1.8,1.0,5,10,3.0
2014/15,2014-12-06,Hull,West Brom,0.2,0.7,0.4,1.6,5,10,3.0,0.6,1.1,0.4,1.4,5,10,4.0
2014/15,2014-12-06,Liverpool,Sunderland,1.2,1.4,1.2,1.4,5,10,4.0,1.2,1.1,1.0,1.2,5,10,3.0
2014/15,2014-12-06,Man City,Everton,2.6,2.3,2.4,0.8,5,10,3.0,1.2,1.3,1.0,1.0,5,10,3.0
2014/15,2014-12-06,Newcastle,Chelsea,2.0,1.8,1.0,0.4,5,10,4.0,2.6,2.4,1.8,0.4,5,10,3.0
2014/15,2014-12-06,QPR,Burnley,0.8,0.8,1.2,1.8,5,10,4.0,1.6,1.0,1.0,1.2,5,10,4.0
2014/15,2014-12-06,Stoke,Arsenal,0.8,1.1,1.2,1.6,5,10,4.0,1.8,1.7,1.4,0.8,5,10,3.0
2014/15,2014-12-06,Tottenham,Crystal Palace,1.8,1.3,1.4,1.6,5,10,3.0,0.8,1.1,1.0,1.4,5,10,4.0
2014/15,2014-12-07,Aston Villa,Leicester,1.2,0.6,0.8,0.8,5,10,5.0,0.2,0.5,0.6,1.8,5,10,5.0
2014/15,2014-12-07,West Ham,Swansea,1.6,2.0,1.2,1.0,5,10,5.0,1.6,1.3,1.2,0.8,5,10,5.0
2014/15,2014-12-08,Southampton,Man United,1.4,1.9,0.8,1.0,5,10,5.0,2.4,2.0,1.6,0.6,5,10,6.0
2014/15,2014-12-13,Arsenal,Newcastle,1.2,1.4,1.2,1.4,5,10,7.0,2.0,2.0,1.2,0.6,5,10,7.0
2014/15,2014-12-13,Burnley,Southampton,1.6,0.9,1.0,1.0,5,10,7.0,0.8,1.6,0.8,1.4,5,10,5.0
2014/15,2014-12-13,Chelsea,Hull,2.0,2.3,1.6,0.6,5,10,7.0,0.4,0.7,0.4,1.4,5,10,7.0
2014/15,2014-12-13,Crystal Palace,Stoke,1.0,0.9,0.8,0.8,5,10,7.0,1.2,1.3,1.4,1.6,5,10,7.0
2014/15,2014-12-13,Leicester,Man City,0.2,0.2,0.8,2.0,5,10,6.0,2.6,2.5,2.4,0.8,5,10,7.0
2014/15,2014-12-13,Sunderland,West Ham,0.8,1.1,0.4,1.0,5,10,7.0,2.0,2.0,1.4,0.8,5,10,6.0
2014/15,2014-12-13,West Brom,Aston Villa,0.2,0.9,0.2,1.4,5,10,7.0,1.8,0.9,1.0,0.6,5,10,6.0
2014/15,2014-12-14,Man United,Liverpool,3.0,2.3,2.0,0.6,5,10,6.0,1.4,1.5,1.2,1.2,5,10,8.0
2014/15,2014-12-14,Swansea,Tottenham,1.4,1.3,1.4,1.4,5,10,7.0,1.4,1.4,1.0,1.4,5,10,8.0
2014/15,2014-12-15,Everton,QPR,1.0,1.3,1.0,1.2,5,10,9.0,1.4,1.0,1.4,1.4,5,10,9.0
2014/15,2014-12-20,Aston Villa,Man United,1.6,0.9,1.0,0.8,5,10,7.0,3.0,2.3,2.4,0.6,5,10,6.0
2014/15,2014-12-20,Hull,Swansea,0.4,0.7,0.4,1.6,5,10,7.0,0.8,1.2,1.2,1.6,5,10,6.0
2014/15,2014-12-20,Man City,Crystal Palace,3.0,2.5,2.2,0.4,5,10,7.0,1.2,0.7,1.0,0.8,5,10,7.0
2014/15,2014-12-20,QPR,West Brom,1.2,1.0,1.2,1.6,5,10,5.0,0.8,0.9,0.4,1.0,5,10,7.0
2014/15,2014-12-20,Southampton,Everton,0.2,1.3,0.4,1.6,5,10,7.0,1.4,1.5,1.4,1.2,5,10,5.0
2014/15,2014-12-20,Tottenham,Burnley,2.0,1.6,1.2,1.2,5,10,6.0,1.6,1.2,1.0,1.0,5,10,7.0
2014/15,2014-12-20,West Ham,Leicester,2.0,2.1,1.6,1.0,5,10,7.0,0.2,0.2,0.8,1.8,5,10,7.0
2014/15,2014-12-21,Liverpool,Arsenal,1.4,1.4,1.0,1.4,5,10,7.0,1.8,1.6,1.8,1.2,5,10,8.0
2014/15,2014-12-21,Newcastle,Sunderland,1.4,2.0,1.0,1.4,5,10,8.0,0.8,1.1,0.4,1.0,5,10,8.0
2014/15,2014-12-22,Stoke,Chelsea,0.8,1.1,1.2,1.6,5,10,9.0,2.0,2.3,1.6,0.4,5,10,9.0
2014/15,2014-12-26,Arsenal,QPR,2.0,1.7,2.0,1.2,5,10,5.0,1.8,1.3,1.8,1.8,5,10,6.0
2014/15,2014-12-26,Burnley,Liverpool,1.0,1.1,0.8,1.2,5,10,6.0,1.6,1.2,1.2,1.2,5,10,5.0
2014/15,2014-12-26,Chelsea,West Ham,2.0,2.3,1.6,0.4,5,10,4.0,2.6,2.1,1.8,0.6,5,10,6.0
2014/15,2014-12-26,Crystal Palace,Southampton,0.6,0.7,0.4,1.2,5,10,6.0,0.6,1.6,0.8,1.4,5,10,6.0
2014/15,2014-12-26,Everton,Stoke,0.8,1.5,1.0,1.6,5,10,6.0,0.8,1.1,1.0,1.6,5,10,4.0
2014/15,2014-12-26,Leicester,Tottenham,0.0,0.1,0.8,2.2,5,10,6.0,2.0,1.6,1.2,1.2,5,10,6.0
2014/15,2014-12-26,Man United,Newcastle,2.6,2.1,2.2,0.6,5,10,6.0,0.8,1.9,0.8,1.6,5,10,5.0
2014/15,2014-12-26,Sunderland,Hull,1.2,1.1,0.6,1.0,5,10,5.0,0.4,0.4,0.2,1.4,5,10,6.0
2014/15,2014-12-26,Swansea,Aston Villa,1.4,1.4,1.2,1.2,5,10,6.0,1.6,1.0,1.0,0.8,5,10,6.0
2014/15,2014-12-26,West Brom,Man City,0.8,0.9,0.8,1.2,5,10,6.0,3.0,2.5,2.4,0.2,5,10,6.0
2014/15,2014-12-28,Aston Villa,Sunderland,1.4,1.0,0.8,0.8,5,10,2.0,1.0,1.1,0.8,1.6,5,10,2.0
2014/15,2014-12-28,Hull,Leicester,1.0,0.6,0.8,1.0,5,10,2.0,0.0,0.1,0.6,2.0,5,10,2.0
2014/15,2014-12-28,Man City,Burnley,3.0,2.5,2.4,0.4,5,10,2.0,0.8,1.1,0.6,1.2,5,10,2.0
2014/15,2014-12-28,Newcastle,Everton,0.8,1.6,1.0,2.0,5,10,2.0,0.8,1.2,0.8,1.4,5,10,2.0
2014/15,2014-12-28,QPR,Crystal Palace,1.2,1.3,1.4,1.8,5,10,2.0,0.4,0.7,0.4,1.6,5,10,2.0
2014/15,2014-12-28,Southampton,Chelsea,1.2,1.6,1.4,1.0,5,10,2.0,2.4,2.3,2.0,0.4,5,10,2.0
2014/15,2014-12-28,Stoke,West Brom,1.4,1.1,1.2,1.4,5,10,2.0,0.8,0.8,1.0,1.6,5,10,2.0
2014/15,2014-12-28,Tottenham,Man United,2.0,1.9,1.2,1.2,5,10,2.0,2.6,2.3,2.2,0.8,5,10,2.0
2014/15,2014-12-28,West Ham,Arsenal,2.0,1.8,1.6,1.0,5,10,2.0,2.0,1.9,2.2,1.4,5,10,2.0
2014/15,2014-12-29,Liverpool,Swansea,1.6,1.2,1.2,1.2,5,10,3.0,1.8,1.7,1.2,1.0,5,10,3.0
2014/15,2015-01-01,Aston Villa,Crystal Palace,1.0,1.1,0.6,0.8,5,10,4.0,0.6,0.7,0.4,1.4,5,10,4.0
2014/15,2015-01-01,Hull,Everton,0.8,0.5,0.6,1.0,5,10,4.0,0.6,0.9,1.0,1.8,5,10,4.0
2014/15,2015-01-01,Liverpool,Leicester,1.6,1.4,1.4,1.2,5,10,3.0,0.6,0.4,0.6,1.4,5,10,4.0
2014/15,2015-01-01,Man City,Sunderland,2.6,2.6,2.0,0.6,5,10,4.0,1.2,1.2,0.6,0.8,5,10,4.0
2014/15,2015-01-01,Newcastle,Burnley,1.2,1.6,1.4,2.2,5,10,4.0,0.8,1.2,0.8,1.4,5,10,4.0
2014/15,2015-01-01,QPR,Swansea,1.4,1.1,1.4,1.4,5,10,4.0,1.2,1.4,1.0,1.8,5,10,3.0
2014/15,2015-01-01,Southampton,Arsenal,1.4,1.4,1.6,1.0,5,10,4.0,2.0,1.9,2.4,1.6,5,10,4.0
2014/15,2015-01-01,Stoke,Man United,2.0,1.4,1.4,1.0,5,10,4.0,2.2,2.3,1.8,0.6,5,10,4.0
2014/15,2015-01-01,Tottenham,Chelsea,2.2,2.0,1.2,0.6,5,10,4.0,2.0,2.3,1.6,0.6,5,10,4.0
2014/15,2015-01-01,West Ham,West Brom,1.4,1.5,1.4,1.2,5,10,4.0,0.8,0.7,0.8,1.6,5,10,4.0
2014/15,2015-01-10,Burnley,QPR,1.0,1.3,1.4,1.6,5,10,9.0,1.0,1.2,1.2,1.6,5,10,9.0
2014/15,2015-01-10,Chelsea,Newcastle,2.0,2.0,2.0,1.2,5,10,9.0,0.8,1.4,1.6,2.6,5,10,9.0
2014/15,2015-01-10,Crystal Palace,Tottenham,0.6,0.8,0.4,1.4,5,10,9.0,2.6,2.0,2.2,1.2,5,10,9.0
2014/15,2015-01-10,Everton,Man City,0.6,0.8,1.0,2.0,5,10,9.0,2.6,2.6,2.4,1.0,5,10,9.0
2014/15,2015-01-10,Leicester,Aston Villa,0.8,0.5,0.8,1.4,5,10,9.0,0.6,1.2,0.2,0.6,5,10,9.0
2014/15,2015-01-10,Sunderland,Liverpool,1.0,0.9,1.0,1.4,5,10,9.0,1.6,1.5,1.8,1.6,5,10,9.0
2014/15,2015-01-10,Swansea,West Ham,1.4,1.4,1.0,1.4,5,10,9.0,1.0,1.5,1.0,1.2,5,10,9.0
2014/15,2015-01-10,West Brom,Hull,0.8,0.5,1.0,1.8,5,10,9.0,1.2,0.8,1.0,1.0,5,10,9.0
2014/15,2015-01-11,Arsenal,Stoke,2.0,1.6,2.0,1.4,5,10,10.0,1.6,1.4,1.0,0.8,5,10,10.0
2014/15,2015-01-11,Man United,Southampton,1.8,2.4,1.6,0.6,5,10,10.0,2.0,1.4,1.8,0.6,5,10,10.0
2014/15,2015-01-17,Aston Villa,Liverpool,0.6,1.1,0.2,0.6,5,10,7.0,2.2,1.8,2.0,1.0,5,10,7.0
2014/15,2015-01-17,Burnley,Crystal Palace,1.0,1.3,1.6,1.8,5,10,7.0,1.0,1.1,0.6,1.4,5,10,7.0
2014/15,2015-01-17,Leicester,Stoke,1.4,0.8,1.0,1.2,5,10,7.0,1.4,1.1,0.8,1.2,5,10,6.0
2014/15,2015-01-17,Newcastle,Southampton,0.8,1.1,1.4,2.2,5,10,7.0,2.6,1.4,2.0,0.4,5,10,6.0
2014/15,2015-01-17,QPR,Man United,1.0,1.1,1.2,1.4,5,10,7.0,1.2,2.1,1.0,0.8,5,10,6.0
2014/15,2015-01-17,Swansea,Chelsea,1.6,1.2,1.0,1.2,5,10,7.0,2.0,2.0,2.0,1.2,5,10,7.0
2014/15,2015-01-17,Tottenham,Sunderland,2.0,2.0,2.0,1.4,5,10,7.0,0.8,0.8,0.8,1.4,5,10,7.0
2014/15,2015-01-18,Man City,Arsenal,2.2,2.6,2.4,1.2,5,10,8.0,2.0,1.9,1.8,1.2,5,10,7.0
2014/15,2015-01-18,West Ham,Hull,1.0,1.5,1.0,1.2,5,10,8.0,1.2,0.8,1.0,0.8,5,10,8.0
2014/15,2015-01-19,Everton,West Brom,0.2,0.8,0.6,2.0,5,10,9.0,0.8,0.8,1.0,1.8,5,10,9.0
2014/15,2015-01-31,Chelsea,Man City,2.0,2.0,2.6,1.2,5,10,14.0,1.6,2.3,1.8,1.6,5,10,13.0
2014/15,2015-01-31,Crystal Palace,Everton,1.6,1.1,1.2,1.2,5,10,14.0,0.4,0.6,0.6,1.4,5,10,12.0
2014/15,2015-01-31,Hull,Newcastle,1.2,0.8,1.0,1.2,5,10,13.0,0.8,0.8,1.6,2.4,5,10,14.0
2014/15,2015-01-31,Liverpool,West Ham,2.6,2.1,2.0,0.6,5,10,14.0,1.0,1.8,1.2,1.2,5,10,13.0
2014/15,2015-01-31,Man United,Leicester,1.6,2.1,1.2,0.6,5,10,14.0,1.4,0.7,1.0,1.0,5,10,14.0
2014/15,2015-01-31,Stoke,QPR,2.0,1.4,1.0,0.8,5,10,14.0,0.4,1.1,0.6,1.4,5,10,14.0
2014/15,2015-01-31,Sunderland,Burnley,0.2,0.7,0.8,1.8,5,10,14.0,1.0,1.0,1.8,2.0,5,10,14.0
2014/15,2015-01-31,West Brom,Tottenham,1.0,0.9,0.6,1.2,5,10,12.0,2.0,2.0,2.0,1.4,5,10,14.0
2014/15,2015-02-01,Arsenal,Aston Villa,2.4,2.2,1.8,0.8,5,10,14.0,0.4,1.0,0.0,0.8,5,10,15.0
2014/15,2015-02-01,Southampton,Swansea,2.6,1.6,1.8,0.6,5,10,15.0,1.0,1.2,0.8,2.2,5,10,15.0
2014/15,2015-02-07,Aston Villa,Chelsea,0.4,0.9,0.0,1.6,5,10,6.0,1.6,2.0,2.4,1.4,5,10,7.0
2014/15,2015-02-07,Everton,Liverpool,1.0,0.9,0.8,1.2,5,10,7.0,2.6,2.1,2.2,0.6,5,10,7.0
2014/15,2015-02-07,Leicester,Crystal Palace,1.4,0.7,1.0,1.2,5,10,7.0,1.6,1.0,1.0,0.8,5,10,7.0
2014/15,2015-02-07,Man City,Hull,1.2,2.1,1.4,1.6,5,10,7.0,0.6,0.8,0.4,1.6,5,10,7.0
2014/15,2015-02-07,QPR,Southampton,0.4,0.8,0.6,1.6,5,10,7.0,2.0,1.6,1.2,0.6,5,10,6.0
2014/15,2015-02-07,Swansea,Sunderland,1.0,1.4,0.8,2.2,5,10,6.0,0.8,0.9,1.0,1.2,5,10,7.0
2014/15,2015-02-07,Tottenham,Arsenal,2.0,2.0,2.2,1.2,5,10,7.0,2.4,2.2,2.4,0.6,5,10,6.0
2014/15,2015-02-08,Burnley,West Brom,1.0,0.9,1.8,2.2,5,10,8.0,1.0,0.9,0.4,1.2,5,10,8.0
2014/15,2015-02-08,Newcastle,Stoke,1.4,1.1,2.0,1.8,5,10,8.0,2.0,1.7,1.4,1.0,5,10,8.0
2014/15,2015-02-08,West Ham,Man United,1.0,1.5,1.2,1.2,5,10,8.0,1.6,2.1,1.2,0.6,5,10,8.0
2014/15,2015-02-10,Arsenal,Leicester,1.8,1.9,2.2,0.8,5,10,3.0,0.8,0.7,0.8,1.4,5,10,3.0
2014/15,2015-02-10,Hull,Aston Villa,0.8,0.8,0.6,1.6,5,10,3.0,0.2,0.6,0.2,2.0,5,10,3.0
2014/15,2015-02-10,Liverpool,Tottenham,2.2,1.9,1.4,0.4,5,10,3.0,2.4,2.3,2.6,1.4,5,10,3.0
2014/15,2015-02-10,Sunderland,QPR,0.8,1.0,1.2,1.4,5,10,3.0,0.2,0.8,0.6,1.8,5,10,3.0
2014/15,2015-02-11,Chelsea,Everton,2.0,2.0,2.6,1.4,5,10,4.0,1.2,0.9,0.4,0.6,5,10,4.0
2014/15,2015-02-11,Crystal Palace,Newcastle,2.0,1.3,1.2,0.8,5,10,4.0,1.0,1.1,1.6,1.6,5,10,3.0
2014/15,2015-02-11,Man United,Burnley,1.6,1.9,1.4,0.8,5,10,3.0,1.0,0.9,1.8,2.2,5,10,3.0
2014/15,2015-02-11,Southampton,West Ham,2.4,1.9,1.2,0.4,5,10,4.0,1.2,1.3,1.2,1.0,5,10,3.0
2014/15,2015-02-11,Stoke,Man City,1.6,1.8,1.2,1.2,5,10,3.0,1.2,1.9,1.2,1.4,5,10,4.0
2014/15,2015-02-11,West Brom,Swansea,1.2,1.0,0.8,1.2,5,10,3.0,1.2,1.2,0.8,1.6,5,10,4.0
2014/15,2015-02-21,Aston Villa,Stoke,0.0,0.3,0.2,2.4,5,10,11.0,1.4,1.5,1.2,1.8,5,10,10.0
2014/15,2015-02-21,Chelsea,Burnley,2.6,2.3,2.2,0.4,5,10,10.0,0.8,0.9,1.4,2.2,5,10,10.0
2014/15,2015-02-21,Crystal Palace,Arsenal,2.0,1.3,1.4,1.0,5,10,10.0,2.4,2.2,2.6,0.6,5,10,11.0
2014/15,2015-02-21,Hull,QPR,0.8,1.0,0.6,1.6,5,10,11.0,0.6,0.8,0.8,1.6,5,10,11.0
2014/15,2015-02-21,Man City,Newcastle,1.2,1.9,1.4,1.2,5,10,10.0,1.0,0.9,1.2,1.2,5,10,10.0
2014/15,2015-02-21,Sunderland,West Brom,0.8,0.9,0.8,1.2,5,10,11.0,1.6,1.2,1.0,1.0,5,10,10.0
2014/15,2015-02-21,Swansea,Man United,1.0,1.2,0.6,1.8,5,10,10.0,2.0,1.9,1.8,0.8,5,10,10.0
2014/15,2015-02-22,Everton,Leicester,1.2,0.9,0.4,0.4,5,10,11.0,0.6,0.7,0.6,1.4,5,10,12.0
2014/15,2015-02-22,Southampton,Liverpool,2.0,2.0,0.8,0.4,5,10,11.0,2.6,2.1,1.6,0.4,5,10,12.0
2014/15,2015-02-22,Tottenham,West Ham,1.8,2.2,2.0,1.4,5,10,12.0,1.2,1.1,1.0,0.8,5,10,11.0
2014/15,2015-02-28,Burnley,Swansea,0.4,0.7,1.2,2.2,5,10,7.0,1.4,1.5,0.8,1.8,5,10,7.0
2014/15,2015-02-28,Man United,Sunderland,2.0,1.6,2.0,1.0,5,10,7.0,1.0,0.9,0.8,1.0,5,10,7.0
2014/15,2015-02-28,Newcastle,Aston Villa,1.0,0.9,1.2,1.8,5,10,7.0,0.0,0.3,0.4,2.6,5,10,7.0
2014/15,2015-02-28,Stoke,Hull,2.0,1.7,1.6,1.4,5,10,7.0,1.4,1.3,1.0,1.6,5,10,7.0
2014/15,2015-02-28,West Brom,Southampton,1.2,1.0,0.8,1.0,5,10,7.0,1.4,2.0,0.6,0.8,5,10,6.0
2014/15,2015-02-28,West Ham,Crystal Palace,1.2,1.1,1.2,1.0,5,10,6.0,1.4,1.2,1.2,1.2,5,10,7.0
2014/15,2015-03-01,Arsenal,Everton,2.4,2.2,2.4,0.8,5,10,8.0,1.2,0.7,0.6,0.6,5,10,7.0
2014/15,2015-03-01,Liverpool,Man City,2.6,2.4,1.8,0.4,5,10,7.0,1.6,1.9,2.2,1.0,5,10,8.0
2014/15,2015-03-03,Aston Villa,West Brom,0.0,0.2,0.4,2.4,5,10,3.0,1.6,1.3,1.0,1.0,5,10,3.0
2014/15,2015-03-03,Hull,Sunderland,1.4,1.3,1.0,1.2,5,10,3.0,1.0,0.6,0.6,1.0,5,10,3.0
2014/15,2015-03-03,Southampton,Crystal Palace,0.8,1.7,0.2,0.8,5,10,3.0,1.4,1.5,1.2,1.0,5,10,3.0
2014/15,2015-03-04,Liverpool,Burnley,2.6,2.6,1.8,0.6,5,10,3.0,0.4,0.7,0.8,1.8,5,10,4.0
2014/15,2015-03-04,Man City,Leicester,1.6,1.6,2.4,1.0,5,10,3.0,0.2,0.8,0.8,1.8,5,10,10.0
2014/15,2015-03-04,Newcastle,Man United,1.6,1.2,1.2,1.4,5,10,4.0,2.0,1.8,2.0,1.0,5,10,4.0
2014/15,2015-03-04,QPR,Arsenal,0.6,0.8,0.8,1.6,5,10,11.0,2.4,2.4,2.4,0.8,5,10,3.0
2014/15,2015-03-04,Stoke,Everton,2.0,2.0,1.6,1.4,5,10,4.0,1.0,0.7,0.6,1.0,5,10,3.0
2014/15,2015-03-04,Tottenham,Swansea,2.0,2.0,2.2,1.4,5,10,10.0,2.0,1.5,1.0,0.8,5,10,4.0
2014/15,2015-03-04,West Ham,Chelsea,0.6,0.8,0.8,1.6,5,10,4.0,2.2,2.1,2.0,0.6,5,10,11.0
2014/15,2015-03-07,QPR,Tottenham,0.6,0.5,1.0,1.6,5,10,3.0,2.0,2.0,2.4,1.6,5,10,3.0
2014/15,2015-03-14,Arsenal,West Ham,2.4,2.4,1.8,1.0,5,10,10.0,0.6,0.8,0.8,1.4,5,10,10.0
2014/15,2015-03-14,Burnley,Man City,0.4,0.7,0.8,1.8,5,10,10.0,2.0,1.6,2.6,0.8,5,10,10.0
2014/15,2015-03-14,Crystal Palace,QPR,1.4,1.5,1.2,1.0,5,10,11.0,0.6,0.5,1.0,1.4,5,10,7.0
2014/15,2015-03-14,Leicester,Hull,0.2,0.8,0.8,2.0,5,10,10.0,1.6,1.1,1.2,0.8,5,10,11.0
2014/15,2015-03-14,Sunderland,Aston Villa,0.6,0.7,0.4,1.2,5,10,11.0,0.6,0.5,0.8,1.6,5,10,11.0
2014/15,2015-03-14,West Brom,Stoke,1.6,1.3,1.2,0.8,5,10,11.0,2.0,2.0,1.4,1.2,5,10,10.0
2014/15,2015-03-15,Chelsea,Southampton,2.2,2.1,1.2,0.6,5,10,11.0,1.4,1.7,0.4,0.6,5,10,12.0
2014/15,2015-03-15,Everton,Newcastle,0.4,0.7,0.4,1.4,5,10,11.0,1.0,1.2,0.6,1.6,5,10,11.0
2014/15,2015-03-15,Man United,Tottenham,2.0,1.8,1.6,0.8,5,10,11.0,2.0,2.0,2.2,1.8,5,10,8.0
2014/15,2015-03-16,Swansea,Liverpool,1.4,1.2,1.2,1.4,5,10,12.0,2.6,2.6,1.8,0.6,5,10,12.0
2014/15,2015-03-21,Aston Villa,Swansea,1.2,0.7,1.4,1.2,5,10,7.0,1.2,1.2,1.0,1.4,5,10,5.0
2014/15,2015-03-21,Man City,West Brom,1.8,1.5,2.4,0.8,5,10,7.0,2.0,1.6,1.0,0.4,5,10,7.0
2014/15,2015-03-21,Newcastle,Arsenal,0.8,0.9,0.4,2.0,5,10,6.0,3.0,2.4,2.2,0.6,5,10,7.0
2014/15,2015-03-21,Southampton,Burnley,1.0,1.7,0.4,0.8,5,10,6.0,0.8,0.9,0.6,1.4,5,10,7.0
2014/15,2015-03-21,Stoke,Crystal Palace,1.8,1.7,1.2,1.2,5,10,7.0,1.4,1.7,1.6,1.2,5,10,7.0
2014/15,2015-03-21,Tottenham,Leicester,1.4,1.9,1.8,2.2,5,10,6.0,0.4,0.9,0.6,1.4,5,10,7.0
2014/15,2015-03-21,West Ham,Sunderland,0.4,0.8,0.6,1.8,5,10,7.0,0.4,0.6,0.2,1.8,5,10,7.0
2014/15,2015-03-22,Hull,Chelsea,1.6,1.2,1.0,0.6,5,10,8.0,2.2,1.9,1.2,0.6,5,10,7.0
2014/15,2015-03-22,Liverpool,Man United,3.0,2.6,2.0,0.6,5,10,6.0,2.4,2.0,2.0,0.6,5,10,7.0
2014/15,2015-03-22,QPR,Everton,0.6,0.4,1.2,1.8,5,10,8.0,0.8,1.0,1.0,1.4,5,10,7.0
2014/15,2015-04-04,Arsenal,Liverpool,3.0,2.7,2.2,0.6,5,10,14.0,2.4,2.5,1.6,0.6,5,10,13.0
2014/15,2015-04-04,Chelsea,Stoke,2.2,2.1,1.4,0.8,5,10,13.0,1.8,1.6,1.2,0.8,5,10,14.0
2014/15,2015-04-04,Everton,Southampton,1.4,1.3,1.4,1.4,5,10,13.0,1.4,1.7,0.8,0.8,5,10,14.0
2014/15,2015-04-04,Leicester,West Ham,0.4,0.6,1.2,2.0,5,10,14.0,0.8,1.0,0.8,1.8,5,10,14.0
2014/15,2015-04-04,Man United,Aston Villa,2.4,2.2,1.8,0.6,5,10,13.0,1.2,0.6,1.4,1.0,5,10,14.0
2014/15,2015-04-04,Swansea,Hull,1.8,1.4,1.2,1.0,5,10,14.0,1.0,0.9,1.0,1.2,5,10,13.0
2014/15,2015-04-04,West Brom,QPR,1.4,1.5,0.6,1.0,5,10,14.0,0.0,0.3,1.0,2.2,5,10,13.0
2014/15,2015-04-05,Burnley,Tottenham,0.8,0.8,0.4,1.2,5,10,15.0,2.0,1.9,2.2,2.2,5,10,15.0
2014/15,2015-04-05,Sunderland,Newcastle,0.4,0.6,0.2,1.6,5,10,15.0,0.6,0.8,0.4,2.2,5,10,15.0
2014/15,2015-04-06,Crystal Palace,Man City,1.8,1.9,1.8,1.2,5,10,16.0,1.8,1.5,2.2,0.6,5,10,16.0
2014/15,2015-04-07,Aston Villa,QPR,1.2,0.6,1.4,1.2,5,10,3.0,0.6,0.6,1.6,2.0,5,10,3.0
2014/15,2015-04-11,Burnley,Arsenal,0.8,0.6,0.2,1.0,5,10,6.0,3.0,2.7,2.6,0.6,5,10,7.0
2014/15,2015-04-11,Southampton,Hull,1.4,1.4,0.8,0.6,5,10,7.0,0.4,0.9,0.8,1.6,5,10,7.0
2014/15,2015-04-11,Sunderland,Crystal Palace,0.8,0.9,0.4,1.6,5,10,6.0,2.4,1.9,2.0,1.0,5,10,5.0
2014/15,2015-04-11,Swansea,Everton,1.8,1.6,1.4,1.0,5,10,7.0,1.8,1.5,1.2,1.0,5,10,7.0
2014/15,2015-04-11,Tottenham,Aston Villa,2.0,2.0,1.8,1.8,5,10,6.0,1.4,0.7,2.0,1.6,5,10,4.0
2014/15,2015-04-11,West Brom,Leicester,1.2,1.2,0.8,1.8,5,10,7.0,1.0,0.8,1.4,1.8,5,10,7.0
2014/15,2015-04-11,West Ham,Stoke,0.6,0.9,0.6,1.8,5,10,7.0,1.2,1.6,1.0,1.0,5,10,7.0
2014/15,2015-04-12,Man United,Man City,3.0,2.5,2.2,0.4,5,10,8.0,1.2,1.4,1.4,1.0,5,10,6.0
2014/15,2015-04-12,QPR,Chelsea,0.8,0.7,2.0,2.2,5,10,5.0,2.2,2.4,1.6,1.0,5,10,8.0
2014/15,2015-04-13,Liverpool,Newcastle,1.8,2.2,1.4,1.4,5,10,9.0,0.6,0.8,0.4,1.4,5,10,8.0
2014/15,2015-04-18,Chelsea,Man United,2.6,2.4,1.6,0.8,5,10,6.0,3.0,2.5,2.6,0.8,5,10,6.0
2014/15,2015-04-18,Crystal Palace,West Brom,2.4,1.9,2.2,1.0,5,10,7.0,0.6,1.1,1.0,2.4,5,10,7.0
2014/15,2015-04-18,Everton,Burnley,2.0,1.5,1.4,0.8,5,10,7.0,0.8,0.6,0.2,1.0,5,10,7.0
2014/15,2015-04-18,Leicester,Swansea,1.4,0.8,1.6,1.8,5,10,7.0,1.4,1.7,1.4,1.2,5,10,7.0
2014/15,2015-04-18,Stoke,Southampton,0.8,1.4,1.0,1.2,5,10,7.0,2.0,1.4,1.2,0.4,5,10,7.0
2014/15,2015-04-19,Man City,West Ham,1.2,1.4,1.6,1.4,5,10,7.0,0.8,0.7,0.6,1.4,5,10,8.0
2014/15,2015-04-19,Newcastle,Tottenham,0.0,0.8,0.2,1.8,5,10,6.0,1.4,1.7,1.2,1.6,5,10,8.0
2014/15,2015-04-25,Burnley,Leicester,0.8,0.6,0.2,0.8,5,10,7.0,2.0,1.1,2.0,1.4,5,10,7.0
2014/15,2015-04-25,Crystal Palace,Hull,2.4,1.9,2.2,1.2,5,10,7.0,0.4,0.9,0.8,1.8,5,10,14.0
2014/15,2015-04-25,Man City,Aston Villa,1.2,1.6,1.6,1.4,5,10,6.0,1.4,1.0,1.8,1.4,5,10,14.0
2014/15,2015-04-25,Newcastle,Swansea,0.0,0.5,0.4,2.2,5,10,6.0,1.4,1.4,1.0,1.0,5,10,7.0
2014/15,2015-04-25,QPR,West Ham,0.8,0.7,1.8,2.0,5,10,13.0,0.8,0.7,0.6,1.6,5,10,6.0
2014/15,2015-04-25,Southampton,Tottenham,1.4,1.4,1.2,0.8,5,10,7.0,1.4,1.7,1.4,1.6,5,10,6.0
2014/15,2015-04-25,Stoke,Sunderland,0.8,1.4,1.0,1.4,5,10,7.0,0.8,0.9,0.6,2.0,5,10,14.0
2014/15,2015-04-25,West Brom,Liverpool,1.2,1.4,1.2,2.0,5,10,7.0,1.8,2.2,1.4,1.2,5,10,12.0
2014/15,2015-04-26,Arsenal,Chelsea,3.0,2.7,2.4,0.6,5,10,15.0,2.6,2.4,1.6,0.8,5,10,8.0
2014/15,2015-04-26,Everton,Man United,2.6,1.5,1.6,0.4,5,10,8.0,2.4,2.2,2.4,1.0,5,10,8.0
2014/15,2015-04-28,Hull,Liverpool,0.8,1.2,1.0,1.6,5,10,3.0,1.4,2.0,1.0,1.2,5,10,3.0
2014/15,2015-04-29,Leicester,Chelsea,2.4,1.4,2.2,1.4,5,10,4.0,2.6,2.4,1.4,0.6,5,10,3.0
2014/15,2015-05-02,Aston Villa,Everton,0.8,1.0,1.4,2.0,5,10,7.0,2.6,1.7,1.6,0.4,5,10,6.0
2014/15,2015-05-02,Leicester,Newcastle,2.4,1.4,1.8,1.2,5,10,3.0,0.0,0.4,0.8,2.2,5,10,7.0
2014/15,2015-05-02,Liverpool,QPR,0.8,1.9,0.8,1.4,5,10,4.0,1.0,0.8,1.6,1.4,5,10,7.0
2014/15,2015-05-02,Man United,West Brom,1.8,2.1,1.8,1.6,5,10,6.0,0.8,1.4,1.0,2.0,5,10,7.0
2014/15,2015-05-02,Sunderland,Southampton,0.8,0.7,0.6,2.0,5,10,7.0,1.4,1.2,1.4,1.0,5,10,7.0
2014/15,2015-05-02,Swansea,Stoke,2.0,1.6,1.6,1.2,5,10,7.0,1.0,1.4,1.2,1.4,5,10,7.0
2014/15,2015-05-02,West Ham,Burnley,1.0,0.7,0.6,1.0,5,10,7.0,0.2,0.5,0.0,1.0,5,10,7.0
2014/15,2015-05-03,Chelsea,Crystal Palace,2.6,2.4,1.4,0.4,5,10,4.0,1.8,1.6,1.6,1.4,5,10,8.0
2014/15,2015-05-03,Tottenham,Man City,1.6,1.5,1.8,1.4,5,10,8.0,1.8,1.8,2.2,1.6,5,10,8.0
2014/15,2015-05-04,Hull,Arsenal,1.2,1.4,1.2,1.6,5,10,6.0,2.6,2.5,2.0,0.4,5,10,8.0
2014/15,2015-05-09,Aston Villa,West Ham,1.4,1.3,2.0,2.2,5,10,7.0,1.0,0.9,0.6,1.0,5,10,7.0
2014/15,2015-05-09,Crystal Palace,Man United,1.2,1.5,1.2,1.4,5,10,6.0,1.2,1.8,1.4,1.6,5,10,7.0
2014/15,2015-05-09,Everton,Sunderland,2.0,1.7,1.6,0.8,5,10,7.0,1.4,0.9,1.0,1.4,5,10,7.0
2014/15,2015-05-09,Hull,Burnley,1.2,1.1,1.0,1.6,5,10,5.0,0.2,0.5,0.0,0.8,5,10,7.0
2014/15,2015-05-09,Leicester,Southampton,2.4,1.7,2.0,1.0,5,10,7.0,0.8,1.1,1.2,1.4,5,10,7.0
2014/15,2015-05-09,Newcastle,West Brom,0.0,0.3,0.6,2.4,5,10,7.0,1.4,1.4,1.2,1.4,5,10,7.0
2014/15,2015-05-09,Stoke,Tottenham,1.0,1.4,1.0,1.4,5,10,7.0,1.0,1.5,1.0,1.0,5,10,6.0
2014/15,2015-05-10,Chelsea,Liverpool,2.6,2.4,1.2,0.2,5,10,7.0,1.4,1.9,1.0,1.2,5,10,8.0
2014/15,2015-05-10,Man City,QPR,1.8,1.8,1.8,1.6,5,10,7.0,1.0,0.5,1.6,1.4,5,10,8.0
2014/15,2015-05-11,Arsenal,Swansea,2.6,2.8,2.0,0.6,5,10,7.0,2.0,1.9,1.8,1.2,5,10,9.0
2014/15,2015-05-16,Burnley,Stoke,0.6,0.7,0.2,0.8,5,10,7.0,1.6,1.4,1.4,1.0,5,10,7.0
2014/15,2015-05-16,Liverpool,Crystal Palace,1.6,1.7,1.0,0.6,5,10,6.0,0.6,1.5,1.0,1.6,5,10,7.0
2014/15,2015-05-16,QPR,Newcastle,0.4,0.5,0.8,2.4,5,10,6.0,0.2,0.4,0.8,2.4,5,10,7.0
2014/15,2015-05-16,Southampton,Aston Villa,0.8,1.1,1.2,1.6,5,10,7.0,2.0,1.6,2.0,1.6,5,10,7.0
2014/15,2015-05-16,Sunderland,Leicester,2.0,1.2,1.4,1.2,5,10,7.0,2.4,1.9,1.8,0.6,5,10,7.0
2014/15,2015-05-16,Tottenham,Hull,0.8,1.4,1.0,1.6,5,10,7.0,1.2,0.8,0.8,1.2,5,10,7.0
2014/15,2015-05-16,West Ham,Everton,1.0,0.8,0.4,0.8,5,10,7.0,1.4,1.6,1.4,1.2,5,10,7.0
2014/15,2015-05-17,Man United,Arsenal,1.2,2.1,1.2,1.6,5,10,8.0,2.0,2.5,1.6,0.6,5,10,6.0
2014/15,2015-05-17,Swansea,Man City,2.0,1.9,1.4,1.0,5,10,6.0,2.4,1.8,2.8,1.2,5,10,7.0
2014/15,2015-05-18,West Brom,Chelsea,1.6,1.4,1.2,0.8,5,10,9.0,2.2,2.4,1.2,0.4,5,10,8.0
2014/15,2015-05-20,Arsenal,Sunderland,1.6,2.3,1.0,0.6,5,10,3.0,1.6,1.2,1.2,1.2,5,10,4.0
2014/15,2015-05-24,Arsenal,West Brom,1.2,2.1,0.8,0.6,5,10,4.0,2.2,1.4,1.4,0.2,5,10,6.0
2014/15,2015-05-24,Aston Villa,Burnley,1.8,1.6,1.6,2.2,5,10,8.0,0.8,0.8,0.2,0.6,5,10,8.0
2014/15,2015-05-24,Chelsea,Sunderland,1.6,2.1,1.0,1.0,5,10,6.0,1.8,1.3,1.0,0.4,5,10,4.0
2014/15,2015-05-24,Crystal Palace,Swansea,0.6,1.5,0.8,1.6,5,10,8.0,1.8,1.6,1.6,1.6,5,10,7.0
2014/15,2015-05-24,Everton,Tottenham,1.8,1.9,1.6,1.2,5,10,8.0,1.4,1.4,1.4,1.4,5,10,8.0
2014/15,2015-05-24,Hull,Man United,1.2,0.8,0.8,1.2,5,10,8.0,0.8,1.9,0.6,1.4,5,10,7.0
2014/15,2015-05-24,Leicester,QPR,2.0,2.0,1.4,0.6,5,10,8.0,0.8,0.8,0.6,2.0,5,10,8.0
2014/15,2015-05-24,Man City,Southampton,3.0,2.1,3.2,0.8,5,10,7.0,0.8,1.4,2.0,1.8,5,10,8.0
2014/15,2015-05-24,Newcastle,West Ham,0.2,0.1,1.0,2.4,5,10,8.0,0.8,0.8,0.4,1.0,5,10,8.0
2014/15,2015-05-24,Stoke,Liverpool,1.6,1.2,1.2,0.8,5,10,8.0,1.0,1.4,0.8,1.2,5,10,8.0
2015/16,2015-08-08,Bournemouth,Aston Villa,,,,,0,0,,1.2,1.3,1.4,2.4,5,10,60.0
2015/16,2015-08-08,Chelsea,Swansea,2.0,2.3,1.6,1.2,5,10,60.0,1.8,1.6,1.6,1.4,5,10,60.0
2015/16,2015-08-08,Everton,Watford,1.2,1.9,1.4,1.4,5,10,60.0,,,,,0,0,
2015/16,2015-08-08,Leicester,Sunderland,2.0,2.2,2.2,0.8,5,10,60.0,1.6,1.2,1.0,0.8,5,10,60.0
2015/16,2015-08-08,Man United,Tottenham,1.0,1.7,0.6,1.2,5,10,60.0,1.4,1.4,1.0,1.2,5,10,60.0
2015/16,2015-08-08,Norwich,Crystal Palace,,,,,0,0,,1.2,1.8,1.0,1.2,5,10,60.0
2015/16,2015-08-09,Arsenal,West Ham,1.6,2.1,1.6,0.8,5,10,60.0,0.8,0.8,0.4,1.0,5,10,60.0
2015/16,2015-08-09,Newcastle,Southampton,0.8,0.4,1.2,1.8,5,10,60.0,0.8,1.1,1.8,1.8,5,10,60.0
2015/16,2015-08-09,Stoke,Liverpool,1.6,1.2,2.0,0.8,5,10,60.0,0.8,1.1,1.0,2.4,5,10,60.0
2015/16,2015-08-10,West Brom,Man City,1.6,1.4,1.2,1.0,5,10,60.0,3.0,2.1,3.2,0.8,5,10,60.0
2015/16,2015-08-14,Aston Villa,Man United,1.8,1.3,1.2,1.8,5,10,6.0,1.6,1.7,0.8,0.6,5,10,6.0
2015/16,2015-08-15,Southampton,Everton,0.8,1.1,1.8,1.8,5,10,6.0,0.8,1.7,1.2,1.8,5,10,7.0
2015/16,2015-08-15,Sunderland,Norwich,1.0,1.2,1.0,1.4,5,10,7.0,0.0,0.0,1.0,3.0,1,1,7.0
2015/16,2015-08-15,Swansea,Newcastle,1.4,1.7,1.4,1.4,5,10,7.0,1.0,0.5,1.2,1.6,5,10,6.0
2015/16,2015-08-15,Tottenham,Stoke,1.2,1.4,0.6,1.0,5,10,7.0,1.4,1.2,1.8,0.8,5,10,6.0
2015/16,2015-08-15,Watford,West Brom,1.0,1.0,2.0,2.0,1,1,7.0,1.4,1.1,1.2,1.6,5,10,5.0
2015/16,2015-08-15,West Ham,Leicester,1.2,1.1,0.8,1.0,5,10,6.0,2.6,2.5,2.8,0.6,5,10,7.0
2015/16,2015-08-16,Crystal Palace,Arsenal,1.8,1.8,1.6,1.0,5,10,8.0,1.0,1.8,1.0,1.0,5,10,7.0
2015/16,2015-08-16,Man City,Chelsea,3.0,2.4,3.2,0.4,5,10,6.0,1.6,2.1,1.4,1.4,5,10,8.0
2015/16,2015-08-17,Liverpool,Bournemouth,1.4,1.1,1.2,2.2,5,10,8.0,0.0,0.0,0.0,1.0,1,1,9.0
2015/16,2015-08-22,Crystal Palace,Aston Villa,1.8,1.5,1.8,1.2,5,10,6.0,1.2,1.3,0.6,1.6,5,10,8.0
2015/16,2015-08-22,Leicester,Tottenham,2.6,2.5,2.6,0.8,5,10,7.0,1.4,1.2,1.0,1.2,5,10,7.0
2015/16,2015-08-22,Man United,Newcastle,2.2,1.7,1.0,0.4,5,10,8.0,1.0,0.5,1.2,1.4,5,10,7.0
2015/16,2015-08-22,Norwich,Stoke,1.5,1.5,2.0,2.0,2,2,7.0,1.6,1.3,2.2,0.8,5,10,7.0
2015/16,2015-08-22,Sunderland,Swansea,0.4,1.2,0.8,2.0,5,10,7.0,1.4,1.7,1.4,1.4,5,10,7.0
2015/16,2015-08-22,West Ham,Bournemouth,0.6,0.8,0.8,1.4,5,10,7.0,0.0,0.0,0.0,1.0,2,2,5.0
2015/16,2015-08-23,Everton,Man City,1.4,1.7,1.4,1.2,5,10,8.0,3.0,2.4,3.6,0.4,5,10,7.0
2015/16,2015-08-23,Watford,Southampton,1.0,1.0,1.0,1.0,2,2,8.0,0.8,0.8,1.6,2.0,5,10,8.0
2015/16,2015-08-23,West Brom,Chelsea,1.0,1.2,1.0,1.6,5,10,8.0,1.0,1.8,1.2,2.0,5,10,7.0
2015/16,2015-08-24,Arsenal,Liverpool,1.6,1.8,1.4,1.0,5,10,8.0,1.4,1.4,1.0,2.0,5,10,7.0
2015/16,2015-08-29,Aston Villa,Sunderland,0.6,1.3,0.6,2.0,5,10,7.0,0.4,1.0,1.0,2.2,5,10,7.0
2015/16,2015-08-29,Bournemouth,Leicester,1.0,1.0,1.3333333333333333,1.6666666666666667,3,3,7.0,2.2,2.3,2.4,1.0,5,10,7.0
2015/16,2015-08-29,Chelsea,Crystal Palace,1.4,1.8,1.6,2.2,5,10,6.0,2.4,1.5,2.0,1.0,5,10,7.0
2015/16,2015-08-29,Liverpool,West Ham,1.4,1.5,0.8,1.8,5,10,5.0,0.6,0.8,1.4,2.0,5,10,7.0
2015/16,2015-08-29,Man City,Watford,3.0,2.7,2.8,0.4,5,10,6.0,1.0,1.0,0.6666666666666666,0.6666666666666666,3,3,6.0
2015/16,2015-08-29,Newcastle,Arsenal,1.0,0.6,1.0,1.2,5,10,7.0,1.6,1.6,1.2,0.8,5,10,5.0
2015/16,2015-08-29,Stoke,West Brom,1.2,1.4,1.8,1.0,5,10,7.0,0.8,1.2,1.2,2.0,5,10,6.0
2015/16,2015-08-29,Tottenham,Everton,1.6,1.2,1.2,0.8,5,10,7.0,1.4,1.4,1.4,1.2,5,10,6.0
2015/16,2015-08-30,Southampton,Norwich,1.0,0.9,1.6,1.6,5,10,7.0,1.3333333333333333,1.3333333333333333,1.6666666666666667,1.6666666666666667,3,3,8.0
2015/16,2015-08-30,Swansea,Man United,1.0,1.5,1.4,1.6,5,10,8.0,1.8,1.5,0.6,0.2,5,10,8.0
2015/16,2015-09-12,Arsenal,Stoke,2.0,1.6,1.4,0.8,5,10,14.0,1.0,1.3,1.8,1.2,5,10,14.0
2015/16,2015-09-12,Crystal Palace,Man City,2.4,1.5,1.8,1.0,5,10,14.0,3.0,3.0,2.4,0.0,5,10,14.0
2015/16,2015-09-12,Everton,Chelsea,1.0,1.4,1.0,1.0,5,10,14.0,1.4,1.5,1.8,2.0,5,10,14.0
2015/16,2015-09-12,Man United,Liverpool,1.6,1.2,0.6,0.4,5,10,13.0,1.4,1.2,0.6,1.8,5,10,14.0
2015/16,2015-09-12,Norwich,Bournemouth,1.0,1.0,1.25,2.0,4,4,13.0,1.0,1.0,1.25,1.5,4,4,14.0
2015/16,2015-09-12,Watford,Swansea,0.75,0.75,0.5,1.0,4,4,14.0,1.6,1.7,1.4,1.0,5,10,13.0
2015/16,2015-09-12,West Brom,Southampton,0.8,1.5,0.8,2.0,5,10,14.0,1.0,0.9,1.0,1.4,5,10,13.0
2015/16,2015-09-13,Leicester,Aston Villa,2.2,2.1,2.6,1.2,5,10,15.0,0.8,1.3,0.8,1.2,5,10,15.0
2015/16,2015-09-13,Sunderland,Tottenham,0.4,1.1,1.4,2.6,5,10,15.0,1.2,1.3,0.8,0.8,5,10,15.0
2015/16,2015-09-14,West Ham,Newcastle,1.2,1.0,1.8,1.6,5,10,16.0,1.0,0.6,0.8,1.0,5,10,16.0
2015/16,2015-09-19,Aston Villa,West Brom,0.8,1.0,1.2,1.6,5,10,6.0,1.0,1.3,0.6,1.2,5,10,7.0
2015/16,2015-09-19,Bournemouth,Sunderland,0.8,0.8,1.2,1.8,5,5,7.0,0.4,1.0,1.2,2.2,5,10,6.0
2015/16,2015-09-19,Chelsea,Arsenal,0.8,1.4,1.4,2.4,5,10,7.0,2.0,1.8,1.0,0.6,5,10,7.0
2015/16,2015-09-19,Man City,West Ham,3.0,3.0,2.2,0.0,5,10,7.0,1.8,1.3,2.2,1.2,5,10,5.0
2015/16,2015-09-19,Newcastle,Watford,0.4,0.6,0.4,1.4,5,10,5.0,1.2,1.2,0.6,0.8,5,5,7.0
2015/16,2015-09-19,Stoke,Leicester,0.4,1.0,0.6,1.4,5,10,7.0,2.2,2.1,2.2,1.4,5,10,6.0
2015/16,2015-09-19,Swansea,Everton,1.6,1.7,1.4,1.0,5,10,7.0,1.6,1.4,1.6,1.0,5,10,7.0
2015/16,2015-09-20,Liverpool,Norwich,1.4,1.1,0.6,1.2,5,10,8.0,1.4,1.4,1.6,1.8,5,5,8.0
2015/16,2015-09-20,Southampton,Man United,1.2,1.0,1.0,1.0,5,10,8.0,2.0,1.5,1.2,0.6,5,10,8.0
2015/16,2015-09-20,Tottenham,Crystal Palace,1.2,1.3,0.8,0.8,5,10,7.0,1.8,1.5,1.6,1.2,5,10,8.0
2015/16,2015-09-26,Leicester,Arsenal,1.8,2.2,1.8,1.4,5,10,7.0,2.0,1.5,1.0,0.6,5,10,7.0
2015/16,2015-09-26,Liverpool,Aston Villa,1.0,1.2,0.6,1.4,5,10,6.0,0.2,1.0,1.0,1.8,5,10,7.0
2015/16,2015-09-26,Man United,Sunderland,2.0,1.8,1.6,1.0,5,10,6.0,0.4,0.7,0.8,1.8,5,10,7.0
2015/16,2015-09-26,Newcastle,Chelsea,0.2,0.6,0.2,1.4,5,10,7.0,1.2,1.4,1.4,2.0,5,10,7.0
2015/16,2015-09-26,Southampton,Swansea,1.0,0.9,1.0,1.2,5,10,6.0,1.6,1.5,1.0,0.6,5,10,7.0
2015/16,2015-09-26,Stoke,Bournemouth,0.6,1.0,1.0,1.6,5,10,7.0,1.4,1.1666666666666667,1.6,1.6,5,6,7.0
2015/16,2015-09-26,Tottenham,Man City,1.8,1.5,1.0,0.6,5,10,6.0,2.4,2.7,1.8,0.4,5,10,7.0
2015/16,2015-09-26,West Ham,Norwich,1.8,1.5,2.2,1.4,5,10,7.0,1.6,1.3333333333333333,1.6,1.4,5,6,6.0
2015/16,2015-09-27,Watford,Crystal Palace,1.6,1.5,0.6,0.6,5,6,8.0,1.2,1.5,1.0,1.2,5,10,7.0
2015/16,2015-09-28,West Brom,Everton,1.6,1.5,0.8,0.6,5,10,9.0,1.6,1.2,1.2,0.6,5,10,9.0
2015/16,2015-10-03,Aston Villa,Stoke,0.2,0.7,1.4,2.2,5,10,7.0,1.0,1.3,1.0,1.4,5,10,7.0
2015/16,2015-10-03,Bournemouth,Watford,1.4,1.0,1.8,1.8,5,7,7.0,1.4,1.2857142857142858,0.6,0.8,5,7,6.0
2015/16,2015-10-03,Chelsea,Southampton,1.4,1.2,1.8,1.8,5,10,7.0,1.6,1.2,1.6,0.8,5,10,7.0
2015/16,2015-10-03,Crystal Palace,West Brom,1.8,1.8,1.0,0.8,5,10,6.0,1.4,1.2,1.2,1.2,5,10,5.0
2015/16,2015-10-03,Man City,Newcastle,1.8,2.4,1.4,1.2,5,10,7.0,0.4,0.7,0.6,1.4,5,10,7.0
2015/16,2015-10-03,Norwich,Leicester,1.2,1.2857142857142858,1.4,1.6,5,7,7.0,1.2,1.9,1.8,2.2,5,10,7.0
2015/16,2015-10-03,Sunderland,West Ham,0.4,0.4,0.6,1.8,5,10,7.0,2.0,1.3,2.4,1.4,5,10,7.0
2015/16,2015-10-04,Arsenal,Man United,2.0,1.8,1.6,0.8,5,10,8.0,2.0,2.1,2.0,1.0,5,10,8.0
2015/16,2015-10-04,Everton,Liverpool,1.6,1.5,1.2,1.0,5,10,6.0,1.0,1.2,1.0,1.8,5,10,8.0
2015/16,2015-10-04,Swansea,Tottenham,1.0,1.2,0.8,1.2,5,10,8.0,2.2,1.8,1.4,0.4,5,10,8.0
2015/16,2015-10-17,Chelsea,Aston Villa,0.8,1.1,1.4,2.0,5,10,14.0,0.2,0.4,1.2,2.0,5,10,14.0
2015/16,2015-10-17,Crystal Palace,West Ham,1.8,2.1,1.0,0.6,5,10,14.0,2.2,1.4,2.2,1.0,5,10,14.0
2015/16,2015-10-17,Everton,Man United,1.8,1.6,1.4,0.8,5,10,13.0,1.8,1.8,2.0,1.6,5,10,13.0
2015/16,2015-10-17,Man City,Bournemouth,1.8,2.4,2.2,1.4,5,10,14.0,1.0,1.0,1.2,1.4,5,8,14.0
2015/16,2015-10-17,Southampton,Leicester,2.0,1.5,2.2,1.0,5,10,14.0,1.6,1.9,2.0,2.2,5,10,14.0
2015/16,2015-10-17,Tottenham,Liverpool,2.2,1.9,1.6,0.6,5,10,13.0,1.0,1.2,1.2,2.0,5,10,13.0
2015/16,2015-10-17,Watford,Arsenal,1.4,1.25,0.8,1.0,5,8,14.0,2.4,2.0,2.2,0.8,5,10,13.0
2015/16,2015-10-17,West Brom,Sunderland,1.4,1.1,0.8,1.0,5,10,14.0,0.4,0.4,0.8,2.0,5,10,14.0
2015/16,2015-10-18,Newcastle,Norwich,0.2,0.6,0.8,2.6,5,10,15.0,1.0,1.125,1.4,1.8,5,8,15.0
2015/16,2015-10-19,Swansea,Stoke,1.0,1.0,1.0,1.4,5,10,15.0,1.4,1.3,1.0,1.2,5,10,16.0
2015/16,2015-10-24,Arsenal,Everton,2.4,2.2,2.6,0.8,5,10,7.0,1.6,1.3,1.4,1.4,5,10,7.0
2015/16,2015-10-24,Aston Villa,Swansea,0.0,0.4,0.8,2.0,5,10,7.0,0.4,1.0,0.6,1.4,5,10,5.0
2015/16,2015-10-24,Leicester,Crystal Palace,1.6,1.9,2.2,2.4,5,10,7.0,1.2,1.8,0.8,1.0,5,10,7.0
2015/16,2015-10-24,Norwich,West Brom,1.0,1.0,1.8,2.4,5,9,6.0,1.4,1.1,0.8,1.0,5,10,7.0
2015/16,2015-10-24,Stoke,Watford,2.0,1.5,1.2,1.0,5,10,5.0,1.4,1.1111111111111112,0.8,1.2,5,9,7.0
2015/16,2015-10-24,West Ham,Chelsea,2.2,1.7,2.2,1.2,5,10,7.0,1.4,1.4,1.6,1.6,5,10,7.0
2015/16,2015-10-25,Bournemouth,Tottenham,0.8,0.8888888888888888,1.2,2.2,5,9,8.0,2.2,1.7,1.6,0.6,5,10,8.0
2015/16,2015-10-25,Liverpool,Southampton,1.2,1.3,1.2,1.4,5,10,8.0,1.6,1.3,2.0,1.4,5,10,8.0
2015/16,2015-10-25,Man United,Man City,2.4,2.0,2.4,1.2,5,10,8.0,1.8,2.4,2.8,1.6,5,10,8.0
2015/16,2015-10-25,Sunderland,Newcastle,0.2,0.3,0.4,1.8,5,10,8.0,0.8,0.9,2.0,2.8,5,10,7.0
2015/16,2015-10-31,Chelsea,Liverpool,1.4,1.1,1.6,1.4,5,10,7.0,1.4,1.4,1.2,1.0,5,10,6.0
2015/16,2015-10-31,Crystal Palace,Man United,1.2,1.5,0.8,1.0,5,10,7.0,2.0,2.0,1.8,1.0,5,10,6.0
2015/16,2015-10-31,Man City,Norwich,1.4,2.2,2.6,1.6,5,10,6.0,0.4,0.9,1.2,2.4,5,10,7.0
2015/16,2015-10-31,Newcastle,Stoke,0.8,0.6,2.0,3.0,5,10,6.0,2.0,1.2,1.2,1.0,5,10,7.0
2015/16,2015-10-31,Swansea,Arsenal,1.0,1.3,1.0,1.4,5,10,7.0,2.4,2.2,2.6,1.0,5,10,7.0
2015/16,2015-10-31,Watford,West Ham,1.4,1.3,1.0,1.2,5,10,7.0,2.2,2.0,2.2,1.4,5,10,7.0
2015/16,2015-10-31,West Brom,Leicester,1.8,1.4,1.0,1.0,5,10,7.0,1.6,1.9,1.8,2.0,5,10,7.0
2015/16,2015-11-01,Everton,Sunderland,1.0,1.3,1.0,1.6,5,10,8.0,0.8,0.6,1.0,1.6,5,10,7.0
2015/16,2015-11-01,Southampton,Bournemouth,1.6,1.4,2.2,1.6,5,10,7.0,0.8,0.8,1.2,2.6,5,10,7.0
2015/16,2015-11-02,Tottenham,Aston Villa,2.2,1.7,2.4,0.8,5,10,8.0,0.0,0.4,0.6,1.8,5,10,9.0
2015/16,2015-11-07,Bournemouth,Newcastle,0.2,0.8,0.8,3.0,5,10,6.0,1.0,0.6,1.8,2.6,5,10,7.0
2015/16,2015-11-07,Leicester,Watford,2.0,1.9,2.0,2.0,5,10,7.0,1.4,1.5,1.0,1.0,5,10,7.0
2015/16,2015-11-07,Man United,West Brom,1.6,1.8,1.2,0.6,5,10,7.0,1.2,1.4,1.2,1.6,5,10,7.0
2015/16,2015-11-07,Norwich,Swansea,0.2,0.9,1.2,2.6,5,10,7.0,0.8,1.2,1.0,2.0,5,10,7.0
2015/16,2015-11-07,Stoke,Chelsea,2.0,1.3,0.8,0.6,5,10,7.0,0.8,1.0,1.4,2.0,5,10,7.0
2015/16,2015-11-07,Sunderland,Southampton,0.8,0.6,1.4,2.4,5,10,6.0,2.2,1.6,2.2,1.0,5,10,6.0
2015/16,2015-11-07,West Ham,Everton,1.6,1.7,1.8,1.6,5,10,7.0,1.4,1.5,2.2,2.0,5,10,6.0
2015/16,2015-11-08,Arsenal,Tottenham,3.0,2.5,3.2,0.6,5,10,8.0,2.2,2.0,2.8,1.0,5,10,6.0
2015/16,2015-11-08,Aston Villa,Man City,0.0,0.1,0.8,2.2,5,10,6.0,2.0,2.2,2.8,1.4,5,10,8.0
2015/16,2015-11-08,Liverpool,Crystal Palace,1.8,1.4,1.6,1.0,5,10,8.0,1.4,1.3,0.8,0.8,5,10,8.0
2015/16,2015-11-21,Chelsea,Norwich,0.6,1.0,1.0,1.8,5,10,14.0,0.6,0.9,1.0,2.2,5,10,14.0
2015/16,2015-11-21,Everton,Aston Villa,1.0,1.3,1.8,1.8,5,10,14.0,0.2,0.2,0.4,1.6,5,10,13.0
2015/16,2015-11-21,Man City,Liverpool,2.2,2.0,2.6,0.6,5,10,13.0,1.2,1.1,1.2,1.0,5,10,13.0
2015/16,2015-11-21,Newcastle,Leicester,1.4,0.9,1.6,2.2,5,10,14.0,2.6,1.9,2.0,1.2,5,10,14.0
2015/16,2015-11-21,Southampton,Stoke,2.2,1.9,1.8,0.8,5,10,14.0,2.0,1.5,0.6,0.4,5,10,14.0
2015/16,2015-11-21,Swansea,Bournemouth,0.8,0.9,0.8,1.6,5,10,14.0,0.2,0.8,0.6,2.8,5,10,14.0
2015/16,2015-11-21,Watford,Man United,1.4,1.4,1.2,1.2,5,10,14.0,1.6,1.8,1.0,0.6,5,10,14.0
2015/16,2015-11-21,West Brom,Arsenal,1.2,1.3,0.8,1.4,5,10,14.0,2.6,2.3,2.4,0.4,5,10,13.0
2015/16,2015-11-22,Tottenham,West Ham,1.8,2.0,2.2,1.0,5,10,14.0,1.6,1.8,1.6,1.4,5,10,15.0
2015/16,2015-11-23,Crystal Palace,Sunderland,1.4,1.6,1.0,1.0,5,10,15.0,0.8,0.6,1.4,2.0,5,10,16.0
2015/16,2015-11-28,Aston Villa,Watford,0.2,0.2,0.4,2.2,5,10,7.0,1.2,1.3,1.2,1.4,5,10,7.0
2015/16,2015-11-28,Bournemouth,Everton,0.2,0.6,0.8,3.0,5,10,7.0,1.4,1.6,2.4,1.6,5,10,7.0
2015/16,2015-11-28,Crystal Palace,Newcastle,0.8,1.3,0.6,1.2,5,10,5.0,1.4,0.8,1.4,1.6,5,10,7.0
2015/16,2015-11-28,Leicester,Man United,2.6,2.1,2.2,1.0,5,10,7.0,2.2,2.0,1.4,0.2,5,10,7.0
2015/16,2015-11-28,Man City,Southampton,1.6,1.7,1.6,1.2,5,10,7.0,1.6,1.8,1.2,0.8,5,10,7.0
2015/16,2015-11-28,Sunderland,Stoke,1.2,0.8,1.2,1.6,5,10,5.0,2.0,1.7,0.6,0.4,5,10,7.0
2015/16,2015-11-29,Liverpool,Swansea,1.6,1.3,1.8,1.0,5,10,8.0,0.8,0.9,0.8,1.6,5,10,8.0
2015/16,2015-11-29,Norwich,Arsenal,0.6,0.8,0.8,2.0,5,10,8.0,2.0,2.2,2.0,0.8,5,10,8.0
2015/16,2015-11-29,Tottenham,Chelsea,2.2,2.2,2.6,0.8,5,10,7.0,1.2,1.0,1.0,1.2,5,10,8.0
2015/16,2015-11-29,West Ham,West Brom,1.4,1.8,1.4,1.8,5,10,7.0,1.8,1.6,1.2,1.2,5,10,8.0
2015/16,2015-12-05,Arsenal,Sunderland,1.6,2.0,1.6,1.0,5,10,6.0,1.8,1.0,1.6,1.4,5,10,7.0
2015/16,2015-12-05,Chelsea,Bournemouth,0.8,1.1,0.6,1.2,5,10,6.0,0.4,0.6,1.2,2.6,5,10,7.0
2015/16,2015-12-05,Man United,West Ham,1.8,2.1,1.0,0.4,5,10,7.0,1.0,1.6,1.0,1.8,5,10,6.0
2015/16,2015-12-05,Southampton,Aston Villa,1.4,1.5,1.0,1.0,5,10,7.0,0.2,0.1,0.8,2.4,5,10,7.0
2015/16,2015-12-05,Stoke,Man City,1.4,1.7,0.4,0.8,5,10,7.0,1.6,1.7,1.2,1.2,5,10,7.0
2015/16,2015-12-05,Swansea,Leicester,0.8,0.6,0.8,1.6,5,10,6.0,2.6,2.1,2.0,0.8,5,10,7.0
2015/16,2015-12-05,Watford,Norwich,1.8,1.6,1.8,1.2,5,10,7.0,0.8,0.9,0.6,1.0,5,10,6.0
2015/16,2015-12-05,West Brom,Tottenham,1.4,1.4,1.2,1.4,5,10,6.0,2.2,2.2,2.6,0.8,5,10,6.0
2015/16,2015-12-06,Newcastle,Liverpool,0.8,0.8,0.4,2.2,5,10,8.0,2.0,1.6,2.0,1.0,5,10,7.0
2015/16,2015-12-07,Everton,Crystal Palace,1.6,1.6,3.0,1.6,5,10,9.0,1.4,1.3,1.4,0.8,5,10,9.0
2015/16,2015-12-12,Bournemouth,Man United,1.0,0.9,1.2,1.6,5,10,7.0,1.8,1.9,1.0,0.4,5,10,7.0
2015/16,2015-12-12,Crystal Palace,Southampton,1.6,1.4,1.6,0.8,5,10,5.0,1.4,1.5,1.0,1.0,5,10,7.0
2015/16,2015-12-12,Man City,Swansea,1.4,1.4,1.2,1.6,5,10,7.0,0.2,0.6,0.4,2.0,5,10,7.0
2015/16,2015-12-12,Norwich,Everton,0.8,0.6,0.6,1.2,5,10,7.0,1.8,1.4,3.0,1.4,5,10,5.0
2015/16,2015-12-12,Sunderland,Watford,1.2,1.0,1.2,2.0,5,10,7.0,1.8,1.6,1.8,1.2,5,10,7.0
2015/16,2015-12-12,West Ham,Stoke,0.6,1.4,0.6,1.6,5,10,7.0,2.0,2.0,0.8,0.4,5,10,7.0
2015/16,2015-12-13,Aston Villa,Arsenal,0.4,0.2,0.8,2.2,5,10,8.0,1.6,2.0,1.8,1.0,5,10,8.0
2015/16,2015-12-13,Liverpool,West Brom,1.8,1.6,1.8,1.2,5,10,7.0,1.0,1.4,1.2,1.6,5,10,8.0
2015/16,2015-12-13,Tottenham,Newcastle,1.8,2.0,1.8,0.8,5,10,8.0,1.4,1.1,0.8,1.6,5,10,7.0
2015/16,2015-12-14,Leicester,Chelsea,2.6,2.1,2.4,0.8,5,10,9.0,0.8,1.1,0.4,1.0,5,10,9.0
2015/16,2015-12-19,Chelsea,Sunderland,0.8,0.8,0.4,0.8,5,10,5.0,1.2,1.0,0.8,1.0,5,10,7.0
2015/16,2015-12-19,Everton,Leicester,1.4,1.4,2.0,1.2,5,10,7.0,2.6,2.3,2.2,0.6,5,10,5.0
2015/16,2015-12-19,Man United,Norwich,1.6,1.6,1.2,0.8,5,10,7.0,1.0,0.6,0.6,1.0,5,10,7.0
2015/16,2015-12-19,Newcastle,Aston Villa,1.8,1.4,1.2,1.8,5,10,6.0,0.4,0.2,0.6,2.0,5,10,6.0
2015/16,2015-12-19,Southampton,Tottenham,0.8,1.5,0.6,1.2,5,10,7.0,1.2,1.7,1.4,1.0,5,10,6.0
2015/16,2015-12-19,Stoke,Crystal Palace,2.0,2.0,0.8,0.4,5,10,7.0,2.0,1.7,1.8,0.8,5,10,7.0
2015/16,2015-12-19,West Brom,Bournemouth,1.2,1.2,1.2,1.4,5,10,6.0,1.6,0.9,1.6,1.4,5,10,7.0
2015/16,2015-12-20,Swansea,West Ham,0.2,0.5,0.6,1.8,5,10,8.0,0.8,1.2,0.6,1.2,5,10,8.0
2015/16,2015-12-20,Watford,Liverpool,1.8,1.6,1.6,1.2,5,10,8.0,1.4,1.6,1.6,1.4,5,10,7.0
2015/16,2015-12-21,Arsenal,Man City,1.6,2.3,1.6,1.0,5,10,8.0,1.4,1.7,1.2,1.6,5,10,9.0
2015/16,2015-12-26,Aston Villa,West Ham,0.4,0.3,0.8,2.2,5,10,7.0,0.8,1.2,0.4,1.0,5,10,6.0
2015/16,2015-12-26,Bournemouth,Crystal Palace,2.2,1.2,2.0,1.4,5,10,7.0,2.0,1.7,1.8,0.8,5,10,7.0
2015/16,2015-12-26,Chelsea,Watford,1.4,1.0,1.0,0.8,5,10,7.0,2.4,1.9,2.0,0.8,5,10,6.0
2015/16,2015-12-26,Liverpool,Leicester,1.4,1.3,1.4,1.6,5,10,6.0,2.6,2.6,2.4,0.8,5,10,7.0
2015/16,2015-12-26,Man City,Sunderland,1.2,1.7,1.4,2.0,5,10,5.0,1.2,1.0,1.0,1.4,5,10,7.0
2015/16,2015-12-26,Newcastle,Everton,1.4,1.4,1.2,2.0,5,10,7.0,1.2,1.1,2.2,1.6,5,10,7.0
2015/16,2015-12-26,Southampton,Arsenal,0.2,1.2,0.4,1.6,5,10,7.0,2.0,2.3,1.8,1.0,5,10,5.0
2015/16,2015-12-26,Stoke,Man United,1.4,1.7,0.8,0.8,5,10,7.0,1.0,1.3,1.0,1.2,5,10,7.0
2015/16,2015-12-26,Swansea,West Brom,0.4,0.6,0.6,1.6,5,10,6.0,1.2,1.2,1.4,1.4,5,10,7.0
2015/16,2015-12-26,Tottenham,Norwich,1.6,1.7,1.6,0.8,5,10,7.0,1.0,0.8,0.8,1.2,5,10,7.0
2015/16,2015-12-28,Arsenal,Bournemouth,2.0,2.0,1.6,1.4,5,10,2.0,2.2,1.2,1.6,1.0,5,10,2.0
2015/16,2015-12-28,Crystal Palace,Swansea,2.2,1.5,1.8,0.6,5,10,2.0,0.8,0.8,0.4,1.2,5,10,2.0
2015/16,2015-12-28,Everton,Stoke,1.2,1.3,1.6,1.6,5,10,2.0,1.4,1.7,1.0,0.8,5,10,2.0
2015/16,2015-12-28,Man United,Chelsea,0.4,1.3,0.6,1.4,5,10,2.0,1.0,1.1,1.2,1.2,5,10,2.0
2015/16,2015-12-28,Norwich,Aston Villa,1.0,0.8,0.8,1.6,5,10,2.0,0.6,0.4,1.0,1.6,5,10,2.0
2015/16,2015-12-28,Watford,Tottenham,2.6,1.9,2.2,0.8,5,10,2.0,1.6,1.9,1.4,0.6,5,10,2.0
2015/16,2015-12-28,West Brom,Newcastle,0.6,1.2,1.0,1.4,5,10,2.0,1.4,1.4,1.2,1.6,5,10,2.0
2015/16,2015-12-28,West Ham,Southampton,1.0,1.2,0.4,0.4,5,10,2.0,0.8,1.2,1.2,1.4,5,10,2.0
2015/16,2015-12-29,Leicester,Man City,2.0,2.3,1.8,1.0,5,10,3.0,1.8,1.7,2.0,1.4,5,10,3.0
2015/16,2015-12-30,Sunderland,Liverpool,0.6,0.9,1.0,2.2,5,10,4.0,1.4,1.5,0.8,1.4,5,10,4.0
2015/16,2016-01-02,Arsenal,Newcastle,2.4,2.0,1.8,1.2,5,10,5.0,1.4,1.1,1.0,0.8,5,10,5.0
2015/16,2016-01-02,Leicester,Bournemouth,2.0,2.3,1.6,0.8,5,10,4.0,2.0,1.2,1.0,0.8,5,10,5.0
2015/16,2016-01-02,Man United,Swansea,0.4,1.1,0.4,1.2,5,10,5.0,1.0,0.9,0.4,1.0,5,10,5.0
2015/16,2016-01-02,Norwich,Southampton,1.4,1.1,1.0,1.4,5,10,5.0,0.8,1.1,1.2,1.2,5,10,5.0
2015/16,2016-01-02,Sunderland,Aston Villa,0.0,0.9,0.6,2.4,5,10,3.0,0.6,0.4,0.6,1.4,5,10,5.0
2015/16,2016-01-02,Watford,Man City,2.0,1.9,1.8,0.8,5,10,5.0,1.4,1.5,1.4,1.2,5,10,4.0
2015/16,2016-01-02,West Brom,Stoke,1.0,1.2,1.0,1.2,5,10,5.0,2.0,1.7,1.8,1.0,5,10,5.0
2015/16,2016-01-02,West Ham,Liverpool,1.4,1.2,0.6,0.4,5,10,5.0,1.4,1.7,0.8,1.4,5,10,3.0
2015/16,2016-01-03,Crystal Palace,Chelsea,1.8,1.6,0.8,0.4,5,10,6.0,1.0,0.9,1.2,1.2,5,10,6.0
2015/16,2016-01-03,Everton,Tottenham,1.0,1.3,1.6,1.8,5,10,6.0,2.0,2.1,1.8,0.8,5,10,6.0
2015/16,2016-01-12,Aston Villa,Crystal Palace,0.4,0.4,0.6,1.8,5,10,10.0,1.6,1.6,0.6,0.8,5,10,9.0
2015/16,2016-01-12,Bournemouth,West Ham,1.6,1.3,0.8,0.8,5,10,10.0,1.8,1.2,1.0,0.4,5,10,10.0
2015/16,2016-01-12,Newcastle,Man United,0.8,1.1,0.6,1.0,5,10,10.0,0.8,1.3,0.8,1.4,5,10,10.0
2015/16,2016-01-13,Chelsea,West Brom,1.6,1.2,1.8,1.0,5,10,10.0,1.4,1.2,1.2,1.2,5,10,11.0
2015/16,2016-01-13,Liverpool,Arsenal,1.4,1.6,0.8,1.4,5,10,11.0,2.4,2.0,1.4,1.0,5,10,11.0
2015/16,2016-01-13,Man City,Everton,2.0,1.7,1.8,1.0,5,10,11.0,1.0,1.4,1.6,1.8,5,10,10.0
2015/16,2016-01-13,Southampton,Watford,0.6,1.0,1.0,1.2,5,10,11.0,1.4,1.6,1.6,1.2,5,10,11.0
2015/16,2016-01-13,Stoke,Norwich,1.4,1.7,1.6,1.4,5,10,11.0,2.0,1.4,1.2,1.0,5,10,11.0
2015/16,2016-01-13,Swansea,Sunderland,1.0,0.6,0.6,0.8,5,10,11.0,0.6,0.9,1.0,2.0,5,10,11.0
2015/16,2016-01-13,Tottenham,Leicester,2.0,1.9,1.8,0.8,5,10,10.0,1.6,2.1,1.0,0.8,5,10,11.0
2015/16,2016-01-16,Aston Villa,Leicester,1.0,0.7,0.8,1.4,5,10,4.0,1.6,2.1,0.8,0.6,5,10,3.0
2015/16,2016-01-16,Bournemouth,Norwich,1.0,1.3,0.6,1.2,5,10,4.0,1.8,1.4,1.2,1.4,5,10,3.0
2015/16,2016-01-16,Chelsea,Everton,1.8,1.3,2.0,1.0,5,10,3.0,1.0,1.2,1.4,1.6,5,10,3.0
2015/16,2016-01-16,Man City,Crystal Palace,1.6,1.5,1.4,0.8,5,10,3.0,1.0,1.5,0.4,1.0,5,10,4.0
2015/16,2016-01-16,Newcastle,West Ham,0.4,1.1,0.8,1.4,5,10,4.0,2.2,1.5,1.6,0.6,5,10,4.0
2015/16,2016-01-16,Southampton,West Brom,1.2,1.0,1.4,1.0,5,10,3.0,1.4,1.3,1.2,1.2,5,10,3.0
2015/16,2016-01-16,Tottenham,Sunderland,2.0,1.6,1.6,0.6,5,10,3.0,1.2,1.2,1.8,2.2,5,10,3.0
2015/16,2016-01-17,Liverpool,Man United,1.4,1.4,1.0,1.6,5,10,4.0,1.0,1.3,1.2,1.6,5,10,5.0
2015/16,2016-01-17,Stoke,Arsenal,1.8,1.9,2.2,1.6,5,10,4.0,2.0,1.8,1.6,1.6,5,10,4.0
2015/16,2016-01-18,Swansea,Watford,1.0,0.6,0.8,1.2,5,10,5.0,0.8,1.3,1.4,1.6,5,10,5.0
2015/16,2016-01-23,Crystal Palace,Tottenham,0.4,1.2,0.0,1.6,5,10,7.0,2.0,1.8,2.0,0.8,5,10,7.0
2015/16,2016-01-23,Leicester,Stoke,1.2,1.9,0.4,0.4,5,10,7.0,2.0,1.7,2.0,1.2,5,10,6.0
2015/16,2016-01-23,Man United,Southampton,1.6,1.3,1.2,1.2,5,10,6.0,1.8,1.0,2.0,0.6,5,10,7.0
2015/16,2016-01-23,Norwich,Liverpool,1.2,1.1,0.8,1.8,5,10,7.0,1.4,1.4,1.0,1.2,5,10,6.0
2015/16,2016-01-23,Sunderland,Bournemouth,1.2,1.2,1.8,2.4,5,10,7.0,1.0,1.6,0.8,1.0,5,10,7.0
2015/16,2016-01-23,Watford,Newcastle,0.2,1.3,0.8,1.8,5,10,5.0,0.8,1.1,1.0,1.4,5,10,7.0
2015/16,2016-01-23,West Brom,Aston Villa,1.4,1.3,1.0,1.4,5,10,7.0,1.0,0.7,0.8,1.4,5,10,7.0
2015/16,2016-01-23,West Ham,Man City,2.0,1.4,1.8,1.0,5,10,7.0,2.2,1.7,2.0,0.4,5,10,7.0
2015/16,2016-01-24,Arsenal,Chelsea,1.6,1.8,1.2,1.4,5,10,7.0,1.4,1.4,2.0,1.4,5,10,8.0
2015/16,2016-01-24,Everton,Swansea,1.2,1.2,1.6,1.6,5,10,8.0,1.4,0.9,1.0,1.2,5,10,6.0
2015/16,2016-02-02,Arsenal,Southampton,1.6,1.8,1.2,0.8,5,10,9.0,1.8,1.3,1.4,0.6,5,10,10.0
2015/16,2016-02-02,Crystal Palace,Bournemouth,0.2,1.2,0.2,2.2,5,10,10.0,1.0,1.6,1.0,1.2,5,10,10.0
2015/16,2016-02-02,Leicester,Liverpool,1.8,1.9,1.0,0.2,5,10,10.0,1.4,1.4,1.8,2.0,5,10,10.0
2015/16,2016-02-02,Man United,Stoke,1.6,1.0,1.2,1.0,5,10,10.0,1.4,1.4,1.6,1.8,5,10,10.0
2015/16,2016-02-02,Norwich,Tottenham,1.2,1.1,1.6,2.2,5,10,10.0,2.0,1.8,2.0,1.0,5,10,10.0
2015/16,2016-02-02,Sunderland,Man City,1.4,1.0,1.8,1.8,5,10,10.0,1.8,1.8,1.6,0.6,5,10,10.0
2015/16,2016-02-02,West Brom,Swansea,1.6,1.1,1.0,1.2,5,10,10.0,1.4,1.1,1.2,1.4,5,10,9.0
2015/16,2016-02-02,West Ham,Aston Villa,2.0,1.5,2.0,1.2,5,10,10.0,1.0,0.8,0.6,1.2,5,10,10.0
2015/16,2016-02-03,Everton,Newcastle,0.6,0.9,1.6,2.0,5,10,10.0,0.8,1.1,1.2,1.6,5,10,11.0
2015/16,2016-02-03,Watford,Chelsea,0.6,1.6,0.8,1.6,5,10,11.0,1.8,1.4,1.8,1.0,5,10,10.0
2015/16,2016-02-06,Aston Villa,Norwich,1.0,0.8,0.6,1.2,5,10,4.0,0.6,1.0,1.2,2.8,5,10,4.0
2015/16,2016-02-06,Liverpool,Sunderland,0.8,1.1,1.6,2.4,5,10,4.0,1.4,0.7,1.8,1.8,5,10,4.0
2015/16,2016-02-06,Man City,Leicester,2.2,1.8,1.8,0.6,5,10,4.0,2.2,2.1,1.4,0.2,5,10,4.0
2015/16,2016-02-06,Newcastle,West Brom,0.8,1.1,1.2,2.0,5,10,3.0,1.2,1.1,1.0,1.4,5,10,4.0
2015/16,2016-02-06,Southampton,West Ham,2.0,1.4,1.2,0.2,5,10,4.0,2.0,1.7,2.0,1.0,5,10,4.0
2015/16,2016-02-06,Stoke,Everton,0.8,1.4,0.8,1.8,5,10,4.0,1.2,1.1,1.6,1.2,5,10,3.0
2015/16,2016-02-06,Swansea,Crystal Palace,1.4,1.2,1.4,1.6,5,10,4.0,0.0,0.9,0.4,2.6,5,10,4.0
2015/16,2016-02-06,Tottenham,Watford,2.0,2.0,2.2,0.8,5,10,4.0,0.8,1.4,0.6,1.2,5,10,3.0
2015/16,2016-02-07,Bournemouth,Arsenal,1.6,1.8,1.4,1.0,5,10,5.0,1.2,1.8,0.8,0.8,5,10,5.0
2015/16,2016-02-07,Chelsea,Man United,1.8,1.4,1.8,1.0,5,10,4.0,2.0,1.2,1.8,1.0,5,10,5.0
2015/16,2016-02-13,Bournemouth,Stoke,1.4,1.5,1.4,1.4,5,10,6.0,0.8,1.1,0.6,2.0,5,10,7.0
2015/16,2016-02-13,Chelsea,Newcastle,1.4,1.5,1.4,1.2,5,10,6.0,1.4,1.1,1.4,1.8,5,10,7.0
2015/16,2016-02-13,Crystal Palace,Watford,0.2,0.9,0.6,2.2,5,10,7.0,0.8,1.1,0.4,1.0,5,10,7.0
2015/16,2016-02-13,Everton,West Brom,1.6,1.3,2.0,1.0,5,10,7.0,0.6,1.0,0.6,1.4,5,10,7.0
2015/16,2016-02-13,Norwich,West Ham,0.0,1.0,1.0,3.2,5,10,7.0,1.4,1.6,1.6,1.2,5,10,7.0
2015/16,2016-02-13,Sunderland,Man United,1.0,0.8,1.6,2.0,5,10,7.0,1.6,1.2,1.6,1.0,5,10,6.0
2015/16,2016-02-13,Swansea,Southampton,1.6,1.3,1.4,1.4,5,10,7.0,2.6,1.6,1.4,0.0,5,10,7.0
2015/16,2016-02-14,Arsenal,Leicester,1.2,1.8,1.0,0.8,5,10,7.0,2.6,2.1,2.0,0.4,5,10,8.0
2015/16,2016-02-14,Aston Villa,Liverpool,1.6,1.0,0.8,0.6,5,10,8.0,1.0,1.2,2.0,2.4,5,10,8.0
2015/16,2016-02-14,Man City,Tottenham,1.6,1.8,1.6,1.0,5,10,8.0,2.4,2.2,2.2,0.6,5,10,8.0
2015/16,2016-02-27,Leicester,Norwich,2.0,1.8,2.0,0.8,5,10,13.0,0.2,1.0,1.2,3.0,5,10,14.0
2015/16,2016-02-27,Southampton,Chelsea,2.6,1.9,1.2,0.0,5,10,14.0,1.8,1.8,2.0,1.0,5,10,14.0
2015/16,2016-02-27,Stoke,Aston Villa,0.8,1.3,0.6,2.0,5,10,14.0,1.0,1.0,0.6,1.8,5,10,13.0
2015/16,2016-02-27,Watford,Bournemouth,1.4,1.1,0.8,0.8,5,10,14.0,1.4,1.2,1.4,1.4,5,10,14.0
2015/16,2016-02-27,West Brom,Crystal Palace,1.0,1.2,0.4,1.0,5,10,14.0,0.2,0.6,0.8,2.4,5,10,14.0
2015/16,2016-02-27,West Ham,Sunderland,1.0,1.6,1.4,1.4,5,10,14.0,1.0,1.1,1.2,1.8,5,10,14.0
2015/16,2016-02-28,Man United,Arsenal,1.4,1.2,1.2,0.8,5,10,15.0,1.6,1.8,0.8,0.4,5,10,14.0
2015/16,2016-02-28,Tottenham,Swansea,3.0,2.5,2.6,0.6,5,10,14.0,1.6,1.3,1.0,0.8,5,10,15.0
2015/16,2016-03-01,Aston Villa,Everton,0.8,0.9,0.6,2.0,5,10,3.0,1.4,1.2,2.0,1.2,5,10,17.0
2015/16,2016-03-01,Bournemouth,Southampton,1.0,1.0,0.8,1.4,5,10,3.0,2.0,1.9,0.8,0.4,5,10,3.0
2015/16,2016-03-01,Leicester,West Brom,2.4,1.8,2.0,0.6,5,10,3.0,1.6,1.5,1.0,0.8,5,10,3.0
2015/16,2016-03-01,Norwich,Chelsea,0.2,0.7,1.2,2.6,5,10,3.0,2.2,1.8,1.8,0.6,5,10,3.0
2015/16,2016-03-01,Sunderland,Crystal Palace,1.0,1.1,1.0,1.2,5,10,3.0,0.2,0.3,1.2,2.2,5,10,3.0
2015/16,2016-03-02,Arsenal,Swansea,1.4,1.5,1.2,1.0,5,10,3.0,1.0,1.2,1.0,1.2,5,10,3.0
2015/16,2016-03-02,Liverpool,Man City,1.4,1.4,2.6,1.8,5,10,17.0,1.4,1.5,1.8,1.4,5,10,17.0
2015/16,2016-03-02,Man United,Watford,1.4,1.5,1.6,1.2,5,10,3.0,1.6,0.9,0.8,0.6,5,10,4.0
2015/16,2016-03-02,Stoke,Newcastle,1.2,1.6,1.0,2.2,5,10,4.0,1.2,0.8,1.0,2.2,5,10,18.0
2015/16,2016-03-02,West Ham,Tottenham,1.6,1.8,1.4,1.0,5,10,4.0,3.0,2.5,2.2,0.6,5,10,3.0
2015/16,2016-03-05,Chelsea,Stoke,2.2,2.0,2.0,0.8,5,10,4.0,1.8,1.6,1.2,1.6,5,10,3.0
2015/16,2016-03-05,Everton,West Ham,1.8,1.5,2.0,0.8,5,10,4.0,2.0,2.0,1.2,0.6,5,10,3.0
2015/16,2016-03-05,Man City,Aston Villa,0.8,1.5,1.0,2.0,5,10,3.0,0.6,0.8,0.8,2.6,5,10,4.0
2015/16,2016-03-05,Newcastle,Bournemouth,0.6,0.7,0.6,2.2,5,10,3.0,1.4,1.2,1.0,1.2,5,10,4.0
2015/16,2016-03-05,Southampton,Sunderland,1.4,1.6,0.6,0.8,5,10,4.0,1.0,1.2,1.2,1.4,5,10,4.0
2015/16,2016-03-05,Swansea,Norwich,1.0,1.2,1.0,1.2,5,10,3.0,0.2,0.7,0.6,2.0,5,10,4.0
2015/16,2016-03-05,Tottenham,Arsenal,2.4,2.2,1.6,0.6,5,10,3.0,1.4,1.5,1.4,1.2,5,10,3.0
2015/16,2016-03-05,Watford,Leicester,1.0,0.8,0.4,0.6,5,10,3.0,2.0,1.9,1.8,1.0,5,10,4.0
2015/16,2016-03-06,Crystal Palace,Liverpool,0.4,0.3,1.4,2.0,5,10,5.0,2.0,1.7,3.2,1.6,5,10,4.0
2015/16,2016-03-06,West Brom,Man United,1.6,1.6,1.4,1.2,5,10,5.0,2.0,1.8,1.8,1.0,5,10,4.0
2015/16,2016-03-12,Bournemouth,Swansea,1.4,1.5,1.2,1.2,5,10,7.0,1.4,1.4,1.0,1.0,5,10,7.0
2015/16,2016-03-12,Norwich,Man City,0.2,0.4,0.6,1.6,5,10,7.0,1.2,1.5,1.4,1.6,5,10,7.0
2015/16,2016-03-12,Stoke,Southampton,2.0,1.4,1.4,1.2,5,10,7.0,1.4,1.7,0.8,1.0,5,10,7.0
2015/16,2016-03-13,Aston Villa,Tottenham,0.6,0.8,0.8,3.0,5,10,8.0,2.0,2.0,1.4,1.0,5,10,8.0
2015/16,2016-03-14,Leicester,Newcastle,2.0,2.1,1.6,1.0,5,10,9.0,0.6,0.7,0.6,2.4,5,10,9.0
2015/16,2016-03-19,Chelsea,West Ham,2.2,2.0,2.2,1.0,5,10,14.0,2.0,2.0,1.4,1.0,5,10,14.0
2015/16,2016-03-19,Crystal Palace,Leicester,0.4,0.2,1.4,2.0,5,10,13.0,2.0,2.3,1.2,0.8,5,10,5.0
2015/16,2016-03-19,Everton,Arsenal,1.8,1.2,2.2,1.0,5,10,14.0,1.4,1.3,1.8,1.6,5,10,14.0
2015/16,2016-03-19,Swansea,Aston Villa,1.2,1.4,1.2,1.4,5,10,7.0,0.0,0.8,0.4,3.4,5,10,6.0
2015/16,2016-03-19,Watford,Stoke,0.8,0.8,0.4,0.8,5,10,14.0,2.0,1.4,1.6,1.0,5,10,7.0
2015/16,2016-03-19,West Brom,Norwich,2.0,1.6,1.4,1.0,5,10,13.0,0.4,0.2,0.6,1.2,5,10,7.0
2015/16,2016-03-20,Man City,Man United,0.8,1.5,1.2,1.6,5,10,8.0,1.4,1.7,1.2,1.2,5,10,14.0
2015/16,2016-03-20,Newcastle,Sunderland,0.6,0.7,0.6,2.0,5,10,6.0,1.2,1.3,1.4,1.4,5,10,15.0
2015/16,2016-03-20,Southampton,Liverpool,1.4,2.0,1.0,1.2,5,10,8.0,2.0,1.7,2.6,1.0,5,10,14.0
2015/16,2016-03-20,Tottenham,Bournemouth,2.0,2.2,1.6,1.0,5,10,7.0,2.0,1.7,1.8,1.2,5,10,8.0
2015/16,2016-04-02,Arsenal,Watford,1.4,1.3,1.8,1.6,5,10,14.0,0.8,0.8,0.6,1.0,5,10,14.0
2015/16,2016-04-02,Aston Villa,Chelsea,0.0,0.5,0.4,2.4,5,10,14.0,2.2,1.8,2.4,1.2,5,10,14.0
2015/16,2016-04-02,Bournemouth,Man City,2.0,1.7,1.6,1.2,5,10,13.0,0.8,1.2,1.0,1.2,5,10,13.0
2015/16,2016-04-02,Liverpool,Tottenham,2.0,1.4,3.0,1.2,5,10,13.0,2.0,2.5,1.8,0.8,5,10,13.0
2015/16,2016-04-02,Norwich,Newcastle,0.8,0.5,0.4,0.8,5,10,14.0,0.2,0.8,0.6,2.2,5,10,13.0
2015/16,2016-04-02,Stoke,Swansea,2.0,1.4,1.4,1.0,5,10,14.0,1.8,1.7,1.4,1.2,5,10,14.0
2015/16,2016-04-02,Sunderland,West Brom,1.2,1.1,1.2,1.2,5,10,13.0,2.0,1.3,1.4,1.0,5,10,14.0
2015/16,2016-04-02,West Ham,Crystal Palace,2.2,1.8,1.8,1.2,5,10,14.0,0.2,0.2,1.2,2.0,5,10,14.0
2015/16,2016-04-03,Leicester,Southampton,2.6,2.3,1.2,0.4,5,10,15.0,1.4,2.0,1.4,1.6,5,10,14.0
2015/16,2016-04-03,Man United,Everton,1.8,1.7,1.2,1.0,5,10,14.0,1.2,1.2,1.6,1.4,5,10,15.0
2015/16,2016-04-09,Aston Villa,Bournemouth,0.0,0.4,0.2,2.8,5,10,7.0,1.8,1.4,1.6,2.0,5,10,7.0
2015/16,2016-04-09,Crystal Palace,Norwich,0.4,0.3,1.4,2.0,5,10,7.0,1.4,0.8,1.0,1.0,5,10,7.0
2015/16,2016-04-09,Man City,West Brom,1.4,1.4,1.6,0.8,5,10,7.0,1.6,1.3,1.2,1.0,5,10,7.0
2015/16,2016-04-09,Southampton,Newcastle,1.4,1.7,1.2,1.4,5,10,6.0,0.2,0.7,0.8,1.8,5,10,7.0
2015/16,2016-04-09,Swansea,Chelsea,2.0,1.5,1.6,1.2,5,10,7.0,2.2,2.0,2.2,1.0,5,10,7.0
2015/16,2016-04-09,Watford,Everton,0.2,0.8,0.2,1.6,5,10,7.0,0.6,1.1,1.0,1.6,5,10,6.0
2015/16,2016-04-09,West Ham,Arsenal,2.2,1.6,1.8,1.2,5,10,7.0,1.4,1.5,2.2,1.4,5,10,7.0
2015/16,2016-04-10,Liverpool,Stoke,2.0,1.5,2.8,1.0,5,10,8.0,1.6,1.4,1.4,1.2,5,10,8.0
2015/16,2016-04-10,Sunderland,Leicester,0.8,0.9,0.8,1.0,5,10,8.0,2.6,2.5,1.2,0.4,5,10,7.0
2015/16,2016-04-10,Tottenham,Man United,1.6,2.3,1.6,0.8,5,10,8.0,2.4,1.9,1.2,0.6,5,10,7.0
2015/16,2016-04-13,Crystal Palace,Everton,1.0,0.6,1.2,1.4,5,10,4.0,0.8,1.1,1.2,1.6,5,10,4.0
2015/16,2016-04-16,Chelsea,Man City,1.6,1.9,1.8,1.0,5,10,7.0,2.0,1.4,2.0,0.4,5,10,7.0
2015/16,2016-04-16,Everton,Southampton,0.4,1.1,0.6,1.4,5,10,3.0,2.0,1.7,1.8,1.2,5,10,7.0
2015/16,2016-04-16,Man United,Aston Villa,1.8,1.6,0.6,0.8,5,10,6.0,0.0,0.3,0.2,2.6,5,10,7.0
2015/16,2016-04-16,Newcastle,Swansea,0.2,0.4,1.0,2.2,5,10,7.0,2.0,1.5,1.4,1.0,5,10,7.0
2015/16,2016-04-16,Norwich,Sunderland,1.4,0.8,0.8,0.8,5,10,7.0,0.8,0.9,0.8,1.2,5,10,6.0
2015/16,2016-04-16,West Brom,Watford,1.0,1.3,0.8,1.0,5,10,7.0,0.2,0.9,0.4,1.8,5,10,7.0
2015/16,2016-04-17,Arsenal,Crystal Palace,1.6,1.5,2.4,1.4,5,10,8.0,1.0,0.7,0.8,1.0,5,10,4.0
2015/16,2016-04-17,Bournemouth,Liverpool,1.8,1.6,1.6,2.2,5,10,8.0,2.0,1.7,2.4,1.2,5,10,7.0
2015/16,2016-04-17,Leicester,West Ham,3.0,2.5,1.2,0.0,5,10,7.0,1.8,1.7,2.2,1.8,5,10,8.0
2015/16,2016-04-18,Stoke,Tottenham,1.0,1.4,1.4,2.0,5,10,8.0,2.2,2.3,2.2,0.6,5,10,8.0
2015/16,2016-04-19,Newcastle,Man City,0.8,0.7,1.4,1.6,5,10,3.0,2.0,1.6,1.8,0.4,5,10,3.0
2015/16,2016-04-20,Liverpool,Everton,2.0,2.0,2.2,1.4,5,10,3.0,0.6,1.2,0.4,1.0,5,10,4.0
2015/16,2016-04-20,Man United,Crystal Palace,1.8,1.9,0.6,0.8,5,10,4.0,1.2,0.8,0.8,0.8,5,10,3.0
2015/16,2016-04-20,West Ham,Watford,1.4,1.7,2.4,2.2,5,10,3.0,0.8,0.9,0.6,1.6,5,10,4.0
2015/16,2016-04-21,Arsenal,West Brom,1.8,1.6,2.4,1.2,5,10,4.0,0.8,1.2,0.4,0.8,5,10,5.0
2015/16,2016-04-23,Aston Villa,Southampton,0.0,0.3,0.2,2.0,5,10,7.0,2.0,1.7,1.8,1.2,5,10,7.0
2015/16,2016-04-23,Bournemouth,Chelsea,1.2,1.3,1.2,2.4,5,10,6.0,1.0,1.6,1.4,1.4,5,10,7.0
2015/16,2016-04-23,Liverpool,Newcastle,2.0,2.0,2.6,1.2,5,10,3.0,1.0,0.8,1.6,1.6,5,10,4.0
2015/16,2016-04-23,Man City,Stoke,2.0,1.4,2.0,0.6,5,10,4.0,0.8,1.4,1.2,2.6,5,10,5.0
2015/16,2016-04-24,Leicester,Swansea,2.6,2.3,1.4,0.4,5,10,7.0,1.4,1.4,1.2,1.6,5,10,8.0
2015/16,2016-04-24,Sunderland,Arsenal,1.2,1.1,1.0,0.8,5,10,8.0,2.2,1.8,2.4,0.8,5,10,3.0
2015/16,2016-04-25,Tottenham,West Brom,2.6,2.3,2.6,0.2,5,10,7.0,0.2,1.1,0.2,1.2,5,10,4.0
2015/16,2016-04-30,Arsenal,Norwich,1.8,1.6,2.0,0.8,5,10,6.0,1.4,0.8,0.8,1.2,5,10,14.0
2015/16,2016-04-30,Everton,Bournemouth,0.6,0.9,0.4,1.4,5,10,10.0,0.6,1.3,0.8,2.8,5,10,7.0
2015/16,2016-04-30,Newcastle,Crystal Palace,1.0,0.6,1.8,1.8,5,10,7.0,1.2,0.7,0.8,1.0,5,10,10.0
2015/16,2016-04-30,Stoke,Sunderland,0.8,1.4,1.0,3.0,5,10,7.0,1.2,1.2,0.8,0.6,5,10,6.0
2015/16,2016-04-30,Watford,Aston Villa,0.8,0.8,0.8,2.0,5,10,10.0,0.0,0.0,0.6,2.4,5,10,7.0
2015/16,2016-04-30,West Brom,West Ham,0.4,1.2,0.4,1.2,5,10,5.0,1.4,1.7,2.4,2.0,5,10,10.0
2015/16,2016-05-01,Man United,Leicester,2.4,1.9,1.0,0.6,5,10,11.0,2.6,2.3,2.0,0.4,5,10,7.0
2015/16,2016-05-01,Southampton,Man City,2.0,1.7,2.2,1.4,5,10,8.0,2.6,1.7,2.8,0.4,5,10,8.0
2015/16,2016-05-01,Swansea,Liverpool,1.4,1.3,0.8,1.8,5,10,7.0,2.2,2.1,2.6,1.0,5,10,8.0
2015/16,2016-05-02,Chelsea,Tottenham,1.4,1.8,2.0,1.4,5,10,9.0,2.2,2.1,2.4,0.4,5,10,7.0
2015/16,2016-05-07,Aston Villa,Newcastle,0.0,0.0,1.0,2.8,5,10,7.0,1.6,0.9,1.6,1.2,5,10,7.0
2015/16,2016-05-07,Bournemouth,West Brom,0.6,1.3,1.0,2.6,5,10,7.0,0.2,0.9,0.4,1.8,5,10,7.0
2015/16,2016-05-07,Crystal Palace,Stoke,1.0,0.7,0.4,0.8,5,10,7.0,0.4,1.2,0.8,3.0,5,10,7.0
2015/16,2016-05-07,Leicester,Everton,2.2,2.4,2.0,0.6,5,10,6.0,1.2,0.9,0.8,1.4,5,10,7.0
2015/16,2016-05-07,Norwich,Man United,1.2,0.8,0.8,1.4,5,10,7.0,2.0,1.9,1.0,0.8,5,10,6.0
2015/16,2016-05-07,Sunderland,Chelsea,1.2,1.2,0.8,0.6,5,10,7.0,1.4,1.8,2.0,1.4,5,10,5.0
2015/16,2016-05-07,West Ham,Swansea,1.8,2.0,2.6,1.6,5,10,7.0,1.4,1.6,1.2,2.0,5,10,6.0
2015/16,2016-05-08,Liverpool,Watford,2.0,2.0,2.6,1.4,5,10,7.0,1.4,1.1,1.2,2.0,5,10,8.0
2015/16,2016-05-08,Man City,Arsenal,2.0,1.7,2.4,1.2,5,10,7.0,1.8,1.6,1.4,0.8,5,10,8.0
2015/16,2016-05-08,Tottenham,Southampton,1.8,1.9,2.2,0.8,5,10,6.0,2.0,1.7,2.4,1.4,5,10,7.0
2015/16,2016-05-10,West Ham,Man United,1.6,1.9,2.4,2.0,5,10,3.0,2.0,2.2,1.0,0.8,5,10,3.0
2015/16,2016-05-11,Liverpool,Chelsea,2.0,2.0,2.2,1.2,5,10,3.0,0.8,1.5,1.6,2.0,5,10,4.0
2015/16,2016-05-11,Norwich,Watford,0.6,0.7,0.6,1.6,5,10,4.0,1.4,0.8,1.2,1.6,5,10,3.0
2015/16,2016-05-11,Sunderland,Everton,1.6,1.2,1.4,1.0,5,10,4.0,1.0,0.9,0.8,1.8,5,10,4.0
2015/16,2016-05-15,Arsenal,Aston Villa,1.8,1.7,1.2,0.6,5,10,7.0,0.2,0.1,1.0,2.0,5,10,8.0
2015/16,2016-05-15,Chelsea,Leicester,1.0,1.3,1.8,2.0,5,10,4.0,2.2,2.4,2.4,0.8,5,10,8.0
2015/16,2016-05-15,Everton,Norwich,0.8,0.6,0.8,2.4,5,10,4.0,0.6,1.0,0.8,1.6,5,10,4.0
2015/16,2016-05-15,Newcastle,Tottenham,1.8,1.0,1.4,0.6,5,10,8.0,1.6,1.6,2.2,1.0,5,10,7.0
2015/16,2016-05-15,Southampton,Crystal Palace,2.6,2.0,2.8,1.4,5,10,7.0,1.0,1.0,0.6,1.0,5,10,8.0
2015/16,2016-05-15,Stoke,West Ham,0.2,0.9,0.6,3.0,5,10,8.0,2.0,1.9,2.4,1.8,5,10,5.0
2015/16,2016-05-15,Swansea,Man City,1.8,1.9,1.6,1.8,5,10,8.0,1.6,1.8,2.4,1.4,5,10,7.0
2015/16,2016-05-15,Watford,Sunderland,1.2,0.7,1.4,2.2,5,10,4.0,2.2,1.5,2.0,0.6,5,10,4.0
2015/16,2016-05-15,West Brom,Liverpool,0.4,0.7,0.4,1.6,5,10,8.0,1.6,1.8,2.0,1.2,5,10,4.0
2015/16,2016-05-17,Man United,Bournemouth,2.0,1.9,1.4,0.8,5,10,7.0,0.8,1.3,1.2,2.0,5,10,10.0
2016/17,2016-08-13,Burnley,Swansea,,,,,0,0,,1.4,1.7,1.6,2.0,5,10,60.0
2016/17,2016-08-13,Crystal Palace,West Brom,0.8,0.9,0.8,1.8,5,10,60.0,0.6,0.7,0.6,1.6,5,10,60.0
2016/17,2016-08-13,Everton,Tottenham,1.2,0.9,1.2,2.2,5,10,60.0,1.0,1.6,1.8,2.0,5,10,60.0
2016/17,2016-08-13,Hull,Leicester,,,,,0,0,,1.8,2.4,2.2,1.0,5,10,60.0
2016/17,2016-08-13,Man City,Sunderland,1.2,1.6,2.0,1.6,5,10,60.0,1.8,1.5,1.8,1.0,5,10,60.0
2016/17,2016-08-13,Middlesbrough,Stoke,,,,,0,0,,0.8,0.9,0.8,2.4,5,10,60.0
2016/17,2016-08-13,Southampton,Watford,2.6,2.3,3.0,1.4,5,10,60.0,0.8,0.8,1.6,2.6,5,10,60.0
2016/17,2016-08-14,Arsenal,Liverpool,2.2,2.0,1.8,0.4,5,10,60.0,1.2,1.6,1.4,1.4,5,10,60.0
2016/17,2016-08-14,Bournemouth,Man United,0.2,1.0,1.0,2.4,5,10,60.0,2.0,1.9,1.8,1.0,5,10,60.0
2016/17,2016-08-15,Chelsea,West Ham,1.2,1.1,2.0,1.6,5,10,60.0,1.8,1.6,2.2,1.8,5,10,60.0
2016/17,2016-08-19,Man United,Southampton,2.0,2.2,2.0,1.2,5,10,5.0,2.6,2.3,3.0,1.4,5,10,6.0
2016/17,2016-08-20,Burnley,Liverpool,0.0,0.0,0.0,1.0,1,1,7.0,1.6,1.9,1.8,1.6,5,10,6.0
2016/17,2016-08-20,Leicester,Arsenal,1.6,2.1,2.0,1.0,5,10,7.0,1.6,1.9,2.0,1.2,5,10,6.0
2016/17,2016-08-20,Stoke,Man City,1.0,0.9,1.0,1.8,5,10,7.0,1.6,1.8,2.2,1.6,5,10,7.0
2016/17,2016-08-20,Swansea,Hull,2.0,1.7,1.8,1.4,5,10,7.0,3.0,3.0,2.0,1.0,1,1,7.0
2016/17,2016-08-20,Tottenham,Crystal Palace,0.6,1.6,1.2,2.2,5,10,7.0,0.6,0.9,0.6,1.8,5,10,7.0
2016/17,2016-08-20,Watford,Chelsea,1.0,0.9,1.6,2.2,5,10,7.0,1.2,1.3,1.6,1.6,5,10,5.0
2016/17,2016-08-20,West Brom,Everton,1.2,0.7,0.8,1.2,5,10,7.0,1.4,1.0,1.4,1.6,5,10,7.0
2016/17,2016-08-21,Sunderland,Middlesbrough,1.6,1.4,2.0,1.4,5,10,8.0,1.0,1.0,1.0,1.0,1,1,8.0
2016/17,2016-08-21,West Ham,Bournemouth,1.2,1.3,1.8,2.0,5,10,6.0,0.2,0.7,1.0,2.6,5,10,7.0
2016/17,2016-08-27,Chelsea,Burnley,1.6,1.5,1.6,1.4,5,10,7.0,1.5,1.5,1.0,0.5,2,2,7.0
2016/17,2016-08-27,Crystal Palace,Bournemouth,0.6,0.9,0.6,1.6,5,10,7.0,0.2,0.4,0.8,2.0,5,10,6.0
2016/17,2016-08-27,Everton,Stoke,1.4,1.3,1.4,1.6,5,10,7.0,1.0,0.9,1.2,1.8,5,10,7.0
2016/17,2016-08-27,Hull,Man United,3.0,3.0,2.0,0.5,2,2,7.0,2.4,2.2,2.2,1.0,5,10,8.0
2016/17,2016-08-27,Leicester,Swansea,1.2,1.9,1.2,1.0,5,10,7.0,2.0,1.7,1.8,1.0,5,10,7.0
2016/17,2016-08-27,Southampton,Sunderland,2.0,2.0,2.2,1.4,5,10,8.0,1.4,1.3,2.0,1.6,5,10,6.0
2016/17,2016-08-27,Tottenham,Liverpool,1.0,1.6,1.2,2.0,5,10,7.0,1.6,1.8,1.6,1.4,5,10,7.0
2016/17,2016-08-27,Watford,Arsenal,0.4,0.9,1.2,2.2,5,10,7.0,1.6,1.7,2.0,1.2,5,10,7.0
2016/17,2016-08-28,Man City,West Ham,1.6,2.1,2.2,1.8,5,10,8.0,1.2,1.5,1.4,2.0,5,10,7.0
2016/17,2016-08-28,West Brom,Middlesbrough,1.0,0.7,0.8,1.4,5,10,8.0,2.0,2.0,1.5,1.0,2,2,7.0
2016/17,2016-09-10,Arsenal,Southampton,1.6,1.7,2.4,1.4,5,10,14.0,1.6,1.8,1.6,1.2,5,10,14.0
2016/17,2016-09-10,Bournemouth,West Brom,0.4,0.5,0.8,1.8,5,10,14.0,1.2,0.7,0.8,0.8,5,10,13.0
2016/17,2016-09-10,Burnley,Hull,1.0,1.0,0.6666666666666666,1.3333333333333333,3,3,14.0,2.0,2.0,1.3333333333333333,0.6666666666666666,3,3,14.0
2016/17,2016-09-10,Liverpool,Leicester,1.2,1.6,1.4,1.6,5,10,14.0,1.6,1.9,1.4,1.0,5,10,14.0
2016/17,2016-09-10,Man United,Man City,2.4,2.2,2.2,1.0,5,10,14.0,2.2,2.1,2.4,1.2,5,10,13.0
2016/17,2016-09-10,Middlesbrough,Crystal Palace,1.6666666666666667,1.6666666666666667,1.0,0.6666666666666666,3,3,13.0,0.8,0.9,0.8,1.6,5,10,14.0
2016/17,2016-09-10,Stoke,Tottenham,0.8,0.6,1.0,1.8,5,10,14.0,1.0,1.4,1.0,1.8,5,10,14.0
2016/17,2016-09-10,West Ham,Watford,1.2,1.4,1.4,1.8,5,10,13.0,0.4,0.9,1.4,2.4,5,10,14.0
2016/17,2016-09-11,Swansea,Chelsea,1.4,1.4,1.4,1.2,5,10,15.0,2.2,1.5,1.8,0.8,5,10,15.0
2016/17,2016-09-12,Sunderland,Everton,1.0,1.3,1.6,1.4,5,10,16.0,2.0,1.5,1.4,1.0,5,10,16.0
2016/17,2016-09-16,Chelsea,Liverpool,2.2,1.6,2.0,1.0,5,10,5.0,1.6,1.6,2.0,1.6,5,10,6.0
2016/17,2016-09-17,Everton,Middlesbrough,2.6,1.7,2.0,0.4,5,10,5.0,1.25,1.25,1.0,1.0,4,4,7.0
2016/17,2016-09-17,Hull,Arsenal,1.75,1.75,1.25,0.75,4,4,7.0,2.0,1.9,2.4,1.2,5,10,7.0
2016/17,2016-09-17,Leicester,Burnley,1.0,1.6,1.0,1.6,5,10,7.0,1.0,1.0,0.75,1.25,4,4,7.0
2016/17,2016-09-17,Man City,Bournemouth,2.6,2.1,2.4,1.0,5,10,7.0,0.8,0.8,0.8,1.6,5,10,7.0
2016/17,2016-09-17,West Brom,West Ham,1.0,0.7,0.6,0.8,5,10,7.0,0.6,1.3,1.2,2.2,5,10,7.0
2016/17,2016-09-18,Crystal Palace,Stoke,0.8,0.9,0.8,1.6,5,10,8.0,0.8,0.5,0.8,2.2,5,10,8.0
2016/17,2016-09-18,Southampton,Swansea,1.0,1.8,1.4,1.4,5,10,8.0,1.0,1.4,1.0,1.4,5,10,7.0
2016/17,2016-09-18,Tottenham,Sunderland,1.6,1.6,1.6,1.4,5,10,8.0,0.4,1.3,1.0,2.0,5,10,6.0
2016/17,2016-09-18,Watford,Man United,1.0,1.1,1.8,2.0,5,10,8.0,2.4,2.2,2.0,0.8,5,10,8.0
2016/17,2016-09-24,Arsenal,Chelsea,2.0,2.1,2.4,1.4,5,10,7.0,2.0,1.6,2.0,1.2,5,10,8.0
2016/17,2016-09-24,Bournemouth,Everton,0.8,0.5,0.6,1.8,5,10,7.0,2.6,1.9,2.0,0.6,5,10,7.0
2016/17,2016-09-24,Liverpool,Hull,2.0,1.6,2.2,1.6,5,10,8.0,1.4,1.4,1.2,1.4,5,5,7.0
2016/17,2016-09-24,Man United,Leicester,1.8,1.9,1.6,1.2,5,10,6.0,1.4,1.6,1.4,1.4,5,10,7.0
2016/17,2016-09-24,Middlesbrough,Tottenham,1.0,1.0,1.0,1.4,5,5,7.0,2.2,1.6,1.6,0.4,5,10,6.0
2016/17,2016-09-24,Stoke,West Brom,0.2,0.5,0.6,2.8,5,10,6.0,1.4,1.0,1.2,1.0,5,10,7.0
2016/17,2016-09-24,Sunderland,Crystal Palace,0.2,1.0,0.6,1.8,5,10,6.0,1.4,1.1,1.4,1.0,5,10,6.0
2016/17,2016-09-24,Swansea,Man City,0.8,1.1,0.8,1.4,5,10,6.0,3.0,2.1,3.0,0.8,5,10,7.0
2016/17,2016-09-25,West Ham,Southampton,0.6,1.2,1.4,2.6,5,10,8.0,1.0,1.8,0.8,1.2,5,10,7.0
2016/17,2016-09-26,Burnley,Watford,0.8,0.8,0.6,1.6,5,5,9.0,1.4,1.1,2.0,1.8,5,10,8.0
2016/17,2016-09-30,Everton,Crystal Palace,2.4,1.9,1.8,0.6,5,10,6.0,2.0,1.3,2.0,1.2,5,10,6.0
2016/17,2016-10-01,Hull,Chelsea,0.8,1.1666666666666667,1.0,2.2,5,6,7.0,1.4,1.3,1.6,1.6,5,10,7.0
2016/17,2016-10-01,Sunderland,West Brom,0.2,0.9,0.8,2.0,5,10,7.0,1.0,1.1,1.2,1.2,5,10,7.0
2016/17,2016-10-01,Swansea,Liverpool,0.2,1.1,0.8,2.0,5,10,7.0,2.0,1.8,2.4,1.2,5,10,7.0
2016/17,2016-10-01,Watford,Bournemouth,1.2,1.1,1.8,2.0,5,10,5.0,1.4,0.8,0.6,1.2,5,10,7.0
2016/17,2016-10-01,West Ham,Middlesbrough,0.6,0.9,1.2,2.8,5,10,6.0,0.8,0.8333333333333334,1.0,1.6,5,6,7.0
2016/17,2016-10-02,Burnley,Arsenal,1.4,1.1666666666666667,1.0,1.4,5,6,6.0,2.6,2.1,2.4,0.6,5,10,8.0
2016/17,2016-10-02,Leicester,Southampton,1.4,1.5,1.4,1.8,5,10,8.0,1.4,2.0,1.2,1.0,5,10,7.0
2016/17,2016-10-02,Man United,Stoke,1.8,1.9,1.8,1.2,5,10,8.0,0.2,0.6,0.6,2.8,5,10,8.0
2016/17,2016-10-02,Tottenham,Man City,2.6,1.6,1.8,0.4,5,10,8.0,3.0,2.3,3.2,0.8,5,10,8.0
2016/17,2016-10-15,Arsenal,Swansea,3.0,2.3,2.6,0.6,5,10,13.0,0.2,1.1,1.0,2.0,5,10,14.0
2016/17,2016-10-15,Bournemouth,Hull,1.6,0.9,1.0,1.4,5,10,14.0,0.2,1.0,0.6,2.6,5,7,14.0
2016/17,2016-10-15,Chelsea,Leicester,1.4,1.5,1.6,1.4,5,10,14.0,1.4,1.3,1.4,1.8,5,10,13.0
2016/17,2016-10-15,Crystal Palace,West Ham,2.2,1.4,2.2,1.2,5,10,15.0,0.2,0.7,1.2,3.0,5,10,14.0
2016/17,2016-10-15,Man City,Everton,2.4,2.0,2.4,1.0,5,10,13.0,2.0,1.7,1.6,0.6,5,10,15.0
2016/17,2016-10-15,Stoke,Sunderland,0.4,0.7,0.6,2.2,5,10,13.0,0.4,0.9,0.8,1.8,5,10,14.0
2016/17,2016-10-15,West Brom,Tottenham,1.2,1.1,1.2,1.0,5,10,14.0,2.6,1.8,2.0,0.4,5,10,13.0
2016/17,2016-10-16,Middlesbrough,Watford,0.4,0.8571428571428571,0.8,1.6,5,7,15.0,1.4,0.9,2.0,2.0,5,10,15.0
2016/17,2016-10-16,Southampton,Burnley,1.6,1.8,1.2,0.6,5,10,14.0,0.8,1.0,0.6,1.6,5,7,14.0
2016/17,2016-10-17,Liverpool,Man United,2.6,2.1,2.8,1.0,5,10,16.0,1.4,1.9,1.6,1.4,5,10,15.0
2016/17,2016-10-22,Arsenal,Middlesbrough,3.0,2.3,2.6,0.8,5,10,7.0,0.2,0.75,0.8,1.8,5,8,6.0
2016/17,2016-10-22,Bournemouth,Tottenham,2.0,1.2,2.0,1.4,5,10,7.0,2.6,1.8,2.0,0.4,5,10,7.0
2016/17,2016-10-22,Burnley,Everton,0.8,0.875,0.8,1.6,5,8,6.0,1.6,1.8,1.6,0.8,5,10,7.0
2016/17,2016-10-22,Hull,Stoke,0.2,0.875,0.8,3.6,5,8,7.0,1.0,0.9,1.0,2.0,5,10,7.0
2016/17,2016-10-22,Leicester,Crystal Palace,0.8,1.2,1.0,2.2,5,10,7.0,2.0,1.4,2.0,1.2,5,10,7.0
2016/17,2016-10-22,Liverpool,West Brom,2.6,1.9,2.6,0.8,5,10,5.0,1.2,1.2,1.4,1.2,5,10,7.0
2016/17,2016-10-22,Swansea,Watford,0.2,0.8,1.2,2.2,5,10,7.0,2.0,1.2,2.0,1.4,5,10,6.0
2016/17,2016-10-22,West Ham,Sunderland,0.8,1.0,1.2,2.4,5,10,7.0,0.2,0.6,0.6,2.0,5,10,7.0
2016/17,2016-10-23,Chelsea,Man United,1.4,1.8,1.6,1.4,5,10,8.0,1.0,1.7,1.4,1.4,5,10,6.0
2016/17,2016-10-23,Man City,Southampton,2.0,2.1,2.0,1.0,5,10,8.0,2.0,1.8,1.6,0.6,5,10,7.0
2016/17,2016-10-29,Crystal Palace,Liverpool,1.4,1.1,1.8,1.6,5,10,7.0,2.6,2.1,2.2,0.8,5,10,7.0
2016/17,2016-10-29,Man United,Burnley,1.0,1.7,1.2,1.8,5,10,6.0,1.2,1.1111111111111112,1.0,1.6,5,9,7.0
2016/17,2016-10-29,Middlesbrough,Bournemouth,0.4,0.7777777777777778,0.6,1.4,5,9,7.0,1.6,1.2,1.8,1.4,5,10,7.0
2016/17,2016-10-29,Sunderland,Arsenal,0.2,0.3,0.6,1.6,5,10,7.0,2.6,2.3,2.2,0.6,5,10,7.0
2016/17,2016-10-29,Tottenham,Leicester,2.2,1.9,1.2,0.4,5,10,7.0,1.4,1.2,1.4,1.6,5,10,7.0
2016/17,2016-10-29,Watford,Hull,1.6,1.3,1.2,1.0,5,10,7.0,0.0,0.7777777777777778,0.6,3.8,5,9,7.0
2016/17,2016-10-29,West Brom,Man City,1.2,1.1,1.6,1.4,5,10,7.0,1.6,2.1,1.8,1.0,5,10,6.0
2016/17,2016-10-30,Everton,West Ham,1.0,1.8,1.2,1.2,5,10,8.0,1.4,1.0,1.0,1.6,5,10,8.0
2016/17,2016-10-30,Southampton,Chelsea,2.2,1.6,1.6,0.4,5,10,7.0,1.8,2.0,2.0,1.0,5,10,7.0
2016/17,2016-10-31,Stoke,Swansea,1.6,1.2,1.4,1.2,5,10,9.0,0.2,0.6,0.8,1.8,5,10,9.0
2016/17,2016-11-05,Bournemouth,Sunderland,1.6,1.2,1.8,1.0,5,10,7.0,0.2,0.2,0.8,2.2,5,10,7.0
2016/17,2016-11-05,Burnley,Crystal Palace,1.4,1.1,1.0,1.0,5,10,7.0,0.8,1.1,1.4,2.2,5,10,7.0
2016/17,2016-11-05,Chelsea,Everton,2.4,2.2,2.2,0.6,5,10,6.0,1.0,1.8,1.0,1.0,5,10,6.0
2016/17,2016-11-05,Man City,Middlesbrough,1.6,2.3,1.8,1.0,5,10,7.0,1.0,1.0,0.8,0.8,5,10,7.0
2016/17,2016-11-05,West Ham,Stoke,1.4,1.0,0.6,1.2,5,10,6.0,2.2,1.2,1.8,0.6,5,10,5.0
2016/17,2016-11-06,Arsenal,Tottenham,2.6,2.3,2.2,0.6,5,10,8.0,1.8,2.0,1.2,0.6,5,10,8.0
2016/17,2016-11-06,Hull,Southampton,0.0,0.7,0.4,3.2,5,10,8.0,1.6,1.3,1.4,0.8,5,10,7.0
2016/17,2016-11-06,Leicester,West Brom,1.0,1.2,1.0,1.8,5,10,8.0,0.6,1.0,0.8,1.8,5,10,8.0
2016/17,2016-11-06,Liverpool,Watford,2.6,2.3,2.6,1.0,5,10,8.0,1.6,1.5,0.8,0.8,5,10,8.0
2016/17,2016-11-06,Swansea,Man United,0.2,0.5,1.0,2.2,5,10,6.0,1.2,1.5,1.0,1.2,5,10,8.0
2016/17,2016-11-19,Crystal Palace,Man City,0.2,1.1,1.2,2.4,5,10,14.0,1.2,2.1,1.4,1.0,5,10,14.0
2016/17,2016-11-19,Everton,Swansea,1.0,1.7,1.0,1.8,5,10,14.0,0.2,0.2,1.0,2.2,5,10,13.0
2016/17,2016-11-19,Man United,Arsenal,1.2,1.5,0.8,1.2,5,10,13.0,2.2,2.4,1.8,0.8,5,10,13.0
2016/17,2016-11-19,Southampton,Liverpool,1.0,1.2,1.0,1.2,5,10,13.0,2.6,2.3,2.8,1.0,5,10,13.0
2016/17,2016-11-19,Stoke,Bournemouth,2.2,1.2,1.8,0.6,5,10,14.0,1.0,1.2,1.8,1.4,5,10,14.0
2016/17,2016-11-19,Sunderland,Hull,0.8,0.5,0.8,1.8,5,10,14.0,0.6,0.7,0.6,2.4,5,10,13.0
2016/17,2016-11-19,Tottenham,West Ham,1.4,2.0,1.0,0.6,5,10,13.0,1.6,1.1,0.8,0.8,5,10,14.0
2016/17,2016-11-19,Watford,Leicester,1.6,1.4,1.0,1.6,5,10,13.0,1.0,1.2,1.0,1.4,5,10,13.0
2016/17,2016-11-20,Middlesbrough,Chelsea,1.2,1.0,0.8,0.6,5,10,15.0,3.0,2.2,3.2,0.0,5,10,15.0
2016/17,2016-11-21,West Brom,Burnley,1.0,1.0,1.0,1.8,5,10,15.0,1.4,1.4,1.2,1.4,5,10,16.0
2016/17,2016-11-26,Burnley,Man City,1.4,1.1,1.2,2.0,5,10,5.0,1.8,2.1,1.8,0.8,5,10,7.0
2016/17,2016-11-26,Chelsea,Tottenham,3.0,2.2,3.0,0.0,5,10,6.0,1.4,2.0,1.2,1.0,5,10,7.0
2016/17,2016-11-26,Hull,West Brom,0.6,0.4,0.6,2.6,5,10,7.0,1.4,1.3,1.6,1.6,5,10,5.0
2016/17,2016-11-26,Leicester,Middlesbrough,0.8,1.1,1.2,1.8,5,10,7.0,1.0,0.7,0.6,0.6,5,10,6.0
2016/17,2016-11-26,Liverpool,Sunderland,2.2,2.4,2.4,0.8,5,10,7.0,1.2,0.8,1.2,1.6,5,10,7.0
2016/17,2016-11-26,Swansea,Crystal Palace,0.4,0.3,1.0,2.0,5,10,7.0,0.0,1.1,1.2,2.6,5,10,7.0
2016/17,2016-11-27,Arsenal,Bournemouth,1.8,2.4,1.8,1.0,5,10,8.0,1.4,1.5,1.6,1.0,5,10,8.0
2016/17,2016-11-27,Man United,West Ham,1.2,1.3,0.8,1.2,5,10,8.0,1.4,0.8,1.0,1.2,5,10,8.0
2016/17,2016-11-27,Southampton,Everton,1.0,1.3,1.0,1.2,5,10,8.0,1.0,1.5,1.0,1.8,5,10,8.0
2016/17,2016-11-27,Watford,Stoke,2.0,1.7,1.0,1.4,5,10,8.0,2.0,1.2,1.6,0.6,5,10,8.0
2016/17,2016-12-03,Crystal Palace,Southampton,0.0,1.0,2.0,3.4,5,10,7.0,1.0,1.5,0.6,1.0,5,10,6.0
2016/17,2016-12-03,Man City,Chelsea,2.2,2.1,2.0,0.8,5,10,7.0,3.0,2.2,2.8,0.2,5,10,7.0
2016/17,2016-12-03,Stoke,Burnley,2.0,1.5,1.4,0.6,5,10,6.0,1.4,1.1,1.2,1.8,5,10,7.0
2016/17,2016-12-03,Sunderland,Leicester,1.2,0.7,1.2,1.6,5,10,7.0,1.0,0.9,1.6,1.6,5,10,7.0
2016/17,2016-12-03,Tottenham,Swansea,1.2,1.9,1.2,1.2,5,10,7.0,1.0,0.6,1.6,2.2,5,10,7.0
2016/17,2016-12-03,West Brom,Watford,1.4,1.3,1.6,1.6,5,10,7.0,1.4,1.7,0.8,1.6,5,10,6.0
2016/17,2016-12-03,West Ham,Arsenal,1.0,0.9,1.0,1.4,5,10,6.0,1.8,2.4,1.8,0.8,5,10,6.0
2016/17,2016-12-04,Bournemouth,Liverpool,0.8,1.4,0.6,1.4,5,10,7.0,2.6,2.6,2.8,0.8,5,10,8.0
2016/17,2016-12-04,Everton,Man United,0.8,1.2,0.8,1.8,5,10,7.0,1.2,1.1,1.0,1.4,5,10,7.0
2016/17,2016-12-05,Middlesbrough,Hull,1.2,0.7,1.0,0.8,5,10,9.0,0.8,0.5,0.6,1.6,5,10,9.0
2016/17,2016-12-10,Arsenal,Stoke,2.2,2.4,2.8,1.0,5,10,7.0,2.0,1.8,1.4,0.6,5,10,7.0
2016/17,2016-12-10,Burnley,Bournemouth,0.8,1.0,0.8,2.0,5,10,7.0,1.2,1.4,1.4,2.0,5,10,6.0
2016/17,2016-12-10,Hull,Crystal Palace,0.8,0.4,0.6,1.4,5,10,5.0,0.6,1.0,2.4,2.8,5,10,7.0
2016/17,2016-12-10,Leicester,Man City,0.4,0.9,1.2,1.8,5,10,7.0,2.0,1.8,2.0,1.2,5,10,7.0
2016/17,2016-12-10,Swansea,Sunderland,0.8,0.5,1.6,3.2,5,10,7.0,1.8,1.0,1.6,1.6,5,10,7.0
2016/17,2016-12-10,Watford,Everton,1.2,1.4,1.0,2.2,5,10,7.0,1.0,1.0,0.8,1.6,5,10,6.0
2016/17,2016-12-11,Chelsea,West Brom,3.0,2.4,2.6,0.4,5,10,8.0,2.0,1.6,2.0,1.4,5,10,8.0
2016/17,2016-12-11,Liverpool,West Ham,2.0,2.3,3.0,1.4,5,10,7.0,0.4,0.9,1.0,2.4,5,10,8.0
2016/17,2016-12-11,Man United,Tottenham,1.4,1.2,1.2,0.8,5,10,7.0,1.6,1.9,2.2,1.2,5,10,8.0
2016/17,2016-12-11,Southampton,Middlesbrough,0.8,1.5,0.4,1.4,5,10,8.0,1.6,1.0,1.2,0.8,5,10,6.0
2016/17,2016-12-13,Bournemouth,Leicester,1.2,1.4,1.8,2.2,5,10,3.0,0.8,0.9,1.8,2.0,5,10,3.0
2016/17,2016-12-13,Everton,Arsenal,0.4,0.7,0.8,2.2,5,10,3.0,2.2,2.4,2.6,1.0,5,10,3.0
2016/17,2016-12-14,Crystal Palace,Man United,0.8,0.8,2.6,2.6,5,10,4.0,1.8,1.5,1.4,0.8,5,10,3.0
2016/17,2016-12-14,Man City,Watford,1.4,1.5,1.6,2.0,5,10,4.0,1.2,1.4,1.4,2.6,5,10,4.0
2016/17,2016-12-14,Middlesbrough,Liverpool,1.0,1.0,0.8,1.0,5,10,3.0,1.6,2.1,2.6,1.4,5,10,3.0
2016/17,2016-12-14,Stoke,Southampton,1.4,1.8,1.0,1.0,5,10,4.0,1.4,1.5,0.6,1.0,5,10,3.0
2016/17,2016-12-14,Sunderland,Chelsea,1.8,1.0,1.4,1.4,5,10,4.0,3.0,2.7,2.4,0.4,5,10,3.0
2016/17,2016-12-14,Tottenham,Hull,1.4,1.6,2.0,1.2,5,10,3.0,1.0,0.5,1.2,1.8,5,10,4.0
2016/17,2016-12-14,West Brom,Swansea,2.0,1.3,2.0,0.8,5,10,3.0,1.4,0.8,2.0,2.6,5,10,4.0
2016/17,2016-12-14,West Ham,Burnley,0.6,1.0,1.4,2.4,5,10,3.0,1.2,1.3,1.4,2.4,5,10,4.0
2016/17,2016-12-17,Crystal Palace,Chelsea,0.8,0.5,2.4,2.4,5,10,3.0,3.0,3.0,1.6,0.4,5,10,3.0
2016/17,2016-12-17,Middlesbrough,Swansea,0.8,1.0,0.6,1.4,5,10,3.0,1.4,0.8,2.0,2.6,5,10,3.0
2016/17,2016-12-17,Stoke,Leicester,1.4,1.8,0.8,0.8,5,10,3.0,0.8,0.9,1.6,1.8,5,10,4.0
2016/17,2016-12-17,Sunderland,Watford,1.2,1.0,1.0,1.4,5,10,3.0,1.2,1.4,1.2,1.8,5,10,3.0
2016/17,2016-12-17,West Brom,Man United,2.0,1.5,2.2,0.8,5,10,3.0,1.8,1.5,1.2,0.8,5,10,3.0
2016/17,2016-12-17,West Ham,Hull,1.0,1.3,1.4,2.2,5,10,3.0,0.4,0.5,0.8,2.2,5,10,3.0
2016/17,2016-12-18,Bournemouth,Southampton,1.8,1.4,1.8,1.8,5,10,5.0,1.6,1.3,0.4,0.6,5,10,4.0
2016/17,2016-12-18,Man City,Arsenal,1.8,1.5,1.8,1.8,5,10,4.0,2.0,2.1,2.6,1.2,5,10,5.0
2016/17,2016-12-18,Tottenham,Burnley,1.8,1.6,2.4,1.0,5,10,4.0,0.6,1.0,0.8,2.2,5,10,4.0
2016/17,2016-12-19,Everton,Liverpool,1.0,1.0,1.2,1.4,5,10,6.0,1.6,2.1,2.0,1.2,5,10,5.0
2016/17,2016-12-26,Arsenal,West Brom,1.8,1.8,2.6,1.4,5,10,8.0,1.4,1.4,1.4,1.2,5,10,9.0
2016/17,2016-12-26,Burnley,Middlesbrough,0.6,1.0,1.0,1.8,5,10,8.0,1.4,1.2,1.2,1.2,5,10,9.0
2016/17,2016-12-26,Chelsea,Bournemouth,3.0,3.0,1.6,0.4,5,10,9.0,1.2,1.3,1.8,2.4,5,10,8.0
2016/17,2016-12-26,Hull,Man City,0.4,0.5,0.8,1.8,5,10,9.0,1.8,1.8,1.8,1.8,5,10,8.0
2016/17,2016-12-26,Leicester,Everton,1.0,0.9,1.8,1.8,5,10,9.0,0.8,0.9,1.0,1.4,5,10,7.0
2016/17,2016-12-26,Man United,Sunderland,2.2,1.7,1.4,0.6,5,10,9.0,1.2,1.2,0.6,1.4,5,10,9.0
2016/17,2016-12-26,Swansea,West Ham,1.2,0.8,1.8,3.0,5,10,9.0,1.6,1.5,1.2,1.6,5,10,9.0
2016/17,2016-12-26,Watford,Crystal Palace,0.6,1.3,0.8,1.8,5,10,9.0,0.8,0.4,2.2,2.2,5,10,9.0
2016/17,2016-12-27,Liverpool,Stoke,2.0,2.1,2.2,1.2,5,10,8.0,1.6,1.8,1.2,1.0,5,10,10.0
2016/17,2016-12-28,Southampton,Tottenham,2.0,1.5,1.0,0.8,5,10,10.0,1.8,1.6,2.2,0.8,5,10,10.0
2016/17,2016-12-30,Hull,Everton,0.2,0.5,0.6,2.2,5,10,4.0,1.4,1.1,1.4,1.2,5,10,4.0
2016/17,2016-12-31,Burnley,Sunderland,1.2,1.3,1.0,1.4,5,10,5.0,1.2,1.2,0.8,1.6,5,10,5.0
2016/17,2016-12-31,Chelsea,Stoke,3.0,3.0,1.8,0.2,5,10,5.0,1.0,1.5,1.2,1.8,5,10,4.0
2016/17,2016-12-31,Leicester,West Ham,0.8,0.9,1.4,1.8,5,10,5.0,2.0,1.5,1.8,1.6,5,10,5.0
2016/17,2016-12-31,Liverpool,Man City,2.0,2.3,2.6,1.4,5,10,4.0,1.8,2.0,2.0,1.6,5,10,5.0
2016/17,2016-12-31,Man United,Middlesbrough,2.6,1.9,1.8,0.6,5,10,5.0,1.2,1.2,0.8,1.0,5,10,5.0
2016/17,2016-12-31,Southampton,West Brom,1.4,1.2,1.0,1.6,5,10,3.0,1.2,1.3,1.2,1.2,5,10,5.0
2016/17,2016-12-31,Swansea,Bournemouth,0.6,0.8,1.0,3.0,5,10,5.0,1.2,1.0,1.6,2.4,5,10,5.0
2016/17,2017-01-01,Arsenal,Crystal Palace,1.8,1.8,2.2,1.2,5,10,6.0,1.0,0.5,1.6,1.4,5,10,6.0
2016/17,2017-01-01,Watford,Tottenham,0.8,1.1,1.0,1.8,5,10,6.0,2.4,1.8,2.8,0.6,5,10,4.0
2016/17,2017-01-02,Everton,Southampton,1.4,1.2,1.6,1.4,5,10,3.0,1.4,1.1,1.2,1.4,5,10,2.0
2016/17,2017-01-02,Man City,Burnley,1.8,1.9,1.8,1.2,5,10,2.0,1.8,1.3,1.8,1.2,5,10,2.0
2016/17,2017-01-02,Middlesbrough,Leicester,0.6,1.1,0.8,1.4,5,10,2.0,1.4,0.9,1.4,1.4,5,10,2.0
2016/17,2017-01-02,Sunderland,Liverpool,0.6,1.2,0.6,2.2,5,10,2.0,2.6,2.3,2.2,0.6,5,10,2.0
2016/17,2017-01-02,West Brom,Hull,1.2,1.6,1.0,1.2,5,10,2.0,0.4,0.6,1.0,2.4,5,10,3.0
2016/17,2017-01-02,West Ham,Man United,2.0,1.2,1.6,0.8,5,10,2.0,3.0,2.2,2.0,0.6,5,10,2.0
2016/17,2017-01-03,Bournemouth,Arsenal,1.2,1.2,1.4,1.8,5,10,3.0,1.8,2.0,1.6,1.0,5,10,2.0
2016/17,2017-01-03,Crystal Palace,Swansea,0.4,0.5,1.0,1.8,5,10,2.0,0.6,0.7,1.0,2.6,5,10,3.0
2016/17,2017-01-03,Stoke,Watford,0.4,1.2,1.2,2.6,5,10,3.0,0.8,1.0,1.0,2.0,5,10,2.0
2016/17,2017-01-04,Tottenham,Chelsea,2.4,2.0,2.6,0.8,5,10,3.0,3.0,3.0,2.0,0.4,5,10,4.0
2016/17,2017-01-14,Burnley,Southampton,1.2,1.2,1.4,1.2,5,10,12.0,0.8,1.1,1.0,2.0,5,10,12.0
2016/17,2017-01-14,Hull,Bournemouth,0.2,0.6,0.6,2.4,5,10,12.0,1.4,1.3,1.6,1.8,5,10,11.0
2016/17,2017-01-14,Leicester,Chelsea,1.0,0.9,0.6,1.0,5,10,12.0,2.4,2.7,1.8,0.8,5,10,10.0
2016/17,2017-01-14,Sunderland,Stoke,0.8,1.3,1.0,2.0,5,10,12.0,1.0,1.2,1.4,2.0,5,10,11.0
2016/17,2017-01-14,Swansea,Arsenal,0.6,1.0,0.8,2.8,5,10,11.0,1.4,1.8,1.6,1.4,5,10,11.0
2016/17,2017-01-14,Tottenham,West Brom,3.0,2.2,3.0,0.6,5,10,10.0,1.8,1.9,1.6,1.2,5,10,12.0
2016/17,2017-01-14,Watford,Middlesbrough,0.2,0.7,0.4,2.0,5,10,11.0,0.8,0.9,0.8,1.2,5,10,12.0
2016/17,2017-01-14,West Ham,Crystal Palace,1.8,1.2,1.2,0.8,5,10,12.0,0.2,0.5,0.6,1.6,5,10,11.0
2016/17,2017-01-15,Everton,Man City,2.0,1.2,1.8,0.8,5,10,13.0,2.4,1.9,1.8,0.6,5,10,13.0
2016/17,2017-01-15,Man United,Liverpool,3.0,2.4,2.2,0.6,5,10,13.0,2.6,2.1,2.2,0.6,5,10,13.0
2016/17,2017-01-21,Bournemouth,Watford,0.8,1.3,1.6,2.4,5,10,7.0,0.4,0.8,0.4,1.6,5,10,7.0
2016/17,2017-01-21,Crystal Palace,Everton,0.2,0.5,0.4,1.8,5,10,7.0,2.0,1.5,2.2,0.6,5,10,6.0
2016/17,2017-01-21,Liverpool,Swansea,2.2,1.9,1.8,0.8,5,10,6.0,0.6,1.0,0.6,3.0,5,10,7.0
2016/17,2017-01-21,Man City,Tottenham,1.8,1.8,1.4,1.4,5,10,6.0,3.0,2.4,3.2,0.6,5,10,7.0
2016/17,2017-01-21,Middlesbrough,West Ham,1.0,0.9,0.8,0.6,5,10,7.0,1.8,1.4,1.6,0.8,5,10,7.0
2016/17,2017-01-21,Stoke,Man United,1.4,1.4,2.0,2.2,5,10,7.0,2.6,2.2,2.0,0.6,5,10,6.0
2016/17,2017-01-21,West Brom,Sunderland,1.2,1.6,1.0,1.8,5,10,7.0,0.8,1.0,1.2,2.4,5,10,7.0
2016/17,2017-01-22,Arsenal,Burnley,2.0,2.0,2.2,1.0,5,10,8.0,1.8,1.2,1.6,1.0,5,10,8.0
2016/17,2017-01-22,Chelsea,Hull,2.4,2.7,2.2,0.8,5,10,8.0,0.8,0.6,1.2,2.0,5,10,8.0
2016/17,2017-01-22,Southampton,Leicester,0.6,1.1,1.0,2.2,5,10,8.0,1.0,0.9,0.6,1.4,5,10,8.0
2016/17,2017-01-31,Arsenal,Watford,2.6,2.2,2.4,0.8,5,10,9.0,0.6,0.6,0.8,1.8,5,10,10.0
2016/17,2017-01-31,Bournemouth,Crystal Palace,1.0,1.1,1.8,2.2,5,10,10.0,0.2,0.5,0.4,1.8,5,10,10.0
2016/17,2017-01-31,Burnley,Leicester,1.8,1.2,1.6,1.0,5,10,9.0,0.8,0.9,0.2,1.6,5,10,9.0
2016/17,2017-01-31,Liverpool,Chelsea,1.6,1.8,2.0,1.4,5,10,10.0,2.4,2.7,2.4,0.8,5,10,9.0
2016/17,2017-01-31,Middlesbrough,West Brom,0.4,0.9,0.4,1.2,5,10,10.0,1.8,1.6,1.4,1.4,5,10,10.0
2016/17,2017-01-31,Sunderland,Tottenham,0.2,0.7,1.0,2.8,5,10,10.0,2.6,2.2,3.2,0.8,5,10,10.0
2016/17,2017-01-31,Swansea,Southampton,1.2,1.2,1.2,2.8,5,10,10.0,0.6,1.3,1.0,2.0,5,10,9.0
2016/17,2017-02-01,Man United,Hull,2.2,2.2,1.8,0.8,5,10,11.0,0.8,0.6,1.2,2.2,5,10,10.0
2016/17,2017-02-01,Stoke,Everton,1.4,1.5,1.8,2.0,5,10,11.0,2.6,1.7,2.4,0.4,5,10,11.0
2016/17,2017-02-01,West Ham,Man City,1.8,1.7,2.0,1.0,5,10,11.0,1.4,1.6,1.4,1.6,5,10,11.0
2016/17,2017-02-04,Chelsea,Arsenal,2.0,2.5,2.0,1.0,5,10,4.0,2.0,1.9,2.4,1.2,5,10,4.0
2016/17,2017-02-04,Crystal Palace,Sunderland,0.6,0.8,0.6,1.6,5,10,4.0,0.4,0.8,0.8,2.2,5,10,4.0
2016/17,2017-02-04,Everton,Bournemouth,2.2,1.8,2.2,0.6,5,10,3.0,1.0,1.1,1.8,2.0,5,10,4.0
2016/17,2017-02-04,Hull,Liverpool,1.0,0.6,1.2,1.6,5,10,3.0,1.2,1.6,1.4,1.4,5,10,4.0
2016/17,2017-02-04,Southampton,West Ham,0.6,1.0,1.0,1.6,5,10,4.0,1.2,1.6,1.2,1.6,5,10,3.0
2016/17,2017-02-04,Tottenham,Middlesbrough,2.2,2.3,2.4,0.6,5,10,4.0,0.6,0.9,0.6,1.2,5,10,4.0
2016/17,2017-02-04,Watford,Burnley,1.0,0.9,1.0,1.8,5,10,4.0,1.8,1.5,1.6,1.0,5,10,4.0
2016/17,2017-02-04,West Brom,Stoke,2.0,1.6,1.6,1.4,5,10,4.0,1.6,1.3,1.8,1.4,5,10,3.0
2016/17,2017-02-05,Leicester,Man United,0.8,0.8,0.2,1.4,5,10,5.0,1.8,2.2,1.2,0.6,5,10,4.0
2016/17,2017-02-05,Man City,Swansea,1.4,1.6,1.6,1.6,5,10,4.0,1.8,1.2,1.4,2.2,5,10,5.0
2016/17,2017-02-11,Arsenal,Hull,1.4,1.6,2.2,1.8,5,10,7.0,1.4,0.9,1.2,1.2,5,10,7.0
2016/17,2017-02-11,Liverpool,Tottenham,0.6,1.6,1.2,1.8,5,10,7.0,2.2,2.3,1.8,0.4,5,10,7.0
2016/17,2017-02-11,Man United,Watford,1.8,2.4,1.4,0.4,5,10,6.0,1.6,1.2,1.2,1.2,5,10,7.0
2016/17,2017-02-11,Middlesbrough,Everton,0.6,0.6,0.4,1.0,5,10,7.0,2.6,2.0,3.0,0.8,5,10,7.0
2016/17,2017-02-11,Stoke,Crystal Palace,1.6,1.0,1.4,0.8,5,10,7.0,0.6,0.5,0.6,2.0,5,10,7.0
2016/17,2017-02-11,Sunderland,Southampton,1.0,0.8,1.4,1.4,5,10,7.0,0.6,1.0,1.0,1.8,5,10,7.0
2016/17,2017-02-11,West Ham,West Brom,1.8,1.9,1.8,1.6,5,10,7.0,2.0,1.6,1.4,1.2,5,10,7.0
2016/17,2017-02-12,Burnley,Chelsea,1.2,1.5,1.0,1.2,5,10,8.0,2.0,2.5,1.8,0.8,5,10,8.0
2016/17,2017-02-12,Swansea,Leicester,1.8,1.2,1.6,2.0,5,10,7.0,0.2,0.8,0.0,2.0,5,10,7.0
2016/17,2017-02-13,Bournemouth,Man City,0.4,0.8,1.8,3.2,5,10,9.0,2.0,1.9,2.0,1.6,5,10,8.0
2016/17,2017-02-25,Chelsea,Swansea,2.2,2.3,2.0,0.6,5,10,13.0,1.8,1.2,1.6,1.8,5,10,13.0
2016/17,2017-02-25,Crystal Palace,Middlesbrough,0.6,0.4,0.4,1.8,5,10,14.0,0.6,0.7,0.4,1.0,5,10,14.0
2016/17,2017-02-25,Everton,Sunderland,2.2,2.1,2.4,0.8,5,10,14.0,0.8,0.8,1.0,1.8,5,10,14.0
2016/17,2017-02-25,Hull,Burnley,1.4,0.8,1.0,1.0,5,10,14.0,1.4,1.3,1.0,1.0,5,10,13.0
2016/17,2017-02-25,Watford,West Ham,1.6,0.9,1.2,1.2,5,10,14.0,2.0,1.9,2.2,1.6,5,10,14.0
2016/17,2017-02-25,West Brom,Bournemouth,1.6,1.7,1.2,1.4,5,10,14.0,0.2,0.8,1.2,3.0,5,10,12.0
2016/17,2017-02-26,Tottenham,Stoke,1.6,2.3,1.4,0.8,5,10,15.0,1.6,1.3,1.2,0.8,5,10,15.0
2016/17,2017-02-27,Leicester,Liverpool,0.0,0.5,0.0,2.4,5,10,15.0,1.0,1.8,1.2,1.4,5,10,16.0
2016/17,2017-03-04,Leicester,Hull,0.6,0.8,0.6,2.0,5,10,5.0,1.0,0.9,0.6,1.0,5,10,7.0
2016/17,2017-03-04,Liverpool,Arsenal,0.8,1.5,1.2,1.8,5,10,5.0,1.8,1.6,2.0,1.2,5,10,21.0
2016/17,2017-03-04,Man United,Bournemouth,1.8,2.4,1.4,0.4,5,10,21.0,0.2,0.5,1.2,2.8,5,10,7.0
2016/17,2017-03-04,Stoke,Middlesbrough,1.0,1.2,0.6,1.4,5,10,6.0,0.4,0.7,0.4,1.2,5,10,7.0
2016/17,2017-03-04,Swansea,Burnley,1.8,1.2,1.8,1.6,5,10,7.0,1.0,1.4,1.0,1.2,5,10,7.0
2016/17,2017-03-04,Watford,Southampton,1.6,1.0,1.4,1.4,5,10,7.0,1.2,1.0,1.8,1.2,5,10,21.0
2016/17,2017-03-04,West Brom,Crystal Palace,2.2,1.7,1.6,0.8,5,10,7.0,1.2,0.7,0.6,1.2,5,10,7.0
2016/17,2017-03-05,Sunderland,Man City,0.8,0.8,0.8,1.6,5,10,8.0,2.0,2.2,2.0,1.4,5,10,20.0
2016/17,2017-03-05,Tottenham,Everton,1.6,2.3,1.4,0.8,5,10,7.0,2.2,2.1,2.0,0.8,5,10,8.0
2016/17,2017-03-06,West Ham,Chelsea,1.6,1.7,1.8,1.8,5,10,9.0,2.2,2.3,2.0,0.8,5,10,9.0
2016/17,2017-03-08,Man City,Stoke,2.6,2.2,2.4,0.6,5,10,3.0,1.4,1.4,0.8,1.2,5,10,4.0
2016/17,2017-03-11,Bournemouth,West Ham,0.2,0.6,1.0,2.6,5,10,7.0,1.0,1.4,1.4,2.0,5,10,5.0
2016/17,2017-03-11,Everton,West Brom,1.6,2.1,2.2,1.4,5,10,6.0,1.6,1.7,1.2,1.2,5,10,7.0
2016/17,2017-03-11,Hull,Swansea,1.0,0.9,0.8,1.2,5,10,7.0,1.8,1.5,1.8,1.6,5,10,7.0
2016/17,2017-03-12,Liverpool,Burnley,1.4,1.5,1.4,1.4,5,10,8.0,1.0,1.4,1.2,1.4,5,10,8.0
2016/17,2017-03-18,Bournemouth,Swansea,0.8,0.9,1.6,2.6,5,10,7.0,1.2,1.5,1.6,1.8,5,10,7.0
2016/17,2017-03-18,Crystal Palace,Watford,1.8,1.0,1.0,1.0,5,10,14.0,1.4,1.0,1.6,1.8,5,10,14.0
2016/17,2017-03-18,Everton,Hull,2.0,2.1,2.6,1.2,5,10,7.0,1.4,1.2,1.2,1.4,5,10,7.0
2016/17,2017-03-18,Stoke,Chelsea,1.4,1.5,0.6,1.0,5,10,10.0,2.2,2.3,2.0,1.0,5,10,12.0
2016/17,2017-03-18,Sunderland,Burnley,0.8,0.5,0.8,1.6,5,10,13.0,0.4,1.1,1.2,1.8,5,10,6.0
2016/17,2017-03-18,West Brom,Arsenal,1.4,1.7,1.0,1.6,5,10,7.0,1.2,1.6,1.4,1.8,5,10,14.0
2016/17,2017-03-18,West Ham,Leicester,1.0,1.1,1.8,1.8,5,10,7.0,1.2,1.0,1.2,1.6,5,10,14.0
2016/17,2017-03-19,Man City,Liverpool,2.6,2.0,2.0,0.2,5,10,11.0,1.8,1.5,1.6,1.4,5,10,7.0
2016/17,2017-03-19,Middlesbrough,Man United,0.4,0.4,0.2,1.0,5,10,15.0,1.8,2.2,1.4,0.4,5,10,15.0
2016/17,2017-03-19,Tottenham,Southampton,2.0,2.3,1.6,0.8,5,10,14.0,1.8,1.2,2.6,1.6,5,10,15.0
2016/17,2017-04-01,Burnley,Tottenham,0.6,0.9,1.0,1.4,5,10,14.0,2.4,2.3,2.0,1.0,5,10,13.0
2016/17,2017-04-01,Chelsea,Crystal Palace,2.6,2.3,2.2,1.0,5,10,14.0,1.8,1.2,0.8,1.0,5,10,14.0
2016/17,2017-04-01,Hull,West Ham,0.8,1.1,0.8,2.2,5,10,14.0,0.4,1.1,1.6,2.2,5,10,14.0
2016/17,2017-04-01,Leicester,Stoke,1.8,1.3,1.8,1.8,5,10,14.0,1.4,1.5,0.8,1.2,5,10,14.0
2016/17,2017-04-01,Liverpool,Everton,2.0,1.3,1.8,1.2,5,10,13.0,2.0,2.3,2.2,0.6,5,10,14.0
2016/17,2017-04-01,Man United,West Brom,2.2,2.2,1.8,0.4,5,10,13.0,1.4,1.7,1.4,1.8,5,10,14.0
2016/17,2017-04-01,Southampton,Bournemouth,1.2,0.9,2.2,2.0,5,10,13.0,1.4,0.9,1.4,1.4,5,10,14.0
2016/17,2017-04-01,Watford,Sunderland,0.8,0.9,1.2,1.8,5,10,14.0,0.8,0.6,0.8,1.6,5,10,14.0
2016/17,2017-04-02,Arsenal,Man City,0.6,1.6,1.2,2.2,5,10,15.0,2.2,1.8,1.4,0.4,5,10,14.0
2016/17,2017-04-02,Swansea,Middlesbrough,1.2,1.5,1.4,1.8,5,10,15.0,0.2,0.4,0.2,1.4,5,10,14.0
2016/17,2017-04-04,Burnley,Stoke,0.4,0.9,0.8,1.6,5,10,3.0,0.8,1.2,0.6,1.6,5,10,3.0
2016/17,2017-04-04,Leicester,Sunderland,2.4,1.3,2.2,1.2,5,10,3.0,0.2,0.6,0.0,1.8,5,10,3.0
2016/17,2017-04-04,Man United,Everton,2.2,2.0,1.8,0.4,5,10,3.0,1.8,2.0,2.4,1.2,5,10,3.0
2016/17,2017-04-04,Watford,West Brom,0.8,1.2,1.0,1.6,5,10,3.0,1.4,1.5,1.0,1.4,5,10,3.0
2016/17,2017-04-05,Arsenal,West Ham,0.8,1.4,1.4,2.2,5,10,3.0,0.2,1.1,1.4,2.2,5,10,4.0
2016/17,2017-04-05,Chelsea,Man City,2.0,2.0,1.8,1.2,5,10,4.0,1.8,1.9,1.4,0.6,5,10,3.0
2016/17,2017-04-05,Hull,Middlesbrough,1.4,1.4,1.2,2.0,5,10,4.0,0.4,0.5,0.2,1.2,5,10,3.0
2016/17,2017-04-05,Liverpool,Bournemouth,2.0,1.5,2.0,1.4,5,10,4.0,1.6,0.9,1.4,1.0,5,10,4.0
2016/17,2017-04-05,Southampton,Crystal Palace,1.4,1.0,2.0,1.6,5,10,4.0,2.4,1.5,1.2,0.4,5,10,4.0
2016/17,2017-04-05,Swansea,Tottenham,0.8,1.3,1.0,1.8,5,10,3.0,2.4,2.3,2.2,1.0,5,10,4.0
2016/17,2017-04-08,Bournemouth,Chelsea,1.8,1.0,1.6,1.0,5,10,3.0,2.4,2.3,2.0,1.2,5,10,3.0
2016/17,2017-04-08,Man City,Hull,1.2,1.6,1.2,1.0,5,10,3.0,1.8,1.4,1.8,2.2,5,10,3.0
2016/17,2017-04-08,Middlesbrough,Burnley,0.2,0.4,0.6,2.0,5,10,3.0,0.8,0.9,0.8,1.4,5,10,4.0
2016/17,2017-04-08,Stoke,Liverpool,0.8,0.9,0.6,1.0,5,10,4.0,2.2,1.5,2.2,1.2,5,10,3.0
2016/17,2017-04-08,Tottenham,Watford,3.0,2.3,2.8,0.8,5,10,3.0,1.4,1.5,1.4,1.2,5,10,4.0
2016/17,2017-04-08,West Brom,Southampton,0.8,1.5,0.6,1.6,5,10,4.0,2.0,1.3,2.4,1.2,5,10,3.0
2016/17,2017-04-08,West Ham,Swansea,0.0,0.8,1.2,2.6,5,10,3.0,0.8,1.3,1.0,1.8,5,10,3.0
2016/17,2017-04-09,Everton,Leicester,1.4,1.8,2.2,1.4,5,10,5.0,3.0,1.5,2.6,0.8,5,10,5.0
2016/17,2017-04-09,Sunderland,Man United,0.2,0.5,0.0,1.4,5,10,5.0,1.8,1.8,1.4,0.6,5,10,5.0
2016/17,2017-04-10,Crystal Palace,Arsenal,2.4,1.5,1.4,0.8,5,10,5.0,1.4,1.4,1.8,1.6,5,10,5.0
2016/17,2017-04-15,Crystal Palace,Leicester,2.4,1.8,1.8,0.8,5,10,5.0,2.4,1.5,2.4,1.4,5,10,6.0
2016/17,2017-04-15,Everton,Burnley,2.0,1.8,2.6,1.2,5,10,6.0,1.0,1.0,0.4,0.8,5,10,7.0
2016/17,2017-04-15,Southampton,Man City,2.0,1.6,1.8,1.2,5,10,7.0,1.2,1.9,1.4,1.2,5,10,7.0
2016/17,2017-04-15,Stoke,Hull,0.2,0.8,0.4,1.4,5,10,7.0,1.8,1.4,1.8,2.2,5,10,7.0
2016/17,2017-04-15,Sunderland,West Ham,0.2,0.5,0.0,1.6,5,10,6.0,0.6,0.8,1.2,2.2,5,10,7.0
2016/17,2017-04-15,Tottenham,Bournemouth,3.0,2.3,2.8,0.8,5,10,7.0,1.6,0.9,1.6,1.4,5,10,7.0
2016/17,2017-04-15,Watford,Swansea,1.2,1.4,1.2,1.8,5,10,7.0,0.2,1.0,0.4,1.6,5,10,7.0
2016/17,2017-04-16,Man United,Chelsea,1.8,1.8,1.6,0.6,5,10,7.0,2.4,2.3,2.0,1.2,5,10,8.0
2016/17,2017-04-16,West Brom,Liverpool,0.8,1.2,0.6,1.4,5,10,8.0,2.2,1.8,2.0,1.2,5,10,8.0
2016/17,2017-04-17,Middlesbrough,Arsenal,0.4,0.4,0.6,1.8,5,10,9.0,0.8,1.3,1.4,2.2,5,10,7.0
2016/17,2017-04-22,Bournemouth,Middlesbrough,1.0,0.9,1.0,1.8,5,10,7.0,0.4,0.4,0.8,1.8,5,10,5.0
2016/17,2017-04-22,Hull,Watford,1.2,1.3,1.6,2.6,5,10,7.0,1.8,1.6,0.8,1.0,5,10,7.0
2016/17,2017-04-22,Swansea,Stoke,0.2,0.7,0.2,1.4,5,10,7.0,0.6,1.0,1.0,1.6,5,10,7.0
2016/17,2017-04-22,West Ham,Everton,0.8,0.9,1.2,2.0,5,10,7.0,2.0,2.0,2.6,1.4,5,10,7.0
2016/17,2017-04-23,Burnley,Man United,1.0,0.7,0.4,1.0,5,10,8.0,2.2,2.0,1.8,0.4,5,10,7.0
2016/17,2017-04-23,Liverpool,Crystal Palace,2.2,2.0,1.8,1.0,5,10,7.0,2.0,1.9,1.8,1.2,5,10,8.0
2016/17,2017-04-25,Chelsea,Southampton,1.8,2.0,1.6,1.4,5,10,9.0,1.4,1.6,1.0,1.2,5,10,10.0
2016/17,2017-04-26,Arsenal,Leicester,1.4,1.3,1.6,1.8,5,10,9.0,2.0,1.6,2.2,1.6,5,10,11.0
2016/17,2017-04-26,Crystal Palace,Tottenham,2.0,1.9,2.0,1.4,5,10,3.0,3.0,2.5,3.0,0.4,5,10,11.0
2016/17,2017-04-26,Middlesbrough,Sunderland,0.4,0.3,0.6,2.0,5,10,4.0,0.4,0.6,0.4,1.6,5,10,11.0
2016/17,2017-04-27,Man City,Man United,1.6,2.1,2.0,1.2,5,10,12.0,2.2,2.2,1.6,0.2,5,10,4.0
2016/17,2017-04-29,Crystal Palace,Burnley,1.4,1.9,1.6,1.4,5,10,3.0,0.8,0.7,0.4,1.4,5,10,6.0
2016/17,2017-04-29,Southampton,Hull,1.4,1.3,1.2,1.6,5,10,4.0,1.8,1.3,2.0,1.8,5,10,7.0
2016/17,2017-04-29,Stoke,West Ham,0.6,1.0,0.8,1.6,5,10,7.0,1.0,0.7,0.8,1.4,5,10,7.0
2016/17,2017-04-29,Sunderland,Bournemouth,0.2,0.5,0.4,1.8,5,10,3.0,1.0,1.2,1.4,1.8,5,10,7.0
2016/17,2017-04-29,West Brom,Leicester,0.8,1.1,0.6,1.0,5,10,13.0,1.4,1.6,1.6,1.4,5,10,3.0
2016/17,2017-04-30,Everton,Chelsea,1.6,1.8,1.8,1.4,5,10,8.0,1.8,2.2,2.0,1.6,5,10,5.0
2016/17,2017-04-30,Man United,Swansea,2.2,2.2,1.6,0.2,5,10,3.0,0.8,1.0,0.6,1.0,5,10,8.0
2016/17,2017-04-30,Middlesbrough,Man City,0.8,0.6,0.8,2.0,5,10,4.0,1.6,1.9,1.8,1.0,5,10,3.0
2016/17,2017-04-30,Tottenham,Arsenal,3.0,2.7,2.8,0.2,5,10,4.0,2.0,1.3,1.6,1.2,5,10,4.0
2016/17,2017-05-01,Watford,Liverpool,1.8,1.3,0.8,1.2,5,10,9.0,2.0,2.0,1.8,1.2,5,10,8.0
2016/17,2017-05-05,West Ham,Tottenham,1.2,0.7,0.6,1.0,5,10,6.0,3.0,2.7,2.8,0.2,5,10,5.0
2016/17,2017-05-06,Bournemouth,Stoke,1.4,1.5,1.6,1.8,5,10,7.0,0.8,0.8,0.8,1.2,5,10,7.0
2016/17,2017-05-06,Burnley,West Brom,1.4,0.9,0.8,1.0,5,10,7.0,0.2,0.8,0.0,1.0,5,10,7.0
2016/17,2017-05-06,Hull,Sunderland,1.4,1.4,1.6,1.6,5,10,7.0,0.2,0.2,0.4,1.8,5,10,7.0
2016/17,2017-05-06,Leicester,Watford,1.4,1.9,1.4,1.4,5,10,7.0,1.2,1.0,0.6,1.4,5,10,5.0
2016/17,2017-05-06,Man City,Crystal Palace,1.6,1.7,1.8,1.0,5,10,6.0,1.4,1.9,1.4,1.2,5,10,7.0
2016/17,2017-05-06,Swansea,Everton,0.8,0.8,0.8,1.2,5,10,6.0,1.6,1.7,1.6,1.4,5,10,6.0
2016/17,2017-05-07,Arsenal,Man United,1.8,1.3,1.2,1.2,5,10,7.0,2.2,2.0,1.6,0.2,5,10,7.0
2016/17,2017-05-07,Liverpool,Southampton,2.0,2.0,1.4,1.0,5,10,6.0,1.4,1.4,1.2,1.6,5,10,8.0
2016/17,2017-05-08,Chelsea,Middlesbrough,2.4,2.2,2.4,1.2,5,10,8.0,1.0,0.6,0.8,1.6,5,10,8.0
2016/17,2017-05-10,Southampton,Arsenal,1.0,1.5,0.6,1.4,5,10,3.0,1.8,1.6,1.0,1.2,5,10,3.0
2016/17,2017-05-12,Everton,Watford,1.4,1.4,1.4,1.4,5,10,6.0,0.6,1.0,0.2,2.0,5,10,6.0
2016/17,2017-05-12,West Brom,Chelsea,0.2,0.8,0.4,1.4,5,10,6.0,2.4,2.4,2.6,1.0,5,10,4.0
2016/17,2017-05-13,Bournemouth,Burnley,1.4,1.6,1.6,1.8,5,10,7.0,1.0,0.9,1.0,1.4,5,10,7.0
2016/17,2017-05-13,Man City,Leicester,2.2,1.7,2.6,0.6,5,10,7.0,1.4,2.2,1.6,1.4,5,10,7.0
2016/17,2017-05-13,Middlesbrough,Southampton,0.8,0.6,0.8,2.2,5,10,5.0,0.4,1.2,0.4,1.8,5,10,3.0
2016/17,2017-05-13,Stoke,Arsenal,1.0,0.9,1.2,1.4,5,10,7.0,2.4,1.6,1.4,0.6,5,10,3.0
2016/17,2017-05-13,Sunderland,Swansea,0.8,0.5,0.8,1.4,5,10,7.0,1.4,1.1,0.8,0.6,5,10,7.0
2016/17,2017-05-14,Crystal Palace,Hull,0.8,1.6,0.8,2.2,5,10,8.0,0.8,1.3,0.8,1.6,5,10,8.0
2016/17,2017-05-14,Tottenham,Man United,2.4,2.7,2.2,0.2,5,10,9.0,1.6,1.7,1.0,0.6,5,10,7.0
2016/17,2017-05-14,West Ham,Liverpool,1.8,0.9,0.8,0.4,5,10,9.0,2.0,2.1,1.0,0.6,5,10,7.0
2016/17,2017-05-15,Chelsea,Watford,2.4,2.4,2.2,0.8,5,10,3.0,0.6,0.9,0.2,1.4,5,10,3.0
2016/17,2017-05-16,Arsenal,Sunderland,2.4,1.9,1.8,0.6,5,10,3.0,0.8,0.5,0.8,1.2,5,10,3.0
2016/17,2017-05-16,Man City,West Brom,2.2,1.7,2.4,0.6,5,10,3.0,0.2,0.5,0.4,1.2,5,10,4.0
2016/17,2017-05-17,Southampton,Man United,1.0,1.2,0.8,1.4,5,10,4.0,1.0,1.6,0.8,1.0,5,10,3.0
2016/17,2017-05-18,Leicester,Tottenham,1.4,1.9,1.4,1.0,5,10,5.0,2.4,2.7,1.8,0.4,5,10,4.0
2016/17,2017-05-21,Arsenal,Everton,2.4,2.2,2.0,0.6,5,10,5.0,1.4,1.7,0.8,1.0,5,10,9.0
2016/17,2017-05-21,Burnley,West Ham,0.8,0.9,1.2,1.8,5,10,8.0,1.2,0.9,0.6,1.2,5,10,7.0
2016/17,2017-05-21,Chelsea,Sunderland,3.0,2.4,3.0,1.0,5,10,6.0,0.6,0.5,0.4,1.2,5,10,5.0
2016/17,2017-05-21,Hull,Tottenham,0.8,1.3,0.6,1.8,5,10,7.0,2.4,2.7,2.2,0.6,5,10,3.0
2016/17,2017-05-21,Leicester,Bournemouth,1.2,1.6,1.2,1.8,5,10,3.0,2.0,1.8,1.8,1.4,5,10,8.0
2016/17,2017-05-21,Liverpool,Middlesbrough,2.0,2.1,1.4,0.4,5,10,7.0,0.8,0.6,0.8,2.2,5,10,8.0
2016/17,2017-05-21,Man United,Crystal Palace,0.6,1.4,0.4,1.0,5,10,4.0,1.2,1.6,1.2,1.8,5,10,7.0
2016/17,2017-05-21,Southampton,Stoke,1.2,1.3,0.4,0.6,5,10,4.0,1.0,0.6,1.2,1.8,5,10,8.0
2016/17,2017-05-21,Swansea,West Brom,2.0,1.1,1.2,0.4,5,10,8.0,0.2,0.5,0.6,1.6,5,10,5.0
2016/17,2017-05-21,Watford,Man City,0.0,0.9,0.6,2.2,5,10,6.0,2.2,1.9,2.4,0.8,5,10,5.0
2017/18,2017-08-11,Arsenal,Leicester,3.0,2.4,2.6,0.4,5,10,60.0,1.4,1.4,1.4,1.8,5,10,60.0
2017/18,2017-08-12,Brighton,Man City,,,,,0,0,,2.6,2.1,3.4,0.8,5,10,60.0
2017/18,2017-08-12,Chelsea,Burnley,3.0,2.4,3.2,0.8,5,10,60.0,0.8,0.9,1.2,1.6,5,10,60.0
2017/18,2017-08-12,Crystal Palace,Huddersfield,0.6,1.3,0.8,2.0,5,10,60.0,,,,,0,0,
2017/18,2017-08-12,Everton,Stoke,0.8,1.4,0.4,1.4,5,10,60.0,1.0,0.8,0.8,1.6,5,10,60.0
2017/18,2017-08-12,Southampton,Swansea,1.0,1.2,0.4,0.8,5,10,60.0,2.6,1.4,1.6,0.4,5,10,60.0
2017/18,2017-08-12,Watford,Liverpool,0.0,0.9,0.6,2.8,5,10,60.0,2.0,2.1,1.8,0.4,5,10,60.0
2017/18,2017-08-12,West Brom,Bournemouth,0.2,0.5,0.8,1.8,5,10,60.0,2.2,1.6,2.0,0.8,5,10,60.0
2017/18,2017-08-13,Man United,West Ham,1.0,1.6,0.8,1.0,5,10,60.0,1.6,1.2,0.6,1.0,5,10,60.0
2017/18,2017-08-13,Newcastle,Tottenham,,,,,0,0,,2.4,2.7,3.4,0.8,5,10,60.0
2017/18,2017-08-19,Bournemouth,Watford,1.6,1.3,1.2,1.0,5,10,7.0,0.2,0.7,1.2,3.2,5,10,7.0
2017/18,2017-08-19,Burnley,West Brom,1.4,1.1,1.8,1.6,5,10,7.0,0.8,0.5,1.0,1.6,5,10,7.0
2017/18,2017-08-19,Leicester,Brighton,0.8,1.1,1.8,2.6,5,10,8.0,0.0,0.0,0.0,2.0,1,1,7.0
2017/18,2017-08-19,Liverpool,Crystal Palace,2.2,2.1,2.2,0.6,5,10,7.0,0.6,1.0,0.8,2.4,5,10,7.0
2017/18,2017-08-19,Southampton,West Ham,1.0,1.0,0.4,0.8,5,10,7.0,1.4,1.2,0.6,1.8,5,10,6.0
2017/18,2017-08-19,Stoke,Arsenal,1.0,0.8,0.8,1.4,5,10,7.0,3.0,2.4,3.0,1.0,5,10,8.0
2017/18,2017-08-19,Swansea,Man United,2.2,1.5,1.2,0.4,5,10,7.0,1.4,1.8,1.4,0.8,5,10,6.0
2017/18,2017-08-20,Huddersfield,Newcastle,3.0,3.0,3.0,0.0,1,1,8.0,0.0,0.0,0.0,2.0,1,1,7.0
2017/18,2017-08-20,Tottenham,Chelsea,2.4,2.7,3.4,0.8,5,10,7.0,2.4,2.4,3.0,1.4,5,10,8.0
2017/18,2017-08-21,Man City,Everton,3.0,2.3,3.4,0.4,5,10,9.0,1.2,1.4,0.6,1.4,5,10,9.0
2017/18,2017-08-26,Bournemouth,Man City,1.0,1.2,1.0,1.4,5,10,7.0,2.6,2.4,2.6,0.6,5,10,5.0
2017/18,2017-08-26,Crystal Palace,Swansea,0.6,1.0,0.8,2.2,5,10,7.0,2.0,1.4,1.0,1.0,5,10,7.0
2017/18,2017-08-26,Huddersfield,Southampton,3.0,3.0,2.0,0.0,2,2,6.0,1.6,1.0,1.0,0.8,5,10,7.0
2017/18,2017-08-26,Man United,Leicester,2.0,1.8,2.2,0.4,5,10,7.0,0.8,1.1,1.6,2.6,5,10,7.0
2017/18,2017-08-26,Newcastle,West Ham,0.0,0.0,0.0,1.5,2,2,6.0,1.2,1.2,1.0,2.4,5,10,7.0
2017/18,2017-08-26,Watford,Brighton,0.8,0.7,1.6,2.6,5,10,7.0,0.0,0.0,0.0,2.0,2,2,7.0
2017/18,2017-08-27,Chelsea,Everton,2.4,2.4,2.8,1.6,5,10,7.0,1.4,1.5,0.8,1.0,5,10,6.0
2017/18,2017-08-27,Liverpool,Arsenal,2.2,2.1,2.2,0.6,5,10,8.0,2.4,2.4,2.6,1.2,5,10,8.0
2017/18,2017-08-27,Tottenham,Burnley,2.4,2.4,3.6,1.0,5,10,7.0,0.8,1.1,1.4,1.8,5,10,8.0
2017/18,2017-08-27,West Brom,Stoke,1.2,0.7,0.8,1.2,5,10,8.0,1.4,1.1,1.0,1.4,5,10,8.0
2017/18,2017-09-09,Arsenal,Bournemouth,1.8,2.1,1.8,1.8,5,10,13.0,0.8,1.1,0.8,1.4,5,10,14.0
2017/18,2017-09-09,Brighton,West Brom,0.3333333333333333,0.3333333333333333,0.0,1.3333333333333333,3,3,14.0,1.4,0.8,1.0,1.2,5,10,13.0
2017/18,2017-09-09,Everton,Tottenham,1.4,1.4,0.8,1.2,5,10,13.0,2.0,2.2,3.4,1.0,5,10,13.0
2017/18,2017-09-09,Leicester,Chelsea,0.8,1.1,1.4,2.6,5,10,14.0,2.4,2.4,3.0,1.6,5,10,13.0
2017/18,2017-09-09,Man City,Liverpool,2.6,2.4,2.6,0.6,5,10,14.0,2.6,2.3,3.0,0.6,5,10,13.0
2017/18,2017-09-09,Southampton,Watford,1.2,1.1,0.6,0.6,5,10,14.0,1.0,0.8,1.6,2.4,5,10,14.0
2017/18,2017-09-09,Stoke,Man United,1.4,1.2,0.8,1.2,5,10,13.0,2.6,1.8,2.4,0.0,5,10,14.0
2017/18,2017-09-10,Burnley,Crystal Palace,0.8,0.9,1.2,1.6,5,10,14.0,0.6,0.7,0.8,1.6,5,10,15.0
2017/18,2017-09-10,Swansea,Newcastle,2.0,1.7,1.2,1.0,5,10,15.0,1.0,1.0,1.0,1.0,3,3,15.0
2017/18,2017-09-11,West Ham,Huddersfield,0.6,1.2,0.8,3.0,5,10,16.0,2.3333333333333335,2.3333333333333335,1.3333333333333333,0.0,3,3,16.0
2017/18,2017-09-15,Bournemouth,Brighton,0.2,1.1,0.4,1.8,5,10,6.0,1.0,1.0,0.75,1.25,4,4,6.0
2017/18,2017-09-16,Crystal Palace,Southampton,0.0,0.6,0.0,1.8,5,10,6.0,1.0,1.1,0.6,1.0,5,10,7.0
2017/18,2017-09-16,Huddersfield,Leicester,1.75,1.75,1.0,0.5,4,4,5.0,0.8,1.0,1.4,1.8,5,10,7.0
2017/18,2017-09-16,Liverpool,Burnley,2.0,2.0,2.2,1.6,5,10,7.0,1.4,1.1,1.2,1.2,5,10,6.0
2017/18,2017-09-16,Newcastle,Stoke,1.5,1.5,1.0,0.75,4,4,6.0,1.6,1.3,1.0,0.8,5,10,7.0
2017/18,2017-09-16,Tottenham,Swansea,2.0,2.2,2.8,0.8,5,10,7.0,1.4,1.7,0.8,1.2,5,10,6.0
2017/18,2017-09-16,Watford,Man City,1.6,0.8,1.4,1.6,5,10,7.0,2.6,2.4,3.0,0.4,5,10,7.0
2017/18,2017-09-16,West Brom,West Ham,1.4,0.8,1.0,1.2,5,10,7.0,1.2,1.2,1.2,2.2,5,10,5.0
2017/18,2017-09-17,Chelsea,Arsenal,2.4,2.7,2.6,1.2,5,10,8.0,1.8,2.1,2.0,1.8,5,10,8.0
2017/18,2017-09-17,Man United,Everton,2.6,1.6,2.8,0.4,5,10,8.0,0.8,1.1,0.6,1.8,5,10,8.0
2017/18,2017-09-23,Burnley,Huddersfield,1.6,1.2,1.2,1.0,5,10,7.0,1.6,1.6,1.0,0.6,5,5,7.0
2017/18,2017-09-23,Everton,Bournemouth,0.8,0.8,0.4,2.0,5,10,6.0,0.6,1.4,0.6,1.8,5,10,8.0
2017/18,2017-09-23,Leicester,Liverpool,0.8,1.1,1.4,1.8,5,10,7.0,1.6,1.8,1.8,1.8,5,10,7.0
2017/18,2017-09-23,Man City,Crystal Palace,2.6,2.6,3.2,0.4,5,10,7.0,0.0,0.3,0.0,1.6,5,10,7.0
2017/18,2017-09-23,Southampton,Man United,1.6,1.3,0.8,0.8,5,10,7.0,2.6,1.8,3.2,0.4,5,10,6.0
2017/18,2017-09-23,Stoke,Chelsea,1.0,1.0,1.0,1.2,5,10,7.0,2.0,2.5,1.6,1.0,5,10,6.0
2017/18,2017-09-23,Swansea,Watford,1.0,1.8,0.4,1.0,5,10,7.0,1.6,0.8,1.4,1.8,5,10,7.0
2017/18,2017-09-23,West Ham,Tottenham,0.8,1.2,0.8,2.0,5,10,7.0,1.6,2.0,1.4,0.6,5,10,7.0
2017/18,2017-09-24,Brighton,Newcastle,0.8,0.8,0.8,1.4,5,5,9.0,1.8,1.8,1.2,0.8,5,5,8.0
2017/18,2017-09-25,Arsenal,West Brom,1.4,2.2,1.4,1.6,5,10,8.0,1.6,0.9,0.8,0.8,5,10,9.0
2017/18,2017-09-30,Bournemouth,Leicester,0.6,1.1,0.8,2.0,5,10,7.0,0.8,0.8,1.2,1.6,5,10,7.0
2017/18,2017-09-30,Chelsea,Man City,2.6,2.5,2.0,0.4,5,10,7.0,2.6,2.8,3.8,0.4,5,10,7.0
2017/18,2017-09-30,Huddersfield,Tottenham,1.2,1.5,0.4,0.6,5,6,7.0,1.6,2.0,1.6,1.0,5,10,7.0
2017/18,2017-09-30,Man United,Crystal Palace,2.6,2.0,2.6,0.4,5,10,7.0,0.0,0.3,0.0,2.0,5,10,7.0
2017/18,2017-09-30,Stoke,Southampton,1.0,1.0,1.0,1.8,5,10,7.0,1.4,1.2,0.8,1.0,5,10,7.0
2017/18,2017-09-30,West Brom,Watford,1.0,0.9,0.6,1.2,5,10,5.0,2.0,1.1,1.2,1.4,5,10,7.0
2017/18,2017-09-30,West Ham,Swansea,0.8,1.1,1.2,1.8,5,10,7.0,0.8,1.5,0.6,1.4,5,10,7.0
2017/18,2017-10-01,Arsenal,Brighton,1.4,2.2,1.0,1.0,5,10,6.0,1.4,1.1666666666666667,1.0,1.0,5,6,7.0
2017/18,2017-10-01,Everton,Burnley,0.8,1.0,0.6,2.2,5,10,8.0,1.2,1.3,0.6,0.6,5,10,8.0
2017/18,2017-10-01,Newcastle,Liverpool,1.8,1.5,1.2,0.6,5,6,7.0,2.0,2.1,1.8,1.6,5,10,8.0
2017/18,2017-10-14,Burnley,West Ham,1.8,1.3,0.8,0.4,5,10,13.0,1.4,1.3,1.0,1.2,5,10,14.0
2017/18,2017-10-14,Crystal Palace,Chelsea,0.0,0.3,0.0,2.6,5,10,14.0,2.0,2.2,1.6,0.4,5,10,14.0
2017/18,2017-10-14,Liverpool,Man United,1.6,1.9,1.8,1.8,5,10,13.0,2.6,2.3,2.6,0.4,5,10,14.0
2017/18,2017-10-14,Man City,Stoke,3.0,2.8,3.8,0.2,5,10,14.0,1.0,1.2,1.2,2.0,5,10,14.0
2017/18,2017-10-14,Swansea,Huddersfield,0.8,1.4,0.6,0.8,5,10,14.0,0.6,1.2857142857142858,0.2,1.4,5,7,14.0
2017/18,2017-10-14,Tottenham,Bournemouth,2.2,2.3,2.2,0.6,5,10,14.0,0.8,0.9,0.8,1.6,5,10,14.0
2017/18,2017-10-14,Watford,Arsenal,1.6,1.2,1.2,1.8,5,10,14.0,2.0,2.2,1.4,0.8,5,10,13.0
2017/18,2017-10-15,Brighton,Everton,1.4,1.0,1.0,1.0,5,7,14.0,0.6,1.0,0.4,2.2,5,10,14.0
2017/18,2017-10-15,Southampton,Newcastle,0.8,1.2,0.4,1.0,5,10,15.0,2.0,1.4285714285714286,1.4,0.6,5,7,14.0
2017/18,2017-10-16,Leicester,West Brom,0.4,0.6,0.8,1.6,5,10,16.0,0.6,0.9,0.8,1.6,5,10,16.0
2017/18,2017-10-20,West Ham,Brighton,1.6,1.1,1.2,0.8,5,10,6.0,1.4,1.0,1.2,1.2,5,8,5.0
2017/18,2017-10-21,Chelsea,Watford,1.4,1.9,1.4,0.8,5,10,7.0,2.0,1.5,1.6,2.0,5,10,7.0
2017/18,2017-10-21,Huddersfield,Man United,0.4,1.125,0.2,1.8,5,8,7.0,2.2,2.4,2.2,0.4,5,10,7.0
2017/18,2017-10-21,Man City,Burnley,3.0,2.8,4.8,0.4,5,10,7.0,1.8,1.3,0.8,0.4,5,10,7.0
2017/18,2017-10-21,Newcastle,Crystal Palace,1.6,1.375,1.2,1.0,5,8,6.0,0.6,0.6,0.4,2.4,5,10,7.0
2017/18,2017-10-21,Southampton,West Brom,0.8,1.0,0.8,1.4,5,10,6.0,0.6,1.0,0.8,1.6,5,10,5.0
2017/18,2017-10-21,Stoke,Bournemouth,0.8,1.1,1.4,3.2,5,10,7.0,0.8,0.8,0.6,1.4,5,10,7.0
2017/18,2017-10-21,Swansea,Leicester,0.8,1.4,0.6,0.8,5,10,7.0,0.6,0.7,1.0,1.4,5,10,5.0
2017/18,2017-10-22,Everton,Arsenal,0.8,1.1,0.6,2.0,5,10,7.0,2.0,1.9,1.6,0.4,5,10,8.0
2017/18,2017-10-22,Tottenham,Liverpool,2.6,2.3,2.2,0.4,5,10,8.0,1.2,1.9,1.0,1.8,5,10,8.0
2017/18,2017-10-28,Arsenal,Swansea,2.0,1.9,2.0,0.8,5,10,6.0,0.8,1.1,0.8,1.0,5,10,7.0
2017/18,2017-10-28,Bournemouth,Chelsea,1.4,0.8,1.0,1.0,5,10,7.0,1.4,1.9,1.8,1.0,5,10,7.0
2017/18,2017-10-28,Crystal Palace,West Ham,0.6,0.3,0.4,2.4,5,10,7.0,1.0,1.1,0.8,1.4,5,10,8.0
2017/18,2017-10-28,Liverpool,Huddersfield,1.2,1.6,1.2,1.6,5,10,6.0,1.0,1.3333333333333333,0.6,1.6,5,9,7.0
2017/18,2017-10-28,Man United,Tottenham,2.0,2.3,2.0,0.4,5,10,7.0,2.6,2.3,2.4,0.6,5,10,6.0
2017/18,2017-10-28,Watford,Stoke,1.4,1.5,1.6,2.8,5,10,7.0,0.6,1.1,1.2,3.2,5,10,7.0
2017/18,2017-10-28,West Brom,Man City,0.6,1.0,0.6,1.2,5,10,7.0,3.0,2.8,4.4,0.4,5,10,7.0
2017/18,2017-10-29,Brighton,Southampton,1.4,1.2222222222222223,1.2,1.0,5,9,9.0,1.4,1.2,1.0,1.0,5,10,8.0
2017/18,2017-10-29,Leicester,Everton,1.2,1.0,1.2,1.2,5,10,8.0,0.8,0.8,1.0,2.4,5,10,7.0
2017/18,2017-10-30,Burnley,Newcastle,1.2,1.3,0.6,1.0,5,10,9.0,1.6,1.5555555555555556,1.2,1.0,5,9,9.0
2017/18,2017-11-04,Huddersfield,West Brom,0.8,1.2,0.4,2.0,5,10,7.0,0.4,1.0,1.0,1.8,5,10,7.0
2017/18,2017-11-04,Newcastle,Bournemouth,1.0,1.4,0.8,1.0,5,10,5.0,0.8,0.7,0.6,1.0,5,10,7.0
2017/18,2017-11-04,Southampton,Burnley,1.0,1.3,1.0,1.2,5,10,6.0,1.6,1.6,0.6,0.8,5,10,5.0
2017/18,2017-11-04,Stoke,Leicester,1.2,1.1,1.2,2.8,5,10,7.0,1.6,1.2,1.4,1.0,5,10,6.0
2017/18,2017-11-04,Swansea,Brighton,0.6,0.8,1.0,1.4,5,10,7.0,1.6,1.2,1.2,0.8,5,10,6.0
2017/18,2017-11-04,West Ham,Liverpool,1.0,0.9,1.2,1.8,5,10,7.0,1.6,1.6,1.6,1.4,5,10,7.0
2017/18,2017-11-05,Chelsea,Man United,1.8,1.9,2.0,1.0,5,10,8.0,2.0,2.3,1.4,0.4,5,10,8.0
2017/18,2017-11-05,Everton,Watford,0.8,0.8,1.0,2.0,5,10,7.0,1.4,1.5,1.6,1.8,5,10,8.0
2017/18,2017-11-05,Man City,Arsenal,3.0,2.8,3.8,0.8,5,10,8.0,2.4,1.9,2.4,1.0,5,10,8.0
2017/18,2017-11-05,Tottenham,Crystal Palace,2.4,2.0,2.4,0.8,5,10,8.0,0.8,0.4,0.8,2.6,5,10,8.0
2017/18,2017-11-18,Arsenal,Tottenham,1.8,1.6,2.2,1.6,5,10,13.0,2.4,2.0,2.0,0.4,5,10,13.0
2017/18,2017-11-18,Bournemouth,Huddersfield,1.4,1.0,0.6,0.6,5,10,14.0,1.2,1.2,0.6,2.0,5,10,14.0
2017/18,2017-11-18,Burnley,Swansea,2.0,1.6,0.8,0.8,5,10,14.0,0.6,0.7,0.8,1.2,5,10,14.0
2017/18,2017-11-18,Crystal Palace,Everton,0.8,0.4,0.8,1.8,5,10,13.0,0.8,0.8,1.2,2.2,5,10,13.0
2017/18,2017-11-18,Leicester,Man City,1.8,1.3,1.4,0.8,5,10,14.0,3.0,2.8,3.4,1.0,5,10,13.0
2017/18,2017-11-18,Liverpool,Southampton,1.6,1.8,1.8,1.2,5,10,14.0,1.0,1.2,1.0,1.2,5,10,14.0
2017/18,2017-11-18,Man United,Newcastle,1.4,2.0,1.2,0.6,5,10,13.0,1.0,1.4,0.8,1.0,5,10,14.0
2017/18,2017-11-18,West Brom,Chelsea,0.4,0.7,1.0,1.6,5,10,14.0,1.8,2.2,1.4,1.0,5,10,13.0
2017/18,2017-11-19,Watford,West Ham,0.8,1.4,1.6,2.2,5,10,14.0,1.0,0.9,1.0,2.0,5,10,15.0
2017/18,2017-11-20,Brighton,Stoke,1.6,1.5,1.2,0.8,5,10,16.0,1.4,1.2,1.6,2.4,5,10,16.0
2017/18,2017-11-24,West Ham,Leicester,0.4,0.9,0.8,2.4,5,10,5.0,1.6,1.0,1.4,1.2,5,10,6.0
2017/18,2017-11-25,Crystal Palace,Stoke,1.0,0.5,1.2,1.4,5,10,7.0,1.0,1.0,1.6,2.6,5,10,5.0
2017/18,2017-11-25,Liverpool,Chelsea,2.0,1.8,2.2,1.0,5,10,7.0,2.4,2.2,2.2,0.8,5,10,7.0
2017/18,2017-11-25,Man United,Brighton,1.4,2.0,1.2,0.8,5,10,7.0,1.8,1.6,1.6,0.8,5,10,5.0
2017/18,2017-11-25,Newcastle,Watford,0.8,1.4,0.8,1.6,5,10,7.0,1.2,1.4,1.6,1.8,5,10,6.0
2017/18,2017-11-25,Swansea,Bournemouth,0.6,0.7,0.8,1.4,5,10,7.0,1.8,1.3,1.4,0.6,5,10,7.0
2017/18,2017-11-25,Tottenham,West Brom,1.8,2.0,1.2,0.8,5,10,7.0,0.2,0.4,0.6,2.0,5,10,7.0
2017/18,2017-11-26,Burnley,Arsenal,2.0,1.9,1.0,0.8,5,10,8.0,1.8,1.9,2.2,1.6,5,10,8.0
2017/18,2017-11-26,Huddersfield,Man City,1.2,0.9,0.6,2.0,5,10,8.0,3.0,3.0,3.6,1.0,5,10,8.0
2017/18,2017-11-26,Southampton,Everton,1.0,0.9,0.8,1.4,5,10,8.0,1.0,0.8,1.6,2.4,5,10,8.0
2017/18,2017-11-28,Brighton,Crystal Palace,1.6,1.5,1.4,0.8,5,10,3.0,1.0,0.8,1.2,1.4,5,10,3.0
2017/18,2017-11-28,Leicester,Tottenham,1.6,1.1,1.4,1.2,5,10,4.0,1.4,2.0,1.2,1.0,5,10,3.0
2017/18,2017-11-28,Watford,Man United,1.2,1.6,1.8,1.6,5,10,3.0,1.8,2.0,1.4,0.8,5,10,3.0
2017/18,2017-11-28,West Brom,Newcastle,0.2,0.4,0.6,2.0,5,10,3.0,0.6,1.1,0.4,1.8,5,10,3.0
2017/18,2017-11-29,Arsenal,Huddersfield,2.4,2.2,2.2,1.2,5,10,3.0,1.2,0.8,0.8,2.0,5,10,3.0
2017/18,2017-11-29,Bournemouth,Burnley,2.0,1.4,1.4,0.4,5,10,4.0,1.8,1.8,0.8,0.8,5,10,3.0
2017/18,2017-11-29,Chelsea,Swansea,2.6,2.0,2.2,0.6,5,10,4.0,0.2,0.5,0.4,1.4,5,10,4.0
2017/18,2017-11-29,Everton,West Ham,0.8,0.8,1.6,3.0,5,10,3.0,0.4,1.0,0.8,2.4,5,10,5.0
2017/18,2017-11-29,Man City,Southampton,3.0,3.0,2.6,0.8,5,10,3.0,1.4,1.1,1.2,1.2,5,10,3.0
2017/18,2017-11-29,Stoke,Liverpool,1.0,0.9,1.4,1.6,5,10,4.0,2.0,1.6,2.4,1.2,5,10,4.0
2017/18,2017-12-02,Arsenal,Man United,2.4,2.2,2.2,0.8,5,10,3.0,2.4,2.2,2.0,0.8,5,10,4.0
2017/18,2017-12-02,Brighton,Liverpool,1.2,1.3,0.8,0.8,5,10,4.0,2.6,1.9,2.8,0.4,5,10,3.0
2017/18,2017-12-02,Chelsea,Newcastle,2.6,2.0,1.6,0.2,5,10,3.0,0.2,0.9,0.6,2.2,5,10,4.0
2017/18,2017-12-02,Everton,Huddersfield,1.4,1.1,2.0,2.0,5,10,3.0,0.6,0.8,0.4,2.8,5,10,3.0
2017/18,2017-12-02,Leicester,Burnley,1.6,1.4,1.4,1.2,5,10,4.0,2.4,1.8,1.2,0.4,5,10,3.0
2017/18,2017-12-02,Stoke,Swansea,1.0,0.8,1.2,1.8,5,10,3.0,0.2,0.5,0.2,1.2,5,10,3.0
2017/18,2017-12-02,Watford,Tottenham,1.2,1.3,1.8,1.6,5,10,4.0,0.8,1.7,0.6,1.2,5,10,4.0
2017/18,2017-12-02,West Brom,Crystal Palace,0.4,0.5,1.0,2.2,5,10,4.0,1.2,0.9,1.2,1.2,5,10,4.0
2017/18,2017-12-03,Bournemouth,Southampton,1.4,1.4,1.2,0.6,5,10,4.0,0.8,1.1,1.2,1.6,5,10,4.0
2017/18,2017-12-03,Man City,West Ham,3.0,3.0,2.4,1.0,5,10,4.0,0.4,0.7,0.8,2.6,5,10,4.0
2017/18,2017-12-09,Burnley,Watford,1.8,1.7,1.0,0.6,5,10,7.0,1.4,1.4,2.0,1.6,5,10,7.0
2017/18,2017-12-09,Crystal Palace,Bournemouth,1.2,1.0,0.8,0.8,5,10,7.0,1.6,1.2,1.4,0.6,5,10,6.0
2017/18,2017-12-09,Huddersfield,Brighton,0.6,0.7,0.4,2.6,5,10,7.0,1.0,1.3,0.8,1.6,5,10,7.0
2017/18,2017-12-09,Newcastle,Leicester,0.2,0.6,0.8,2.6,5,10,7.0,1.6,1.6,1.2,1.2,5,10,7.0
2017/18,2017-12-09,Swansea,West Brom,0.2,0.4,0.2,1.2,5,10,7.0,0.6,0.5,0.6,1.6,5,10,7.0
2017/18,2017-12-09,Tottenham,Stoke,1.0,1.7,0.8,1.2,5,10,7.0,1.0,1.1,1.4,2.0,5,10,7.0
2017/18,2017-12-09,West Ham,Chelsea,0.2,0.6,0.6,2.6,5,10,6.0,2.6,2.2,2.0,0.4,5,10,7.0
2017/18,2017-12-10,Liverpool,Everton,2.6,2.1,3.2,0.6,5,10,8.0,2.0,1.4,2.4,1.6,5,10,8.0
2017/18,2017-12-10,Man United,Man City,2.4,2.2,2.4,1.0,5,10,8.0,3.0,3.0,2.2,0.8,5,10,7.0
2017/18,2017-12-10,Southampton,Arsenal,0.8,0.9,1.2,1.6,5,10,7.0,1.8,2.1,2.0,1.2,5,10,8.0
2017/18,2017-12-12,Burnley,Stoke,1.8,1.9,1.0,0.6,5,10,3.0,0.8,1.1,1.2,2.6,5,10,3.0
2017/18,2017-12-12,Crystal Palace,Watford,1.4,1.1,1.2,1.0,5,10,3.0,1.4,1.1,1.6,1.2,5,10,3.0
2017/18,2017-12-12,Huddersfield,Chelsea,0.6,0.9,0.6,2.6,5,10,3.0,2.0,1.9,1.8,0.6,5,10,3.0
2017/18,2017-12-13,Liverpool,West Brom,2.2,1.9,2.6,0.6,5,10,3.0,0.6,0.5,0.6,1.6,5,10,4.0
2017/18,2017-12-13,Man United,Bournemouth,2.4,1.9,2.6,1.2,5,10,3.0,1.2,1.3,1.6,1.0,5,10,4.0
2017/18,2017-12-13,Newcastle,Everton,0.2,0.6,1.2,3.0,5,10,4.0,1.6,1.2,2.0,1.4,5,10,3.0
2017/18,2017-12-13,Southampton,Leicester,1.0,1.0,1.4,1.6,5,10,3.0,2.0,1.9,1.4,1.2,5,10,4.0
2017/18,2017-12-13,Swansea,Man City,0.8,0.7,0.4,1.0,5,10,4.0,3.0,3.0,2.0,0.8,5,10,3.0
2017/18,2017-12-13,Tottenham,Brighton,1.0,1.7,1.6,1.4,5,10,4.0,0.4,1.0,0.6,2.0,5,10,4.0
2017/18,2017-12-13,West Ham,Arsenal,0.8,0.9,0.6,1.8,5,10,4.0,2.0,1.9,2.0,0.8,5,10,3.0
2017/18,2017-12-16,Arsenal,Newcastle,1.6,1.7,1.6,0.8,5,10,3.0,0.2,0.5,1.0,2.4,5,10,3.0
2017/18,2017-12-16,Brighton,Burnley,0.2,1.0,0.2,2.0,5,10,3.0,1.8,1.9,0.8,0.6,5,10,4.0
2017/18,2017-12-16,Chelsea,Southampton,2.0,2.2,1.6,0.8,5,10,4.0,1.0,1.0,1.6,1.8,5,10,3.0
2017/18,2017-12-16,Leicester,Crystal Palace,2.6,2.1,2.2,1.0,5,10,3.0,1.8,1.4,1.2,0.8,5,10,4.0
2017/18,2017-12-16,Man City,Tottenham,3.0,3.0,2.4,0.8,5,10,3.0,1.6,1.7,2.0,1.0,5,10,3.0
2017/18,2017-12-16,Stoke,West Ham,0.6,0.8,0.8,2.4,5,10,4.0,1.0,0.7,0.6,1.4,5,10,3.0
2017/18,2017-12-16,Watford,Huddersfield,0.8,1.0,1.4,1.6,5,10,4.0,0.6,0.9,0.8,2.4,5,10,4.0
2017/18,2017-12-17,Bournemouth,Liverpool,0.6,1.2,0.8,1.2,5,10,4.0,1.8,1.9,2.0,0.6,5,10,4.0
2017/18,2017-12-17,West Brom,Man United,0.8,0.5,0.6,0.8,5,10,4.0,2.4,1.9,2.0,1.0,5,10,4.0
2017/18,2017-12-18,Everton,Swansea,2.0,1.5,1.8,1.0,5,10,5.0,0.8,0.7,0.4,1.4,5,10,5.0
2017/18,2017-12-22,Arsenal,Liverpool,1.6,2.0,1.6,0.8,5,10,6.0,2.2,2.1,2.6,0.4,5,10,5.0
2017/18,2017-12-23,Brighton,Watford,0.4,1.0,0.2,1.8,5,10,7.0,0.2,0.7,1.0,2.4,5,10,7.0
2017/18,2017-12-23,Burnley,Tottenham,2.0,1.9,0.8,0.4,5,10,7.0,1.4,1.4,2.0,1.6,5,10,7.0
2017/18,2017-12-23,Everton,Chelsea,2.6,1.7,2.2,0.4,5,10,5.0,2.4,2.5,1.6,0.6,5,10,7.0
2017/18,2017-12-23,Leicester,Man United,2.4,2.0,2.0,1.4,5,10,7.0,2.4,2.1,2.2,1.2,5,10,6.0
2017/18,2017-12-23,Man City,Bournemouth,3.0,3.0,2.8,0.8,5,10,7.0,0.4,1.2,0.8,2.0,5,10,6.0
2017/18,2017-12-23,Southampton,Huddersfield,0.4,0.9,0.8,1.8,5,10,7.0,1.2,1.2,1.4,2.2,5,10,7.0
2017/18,2017-12-23,Stoke,West Brom,0.6,0.8,0.6,2.6,5,10,7.0,0.6,0.4,0.6,1.0,5,10,6.0
2017/18,2017-12-23,Swansea,Crystal Palace,0.6,0.4,0.6,2.0,5,10,5.0,1.8,1.4,1.4,0.6,5,10,7.0
2017/18,2017-12-23,West Ham,Newcastle,1.4,0.9,1.0,1.2,5,10,7.0,0.2,0.4,1.0,2.0,5,10,7.0
2017/18,2017-12-26,Bournemouth,West Ham,0.4,0.9,0.6,2.4,5,10,3.0,1.4,0.9,1.4,1.0,5,10,3.0
2017/18,2017-12-26,Chelsea,Brighton,2.0,2.3,1.4,0.6,5,10,3.0,0.8,1.0,0.4,1.8,5,10,3.0
2017/18,2017-12-26,Huddersfield,Stoke,1.4,1.0,1.6,1.4,5,10,3.0,1.2,1.1,1.2,2.2,5,10,3.0
2017/18,2017-12-26,Liverpool,Swansea,1.8,2.2,2.6,1.0,5,10,4.0,0.8,0.5,0.8,2.0,5,10,3.0
2017/18,2017-12-26,Man United,Burnley,2.0,2.2,1.8,1.2,5,10,3.0,1.4,1.9,0.4,0.8,5,10,3.0
2017/18,2017-12-26,Tottenham,Southampton,2.0,1.4,2.4,1.2,5,10,3.0,0.6,0.7,0.8,1.6,5,10,3.0
2017/18,2017-12-26,Watford,Leicester,0.2,0.7,0.6,1.8,5,10,3.0,2.0,1.8,2.0,1.6,5,10,3.0
2017/18,2017-12-26,West Brom,Everton,0.4,0.4,0.4,1.2,5,10,3.0,2.2,1.8,1.4,0.4,5,10,3.0
2017/18,2017-12-27,Newcastle,Man City,0.6,0.4,1.2,2.0,5,10,4.0,3.0,3.0,3.2,0.6,5,10,4.0
2017/18,2017-12-28,Crystal Palace,Arsenal,1.8,1.5,1.6,0.8,5,10,5.0,1.2,1.8,1.2,1.4,5,10,6.0
2017/18,2017-12-30,Bournemouth,Everton,0.4,1.0,1.0,2.8,5,10,4.0,1.8,1.9,1.0,0.4,5,10,4.0
2017/18,2017-12-30,Chelsea,Stoke,2.0,2.3,1.2,0.4,5,10,4.0,0.8,0.9,1.0,2.2,5,10,4.0
2017/18,2017-12-30,Huddersfield,Burnley,1.6,1.1,1.8,1.2,5,10,4.0,1.6,1.7,0.8,1.0,5,10,4.0
2017/18,2017-12-30,Liverpool,Leicester,1.8,2.2,2.6,0.8,5,10,4.0,1.4,1.5,2.0,2.0,5,10,4.0
2017/18,2017-12-30,Man United,Southampton,1.6,2.0,1.6,1.4,5,10,4.0,0.4,0.6,1.0,2.4,5,10,4.0
2017/18,2017-12-30,Newcastle,Brighton,0.6,0.4,1.0,1.6,5,10,3.0,0.8,0.9,0.2,1.2,5,10,4.0
2017/18,2017-12-30,Watford,Swansea,0.6,1.0,0.8,1.8,5,10,4.0,0.8,0.5,0.6,2.6,5,10,4.0
2017/18,2017-12-31,Crystal Palace,Man City,1.6,1.4,2.0,1.4,5,10,3.0,3.0,3.0,3.0,0.4,5,10,4.0
2017/18,2017-12-31,West Brom,Arsenal,0.4,0.5,0.4,1.2,5,10,5.0,1.8,1.8,1.6,1.2,5,10,3.0
2017/18,2018-01-01,Brighton,Bournemouth,1.0,0.7,0.2,0.8,5,10,2.0,0.8,1.0,1.0,2.6,5,10,2.0
2017/18,2018-01-01,Burnley,Liverpool,1.2,1.5,0.6,1.0,5,10,2.0,2.2,2.2,2.8,0.8,5,10,2.0
2017/18,2018-01-01,Everton,Man United,1.6,1.6,1.0,0.6,5,10,2.0,1.8,2.1,1.4,1.0,5,10,2.0
2017/18,2018-01-01,Leicester,Huddersfield,0.8,1.4,1.6,2.0,5,10,2.0,1.2,0.9,1.4,1.2,5,10,2.0
2017/18,2018-01-01,Stoke,Newcastle,0.8,0.8,0.8,2.2,5,10,2.0,0.8,0.5,0.6,1.0,5,10,2.0
2017/18,2018-01-02,Man City,Watford,2.6,2.8,2.6,0.2,5,10,2.0,0.6,1.0,1.0,2.0,5,10,3.0
2017/18,2018-01-02,Southampton,Crystal Palace,0.4,0.7,0.8,2.2,5,10,3.0,1.6,1.5,1.6,1.0,5,10,2.0
2017/18,2018-01-02,Swansea,Tottenham,0.8,0.8,0.8,2.8,5,10,3.0,2.4,1.7,3.2,1.4,5,10,7.0
2017/18,2018-01-02,West Ham,West Brom,1.6,0.9,1.8,1.2,5,10,7.0,0.6,0.6,0.6,1.2,5,10,2.0
2017/18,2018-01-03,Arsenal,Chelsea,1.8,1.9,1.6,1.2,5,10,3.0,2.6,2.3,2.2,0.2,5,10,4.0
2017/18,2018-01-04,Tottenham,West Ham,2.4,1.7,2.6,1.2,5,10,2.0,1.6,1.2,2.0,1.4,5,10,2.0
2017/18,2018-01-13,Chelsea,Leicester,2.2,2.1,2.0,0.4,5,10,10.0,0.8,1.7,1.4,1.8,5,10,12.0
2017/18,2018-01-13,Crystal Palace,Burnley,1.6,1.7,1.6,1.0,5,10,11.0,0.6,1.2,0.6,1.4,5,10,12.0
2017/18,2018-01-13,Huddersfield,West Ham,1.2,0.9,1.2,1.2,5,10,12.0,1.6,1.3,2.2,1.6,5,10,9.0
2017/18,2018-01-13,Newcastle,Swansea,1.4,0.8,0.8,0.8,5,10,12.0,0.8,0.8,0.8,2.4,5,10,11.0
2017/18,2018-01-13,Tottenham,Everton,2.0,1.8,2.4,1.4,5,10,9.0,1.0,1.5,0.8,1.0,5,10,12.0
2017/18,2018-01-13,Watford,Southampton,0.6,0.7,1.0,2.2,5,10,11.0,0.4,0.7,0.8,1.8,5,10,11.0
2017/18,2018-01-13,West Brom,Brighton,0.4,0.6,0.8,1.6,5,10,11.0,1.2,0.7,0.6,0.8,5,10,12.0
2017/18,2018-01-14,Bournemouth,Arsenal,1.0,0.8,1.4,2.8,5,10,13.0,1.8,1.7,2.0,1.6,5,10,11.0
2017/18,2018-01-14,Liverpool,Man City,2.6,2.2,3.2,1.0,5,10,13.0,2.6,2.8,2.4,0.4,5,10,12.0
2017/18,2018-01-15,Man United,Stoke,1.8,2.1,1.6,1.0,5,10,14.0,0.8,0.7,0.8,2.2,5,10,14.0
2017/18,2018-01-20,Arsenal,Crystal Palace,1.2,1.4,2.0,2.0,5,10,6.0,1.6,1.7,1.2,1.0,5,10,7.0
2017/18,2018-01-20,Brighton,Chelsea,1.0,0.7,0.6,1.2,5,10,7.0,1.8,2.1,1.8,0.4,5,10,7.0
2017/18,2018-01-20,Burnley,Man United,0.4,1.2,0.6,1.6,5,10,7.0,1.8,2.1,1.8,0.8,5,10,5.0
2017/18,2018-01-20,Everton,West Brom,0.4,1.5,0.2,1.6,5,10,7.0,1.0,0.8,1.0,1.2,5,10,7.0
2017/18,2018-01-20,Leicester,Watford,1.0,1.7,1.4,1.2,5,10,7.0,0.8,0.5,1.2,1.8,5,10,7.0
2017/18,2018-01-20,Man City,Newcastle,2.0,2.5,2.2,1.0,5,10,6.0,1.6,0.9,1.0,0.8,5,10,7.0
2017/18,2018-01-20,Stoke,Huddersfield,0.8,0.7,0.8,2.2,5,10,5.0,0.6,0.9,0.6,1.8,5,10,7.0
2017/18,2018-01-20,West Ham,Bournemouth,1.6,1.5,2.4,1.8,5,10,7.0,1.6,1.0,1.8,2.2,5,10,6.0
2017/18,2018-01-21,Southampton,Tottenham,0.6,0.5,1.2,2.0,5,10,8.0,2.6,2.0,3.0,0.6,5,10,8.0
2017/18,2018-01-22,Swansea,Liverpool,1.0,0.8,0.8,2.0,5,10,9.0,2.6,2.4,3.2,1.6,5,10,8.0
2017/18,2018-01-30,Huddersfield,Liverpool,0.4,0.9,0.4,2.0,5,10,10.0,2.4,2.1,2.6,1.2,5,10,8.0
2017/18,2018-01-30,Swansea,Arsenal,1.4,1.1,0.8,1.8,5,10,8.0,1.6,1.4,2.2,1.6,5,10,10.0
2017/18,2018-01-30,West Ham,Crystal Palace,1.8,1.6,2.2,1.4,5,10,10.0,1.4,1.6,1.2,1.6,5,10,10.0
2017/18,2018-01-31,Chelsea,Bournemouth,2.2,2.1,2.6,0.4,5,10,11.0,1.8,1.1,2.0,1.6,5,10,11.0
2017/18,2018-01-31,Everton,Leicester,0.4,1.3,0.4,1.8,5,10,11.0,1.4,1.7,1.4,0.8,5,10,11.0
2017/18,2018-01-31,Man City,West Brom,2.0,2.5,2.0,1.2,5,10,11.0,1.2,0.8,1.0,0.8,5,10,11.0
2017/18,2018-01-31,Newcastle,Burnley,1.0,0.8,0.6,1.0,5,10,11.0,0.4,0.9,0.6,1.2,5,10,11.0
2017/18,2018-01-31,Southampton,Brighton,0.6,0.6,1.2,2.0,5,10,10.0,0.4,0.6,0.4,2.0,5,10,11.0
2017/18,2018-01-31,Stoke,Watford,0.8,1.0,0.6,2.0,5,10,11.0,0.8,0.5,1.2,2.0,5,10,11.0
2017/18,2018-01-31,Tottenham,Man United,2.2,2.1,2.6,0.8,5,10,10.0,2.2,2.1,1.6,0.4,5,10,11.0
2017/18,2018-02-03,Arsenal,Everton,1.0,1.4,1.8,1.8,5,10,4.0,0.8,1.3,0.8,2.0,5,10,3.0
2017/18,2018-02-03,Bournemouth,Stoke,2.2,1.3,2.0,1.0,5,10,3.0,0.8,0.8,0.4,1.8,5,10,3.0
2017/18,2018-02-03,Brighton,West Ham,0.6,0.7,0.6,1.8,5,10,3.0,1.8,1.7,1.8,1.0,5,10,4.0
2017/18,2018-02-03,Burnley,Man City,0.4,1.0,0.4,1.0,5,10,3.0,2.0,2.5,2.4,1.2,5,10,3.0
2017/18,2018-02-03,Leicester,Swansea,1.4,1.4,1.4,0.8,5,10,3.0,2.0,1.4,1.4,1.0,5,10,4.0
2017/18,2018-02-03,Man United,Huddersfield,2.0,1.8,1.2,0.4,5,10,3.0,0.2,0.9,0.2,2.4,5,10,4.0
2017/18,2018-02-03,West Brom,Southampton,1.0,0.7,1.0,1.4,5,10,3.0,0.8,0.6,1.0,1.2,5,10,3.0
2017/18,2018-02-04,Crystal Palace,Newcastle,1.6,1.6,1.0,1.2,5,10,5.0,1.2,0.9,0.8,1.0,5,10,4.0
2017/18,2018-02-04,Liverpool,Tottenham,2.4,2.1,2.2,1.2,5,10,5.0,2.2,2.3,2.0,0.4,5,10,4.0
2017/18,2018-02-05,Watford,Chelsea,0.4,0.5,0.8,1.8,5,10,5.0,1.6,1.8,2.2,1.0,5,10,5.0
2017/18,2018-02-10,Everton,Crystal Palace,0.8,1.2,0.8,2.6,5,10,7.0,1.6,1.6,1.2,1.4,5,10,6.0
2017/18,2018-02-10,Man City,Leicester,2.0,2.3,2.6,1.4,5,10,7.0,1.6,1.2,1.4,0.6,5,10,7.0
2017/18,2018-02-10,Stoke,Brighton,0.8,0.8,0.6,1.2,5,10,7.0,1.0,1.0,1.2,2.0,5,10,7.0
2017/18,2018-02-10,Swansea,Burnley,1.6,1.2,1.2,1.0,5,10,7.0,0.4,0.8,0.6,1.2,5,10,7.0
2017/18,2018-02-10,Tottenham,Arsenal,1.8,2.1,2.0,0.8,5,10,6.0,1.4,1.6,2.6,1.8,5,10,7.0
2017/18,2018-02-10,West Ham,Watford,1.2,1.4,1.6,1.4,5,10,7.0,1.0,0.8,1.4,1.6,5,10,5.0
2017/18,2018-02-11,Huddersfield,Bournemouth,0.0,0.6,0.2,2.8,5,10,8.0,2.2,1.5,2.0,1.0,5,10,8.0
2017/18,2018-02-11,Newcastle,Man United,1.2,1.0,1.0,1.2,5,10,7.0,2.4,2.1,1.6,0.4,5,10,8.0
2017/18,2018-02-11,Southampton,Liverpool,1.2,0.8,1.6,1.6,5,10,8.0,2.0,2.1,2.2,1.4,5,10,7.0
2017/18,2018-02-12,Chelsea,West Brom,1.0,1.8,1.4,1.8,5,10,7.0,0.8,0.7,1.2,1.8,5,10,9.0
2017/18,2018-02-24,Bournemouth,Newcastle,2.0,1.5,1.8,1.4,5,10,13.0,1.2,1.3,1.0,1.2,5,10,13.0
2017/18,2018-02-24,Brighton,Swansea,1.0,1.1,1.0,1.8,5,10,14.0,2.2,1.5,1.4,0.6,5,10,14.0
2017/18,2018-02-24,Burnley,Southampton,0.4,0.5,0.4,1.0,5,10,14.0,1.2,0.8,1.4,1.6,5,10,13.0
2017/18,2018-02-24,Leicester,Stoke,1.0,0.9,1.0,1.6,5,10,14.0,1.0,0.9,0.8,1.2,5,10,14.0
2017/18,2018-02-24,Liverpool,West Ham,2.0,2.3,2.2,1.2,5,10,13.0,1.6,1.6,1.8,1.2,5,10,14.0
2017/18,2018-02-24,Watford,Everton,1.0,0.8,1.2,1.4,5,10,14.0,1.4,1.2,1.4,2.4,5,10,14.0
2017/18,2018-02-24,West Brom,Huddersfield,0.8,0.6,1.0,2.0,5,10,12.0,0.6,0.9,1.0,2.4,5,10,13.0
2017/18,2018-02-25,Crystal Palace,Tottenham,1.0,1.3,1.0,1.8,5,10,15.0,2.2,2.1,2.0,0.6,5,10,15.0
2017/18,2018-02-25,Man United,Chelsea,1.8,1.8,1.2,0.6,5,10,14.0,1.4,1.8,1.6,1.4,5,10,13.0
2017/18,2018-03-01,Arsenal,Man City,1.2,1.5,2.2,1.6,5,10,19.0,2.0,2.3,3.0,1.4,5,10,19.0
2017/18,2018-03-03,Burnley,Everton,0.6,0.5,0.6,1.0,5,10,7.0,1.4,0.9,1.4,1.8,5,10,7.0
2017/18,2018-03-03,Leicester,Bournemouth,1.0,1.0,1.2,1.8,5,10,7.0,1.6,1.6,1.8,1.6,5,10,7.0
2017/18,2018-03-03,Liverpool,Newcastle,2.0,2.3,2.2,0.8,5,10,7.0,1.2,1.4,1.2,1.4,5,10,7.0
2017/18,2018-03-03,Southampton,Stoke,1.2,0.9,1.2,1.4,5,10,7.0,1.2,1.0,1.0,0.8,5,10,7.0
2017/18,2018-03-03,Swansea,West Ham,2.0,1.5,1.4,1.2,5,10,7.0,1.0,1.3,1.2,1.8,5,10,7.0
2017/18,2018-03-03,Tottenham,Huddersfield,2.2,2.4,1.4,0.6,5,10,6.0,1.2,0.9,1.2,1.8,5,10,7.0
2017/18,2018-03-03,Watford,West Brom,1.4,1.1,1.0,1.0,5,10,7.0,0.2,0.6,0.8,2.4,5,10,7.0
2017/18,2018-03-04,Brighton,Arsenal,1.6,1.3,1.8,1.6,5,10,8.0,1.2,1.2,2.0,1.8,5,10,3.0
2017/18,2018-03-04,Man City,Chelsea,2.6,2.3,3.0,0.6,5,10,3.0,1.2,1.5,1.8,1.8,5,10,7.0
2017/18,2018-03-05,Crystal Palace,Man United,0.4,1.0,0.8,2.0,5,10,8.0,1.8,1.8,1.0,0.8,5,10,8.0
2017/18,2018-03-10,Chelsea,Crystal Palace,0.6,1.4,1.0,2.0,5,10,6.0,0.4,0.9,1.0,1.8,5,10,5.0
2017/18,2018-03-10,Everton,Brighton,1.2,0.8,1.4,2.0,5,10,7.0,2.2,1.3,2.2,1.0,5,10,6.0
2017/18,2018-03-10,Huddersfield,Swansea,1.2,0.8,1.2,1.8,5,10,7.0,2.0,1.7,2.0,1.4,5,10,7.0
2017/18,2018-03-10,Man United,Liverpool,1.8,2.0,1.4,1.2,5,10,5.0,2.6,2.5,2.6,0.6,5,10,7.0
2017/18,2018-03-10,Newcastle,Southampton,1.2,1.1,1.0,1.2,5,10,7.0,1.2,0.9,1.0,1.2,5,10,7.0
2017/18,2018-03-10,West Brom,Leicester,0.0,0.6,0.6,2.4,5,10,7.0,0.6,1.0,1.0,2.0,5,10,7.0
2017/18,2018-03-10,West Ham,Burnley,0.8,1.3,1.2,2.4,5,10,7.0,1.2,0.8,1.0,1.0,5,10,7.0
2017/18,2018-03-11,Arsenal,Watford,0.6,1.1,1.4,2.0,5,10,7.0,2.0,1.4,1.2,0.6,5,10,8.0
2017/18,2018-03-11,Bournemouth,Tottenham,1.6,1.7,1.8,1.6,5,10,8.0,2.6,2.4,1.6,0.4,5,10,8.0
2017/18,2018-03-12,Stoke,Man City,0.8,0.8,0.6,0.8,5,10,9.0,2.6,2.3,2.6,0.4,5,10,8.0
2017/18,2018-03-17,Bournemouth,West Brom,1.0,1.6,1.4,2.4,5,10,6.0,0.0,0.5,0.8,2.6,5,10,7.0
2017/18,2018-03-17,Huddersfield,Crystal Palace,1.4,0.8,1.2,1.2,5,10,7.0,0.2,0.9,1.0,2.0,5,10,7.0
2017/18,2018-03-17,Liverpool,Watford,2.0,2.2,2.2,1.0,5,10,7.0,1.8,1.1,1.2,1.2,5,10,6.0
2017/18,2018-03-17,Stoke,Everton,0.6,0.7,0.6,1.2,5,10,5.0,1.2,1.0,1.4,1.8,5,10,7.0
2017/18,2018-03-31,Brighton,Leicester,2.0,1.3,2.0,1.2,5,10,21.0,1.2,1.3,1.6,1.8,5,10,21.0
2017/18,2018-03-31,Crystal Palace,Liverpool,0.6,1.1,1.2,1.8,5,10,14.0,2.4,2.2,2.8,0.6,5,10,14.0
2017/18,2018-03-31,Everton,Man City,1.8,1.3,1.6,1.0,5,10,14.0,2.6,2.3,2.4,0.4,5,10,19.0
2017/18,2018-03-31,Man United,Swansea,2.4,2.2,1.8,1.0,5,10,21.0,1.6,1.8,1.4,1.2,5,10,21.0
2017/18,2018-03-31,Newcastle,Huddersfield,1.6,1.4,1.4,1.0,5,10,21.0,1.4,0.7,1.2,1.2,5,10,14.0
2017/18,2018-03-31,Watford,Bournemouth,1.2,1.1,0.4,2.0,5,10,14.0,1.0,1.6,1.4,2.4,5,10,14.0
2017/18,2018-03-31,West Brom,Burnley,0.0,0.4,0.6,2.4,5,10,14.0,1.6,1.0,1.4,0.8,5,10,21.0
2017/18,2018-03-31,West Ham,Southampton,0.6,1.2,1.0,2.8,5,10,21.0,1.0,0.9,0.8,1.6,5,10,21.0
2017/18,2018-04-01,Arsenal,Stoke,1.2,1.1,1.8,1.4,5,10,21.0,0.6,0.7,0.6,1.2,5,10,15.0
2017/18,2018-04-01,Chelsea,Tottenham,1.2,1.4,1.4,1.6,5,10,22.0,2.6,2.4,2.0,0.6,5,10,21.0
2017/18,2018-04-07,Bournemouth,Crystal Palace,1.2,1.6,1.6,2.0,5,10,7.0,0.6,0.8,1.2,1.6,5,10,7.0
2017/18,2018-04-07,Brighton,Huddersfield,1.4,1.2,1.4,1.4,5,10,7.0,0.8,0.7,0.4,1.2,5,10,7.0
2017/18,2018-04-07,Everton,Liverpool,1.2,1.3,1.2,1.4,5,10,7.0,2.4,2.2,2.8,0.8,5,10,7.0
2017/18,2018-04-07,Leicester,Newcastle,1.6,1.6,1.8,1.6,5,10,7.0,2.0,1.6,1.4,0.8,5,10,7.0
2017/18,2018-04-07,Man City,Man United,3.0,2.5,2.8,0.4,5,10,7.0,2.4,2.4,1.8,1.0,5,10,7.0
2017/18,2018-04-07,Stoke,Tottenham,0.4,0.7,0.4,1.6,5,10,6.0,3.0,2.4,2.2,0.4,5,10,6.0
2017/18,2018-04-07,Watford,Burnley,1.4,1.2,0.8,2.0,5,10,7.0,2.0,1.2,1.6,0.8,5,10,7.0
2017/18,2018-04-07,West Brom,Swansea,0.0,0.4,0.8,2.2,5,10,7.0,1.4,1.5,1.2,1.4,5,10,7.0
2017/18,2018-04-08,Arsenal,Southampton,1.2,1.3,1.4,1.2,5,10,7.0,0.4,0.8,0.2,1.8,5,10,8.0
2017/18,2018-04-08,Chelsea,West Ham,1.2,1.1,1.4,1.4,5,10,7.0,1.2,1.2,1.4,2.2,5,10,8.0
2017/18,2018-04-14,Burnley,Leicester,2.6,1.5,2.0,0.8,5,10,7.0,1.6,1.3,1.8,1.0,5,10,7.0
2017/18,2018-04-14,Crystal Palace,Brighton,0.8,0.6,1.6,1.8,5,10,7.0,1.4,1.2,1.4,1.4,5,10,7.0
2017/18,2018-04-14,Huddersfield,Watford,0.4,0.8,0.2,1.2,5,10,7.0,0.8,1.1,0.8,2.4,5,10,7.0
2017/18,2018-04-14,Liverpool,Bournemouth,2.0,2.0,2.0,0.6,5,10,7.0,1.2,1.4,1.6,2.0,5,10,7.0
2017/18,2018-04-14,Southampton,Chelsea,0.4,0.8,0.6,2.0,5,10,6.0,0.8,1.1,1.0,1.6,5,10,6.0
2017/18,2018-04-14,Swansea,Everton,1.0,1.6,1.2,1.6,5,10,7.0,1.4,1.4,1.2,1.2,5,10,7.0
2017/18,2018-04-14,Tottenham,Man City,3.0,2.6,2.4,0.6,5,10,7.0,2.4,2.2,2.2,0.8,5,10,7.0
2017/18,2018-04-15,Man United,West Brom,3.0,2.4,2.4,1.2,5,10,8.0,0.2,0.2,0.8,2.0,5,10,8.0
2017/18,2018-04-15,Newcastle,Arsenal,2.0,1.6,1.6,1.0,5,10,8.0,1.8,1.5,2.0,1.4,5,10,7.0
2017/18,2018-04-16,West Ham,Stoke,0.8,1.2,1.2,2.4,5,10,8.0,0.2,0.7,0.4,1.8,5,10,9.0
2017/18,2018-04-17,Brighton,Tottenham,0.8,1.2,1.0,1.8,5,10,3.0,2.4,2.3,2.4,1.2,5,10,3.0
2017/18,2018-04-18,Bournemouth,Man United,1.0,1.3,1.4,2.4,5,10,4.0,2.4,2.1,2.0,1.2,5,10,3.0
2017/18,2018-04-19,Burnley,Chelsea,3.0,1.8,2.2,0.8,5,10,5.0,1.4,1.3,1.4,1.6,5,10,5.0
2017/18,2018-04-19,Leicester,Southampton,1.4,1.2,1.8,1.2,5,10,5.0,0.2,0.7,0.8,2.4,5,10,5.0
2017/18,2018-04-21,Watford,Crystal Palace,0.2,1.1,0.6,2.6,5,10,7.0,1.4,0.9,1.8,1.6,5,10,7.0
2017/18,2018-04-21,West Brom,Liverpool,0.8,0.4,1.0,1.8,5,10,6.0,2.0,2.3,2.2,0.6,5,10,7.0
2017/18,2018-04-22,Arsenal,West Ham,1.8,1.5,2.2,1.2,5,10,7.0,1.0,1.0,1.2,1.8,5,10,6.0
2017/18,2018-04-22,Man City,Swansea,2.4,2.5,2.2,1.0,5,10,8.0,1.2,1.6,1.2,1.0,5,10,8.0
2017/18,2018-04-22,Stoke,Burnley,0.2,0.5,0.6,2.0,5,10,6.0,2.4,1.8,2.0,1.0,5,10,3.0
2017/18,2018-04-23,Everton,Newcastle,1.6,1.4,1.2,1.0,5,10,9.0,2.4,1.8,1.6,0.8,5,10,8.0
2017/18,2018-04-28,Burnley,Brighton,2.0,1.8,1.6,1.2,5,10,6.0,0.4,1.3,0.8,1.8,5,10,11.0
2017/18,2018-04-28,Crystal Palace,Leicester,1.6,0.9,1.6,1.2,5,10,7.0,1.4,1.0,1.6,1.0,5,10,9.0
2017/18,2018-04-28,Huddersfield,Everton,1.0,1.1,0.4,0.8,5,10,14.0,1.6,1.4,1.0,1.0,5,10,5.0
2017/18,2018-04-28,Liverpool,Stoke,2.2,2.1,2.4,0.6,5,10,7.0,0.4,0.5,0.8,1.8,5,10,6.0
2017/18,2018-04-28,Newcastle,West Brom,2.4,1.8,1.6,0.6,5,10,5.0,1.0,0.5,1.2,1.4,5,10,7.0
2017/18,2018-04-28,Southampton,Bournemouth,0.2,0.7,0.8,2.4,5,10,9.0,1.0,1.0,1.2,2.0,5,10,10.0
2017/18,2018-04-28,Swansea,Chelsea,0.6,1.3,0.4,1.8,5,10,6.0,2.0,1.3,1.8,1.6,5,10,9.0
2017/18,2018-04-29,Man United,Arsenal,2.4,2.1,1.8,0.8,5,10,11.0,2.4,1.5,2.8,1.0,5,10,7.0
2017/18,2018-04-29,West Ham,Man City,1.0,0.9,1.2,1.8,5,10,7.0,2.4,2.5,3.0,1.0,5,10,7.0
2017/18,2018-04-30,Tottenham,Watford,2.0,2.3,2.2,1.4,5,10,13.0,0.4,1.1,0.6,2.0,5,10,9.0
2017/18,2018-05-04,Brighton,Man United,0.6,1.3,0.8,1.4,5,10,6.0,2.4,2.4,1.8,0.8,5,10,5.0
2017/18,2018-05-05,Bournemouth,Swansea,0.4,0.7,1.0,2.2,5,10,7.0,0.4,1.0,0.4,2.0,5,10,7.0
2017/18,2018-05-05,Everton,Southampton,1.6,1.7,1.0,0.8,5,10,7.0,0.8,0.9,1.2,2.0,5,10,7.0
2017/18,2018-05-05,Leicester,West Ham,0.8,1.0,0.8,1.8,5,10,7.0,1.0,0.8,1.4,2.0,5,10,6.0
2017/18,2018-05-05,Stoke,Crystal Palace,0.6,0.6,0.6,1.4,5,10,7.0,1.6,1.1,2.2,1.2,5,10,7.0
2017/18,2018-05-05,Watford,Newcastle,0.4,0.8,0.6,1.4,5,10,5.0,1.8,1.7,1.0,0.8,5,10,7.0
2017/18,2018-05-05,West Brom,Tottenham,1.6,0.8,1.2,1.0,5,10,7.0,2.0,2.3,1.8,1.2,5,10,5.0
2017/18,2018-05-06,Arsenal,Burnley,1.8,1.5,2.4,1.4,5,10,7.0,1.6,1.8,1.2,1.0,5,10,8.0
2017/18,2018-05-06,Chelsea,Liverpool,2.0,1.6,1.6,1.4,5,10,8.0,1.8,2.1,1.4,0.6,5,10,8.0
2017/18,2018-05-06,Man City,Huddersfield,2.4,2.5,3.4,1.2,5,10,7.0,0.8,1.1,0.4,1.2,5,10,8.0
2017/18,2018-05-08,Swansea,Southampton,0.4,0.9,0.4,1.8,5,10,3.0,1.0,0.7,1.4,1.6,5,10,3.0
2017/18,2018-05-09,Chelsea,Huddersfield,2.6,1.9,1.6,0.8,5,10,3.0,1.0,1.2,0.4,0.8,5,10,3.0
2017/18,2018-05-09,Leicester,Arsenal,0.2,0.9,0.4,2.2,5,10,4.0,1.8,1.5,2.8,1.4,5,10,3.0
2017/18,2018-05-09,Man City,Brighton,2.0,2.5,2.8,1.0,5,10,3.0,1.2,1.3,1.0,1.0,5,10,5.0
2017/18,2018-05-09,Tottenham,Newcastle,1.4,2.2,1.2,1.2,5,10,4.0,1.2,1.6,1.0,1.2,5,10,4.0
2017/18,2018-05-10,West Ham,Man United,1.0,1.1,1.2,2.0,5,10,5.0,1.8,2.1,1.4,1.0,5,10,6.0
2017/18,2018-05-13,Burnley,Bournemouth,1.0,1.8,0.8,1.8,5,10,7.0,0.8,1.0,0.8,1.8,5,10,8.0
2017/18,2018-05-13,Crystal Palace,West Brom,2.2,1.4,2.4,1.0,5,10,8.0,2.2,1.1,1.2,0.6,5,10,8.0
2017/18,2018-05-13,Huddersfield,Arsenal,1.2,1.0,0.6,0.8,5,10,4.0,1.2,1.5,2.4,1.6,5,10,4.0
2017/18,2018-05-13,Liverpool,Brighton,1.2,1.8,1.0,0.6,5,10,7.0,1.0,1.2,1.0,1.4,5,10,4.0
2017/18,2018-05-13,Man United,Watford,1.4,2.2,0.8,0.6,5,10,3.0,0.8,1.1,0.6,1.2,5,10,8.0
2017/18,2018-05-13,Newcastle,Chelsea,0.6,1.3,0.6,1.2,5,10,4.0,2.6,1.7,1.6,0.8,5,10,4.0
2017/18,2018-05-13,Southampton,Man City,1.6,1.0,1.2,1.0,5,10,5.0,2.6,2.5,3.0,0.6,5,10,4.0
2017/18,2018-05-13,Swansea,Stoke,0.2,0.6,0.2,1.8,5,10,5.0,0.6,0.5,0.8,1.2,5,10,8.0
2017/18,2018-05-13,Tottenham,Leicester,1.4,2.2,1.0,1.0,5,10,4.0,0.8,1.2,0.8,2.0,5,10,4.0
2017/18,2018-05-13,West Ham,Everton,1.0,0.9,1.0,1.8,5,10,3.0,1.8,1.5,1.0,0.4,5,10,8.0
2018/19,2018-08-10,Man United,Leicester,2.0,2.2,1.0,0.4,5,10,60.0,0.8,1.1,1.4,2.6,5,10,60.0
2018/19,2018-08-11,Bournemouth,Cardiff,1.2,1.2,0.8,1.6,5,10,60.0,,,,,0,0,
2018/19,2018-08-11,Fulham,Crystal Palace,,,,,0,0,,2.6,1.7,2.4,0.6,5,10,60.0
2018/19,2018-08-11,Huddersfield,Chelsea,1.0,0.7,0.4,0.8,5,10,60.0,2.0,1.7,1.0,1.0,5,10,60.0
2018/19,2018-08-11,Newcastle,Tottenham,0.6,1.5,0.8,1.0,5,10,60.0,2.0,2.2,1.8,1.2,5,10,60.0
2018/19,2018-08-11,Watford,Brighton,0.8,0.8,0.4,1.0,5,10,60.0,1.0,0.9,0.6,1.6,5,10,60.0
2018/19,2018-08-11,Wolves,Everton,,,,,0,0,,1.6,1.5,1.2,1.0,5,10,60.0
2018/19,2018-08-12,Arsenal,Man City,1.8,1.8,2.4,1.2,5,10,60.0,2.6,2.5,2.6,0.4,5,10,60.0
2018/19,2018-08-12,Liverpool,West Ham,1.6,1.8,1.8,0.6,5,10,60.0,1.4,1.2,1.4,1.8,5,10,60.0
2018/19,2018-08-12,Southampton,Burnley,1.6,0.9,0.8,0.6,5,10,60.0,0.4,1.7,0.6,2.0,5,10,60.0
2018/19,2018-08-18,Cardiff,Newcastle,0.0,0.0,0.0,2.0,1,1,7.0,0.6,1.5,1.0,1.2,5,10,7.0
2018/19,2018-08-18,Chelsea,Arsenal,2.0,2.0,1.2,0.8,5,10,7.0,1.2,1.8,1.6,1.4,5,10,6.0
2018/19,2018-08-18,Everton,Southampton,1.6,1.6,1.4,1.2,5,10,7.0,1.6,0.9,0.8,0.6,5,10,6.0
2018/19,2018-08-18,Leicester,Wolves,0.6,1.0,1.6,3.0,5,10,8.0,1.0,1.0,2.0,2.0,1,1,7.0
2018/19,2018-08-18,Tottenham,Fulham,2.4,2.2,2.0,1.2,5,10,7.0,0.0,0.0,0.0,2.0,1,1,7.0
2018/19,2018-08-18,West Ham,Bournemouth,1.4,1.2,1.2,1.8,5,10,6.0,1.8,1.4,1.2,1.0,5,10,7.0
2018/19,2018-08-19,Brighton,Man United,0.8,0.6,0.4,1.8,5,10,8.0,2.0,2.2,1.0,0.6,5,10,9.0
2018/19,2018-08-19,Burnley,Watford,0.6,1.5,0.4,1.6,5,10,7.0,1.4,0.8,0.8,0.8,5,10,8.0
2018/19,2018-08-19,Man City,Huddersfield,2.6,2.5,2.0,0.4,5,10,7.0,0.4,0.7,0.2,1.4,5,10,8.0
2018/19,2018-08-20,Crystal Palace,Liverpool,2.6,2.0,2.2,0.2,5,10,9.0,1.6,1.8,2.0,0.6,5,10,8.0
2018/19,2018-08-25,Arsenal,West Ham,1.2,1.5,1.8,1.6,5,10,7.0,1.4,1.2,1.2,1.4,5,10,7.0
2018/19,2018-08-25,Bournemouth,Everton,2.4,1.7,1.6,0.8,5,10,7.0,1.6,1.6,1.6,1.4,5,10,7.0
2018/19,2018-08-25,Huddersfield,Cardiff,0.4,0.6,0.4,2.2,5,10,6.0,0.5,0.5,0.0,1.0,2,2,7.0
2018/19,2018-08-25,Liverpool,Brighton,2.0,2.1,2.0,0.2,5,10,5.0,1.2,0.9,1.0,2.2,5,10,6.0
2018/19,2018-08-25,Southampton,Leicester,1.0,0.9,0.6,0.8,5,10,7.0,1.2,1.0,2.0,2.0,5,10,7.0
2018/19,2018-08-25,Wolves,Man City,0.5,0.5,1.0,2.0,2,2,7.0,2.6,2.5,2.4,0.4,5,10,6.0
2018/19,2018-08-26,Fulham,Burnley,0.0,0.0,0.5,2.5,2,2,8.0,0.4,1.2,0.4,2.0,5,10,7.0
2018/19,2018-08-26,Newcastle,Chelsea,0.8,1.3,1.0,1.0,5,10,8.0,2.0,2.0,1.6,1.2,5,10,8.0
2018/19,2018-08-26,Watford,Crystal Palace,1.8,1.1,1.4,1.0,5,10,7.0,2.4,2.0,2.2,0.6,5,10,6.0
2018/19,2018-08-27,Man United,Tottenham,1.4,1.9,1.0,1.0,5,10,8.0,2.4,2.2,2.2,1.4,5,10,9.0
2018/19,2018-09-01,Brighton,Fulham,0.6,0.9,0.8,2.4,5,10,7.0,1.0,1.0,1.6666666666666667,2.3333333333333335,3,3,6.0
2018/19,2018-09-01,Chelsea,Bournemouth,2.0,2.3,1.8,1.4,5,10,6.0,2.6,1.5,1.8,0.8,5,10,7.0
2018/19,2018-09-01,Crystal Palace,Southampton,1.8,1.7,1.4,1.0,5,10,6.0,0.8,0.9,0.6,1.0,5,10,7.0
2018/19,2018-09-01,Everton,Huddersfield,1.2,1.4,1.6,1.8,5,10,7.0,0.4,0.7,0.4,2.2,5,10,7.0
2018/19,2018-09-01,Leicester,Liverpool,1.8,1.0,2.4,1.8,5,10,7.0,2.4,2.1,2.2,0.2,5,10,7.0
2018/19,2018-09-01,Man City,Newcastle,2.6,2.3,2.6,0.6,5,10,7.0,0.8,1.0,1.0,1.0,5,10,6.0
2018/19,2018-09-01,West Ham,Wolves,0.8,0.9,1.0,2.0,5,10,7.0,0.6666666666666666,0.6666666666666666,1.0,1.6666666666666667,3,3,7.0
2018/19,2018-09-02,Burnley,Man United,0.2,0.9,0.8,2.8,5,10,7.0,1.4,1.6,1.0,1.4,5,10,6.0
2018/19,2018-09-02,Cardiff,Arsenal,0.6666666666666666,0.6666666666666666,0.0,0.6666666666666666,3,3,8.0,1.2,1.5,1.4,1.8,5,10,8.0
2018/19,2018-09-02,Watford,Tottenham,2.4,1.4,1.8,0.8,5,10,7.0,3.0,2.2,2.8,1.2,5,10,6.0
2018/19,2018-09-15,Bournemouth,Leicester,2.0,1.4,1.6,1.2,5,10,14.0,1.2,1.0,2.0,2.0,5,10,14.0
2018/19,2018-09-15,Chelsea,Cardiff,2.4,2.5,2.0,1.2,5,10,14.0,0.5,0.5,0.5,1.25,4,4,13.0
2018/19,2018-09-15,Huddersfield,Crystal Palace,0.4,0.8,0.4,2.2,5,10,14.0,1.2,1.7,1.0,1.2,5,10,14.0
2018/19,2018-09-15,Man City,Fulham,2.6,2.6,2.4,0.6,5,10,14.0,1.0,1.0,1.75,2.25,4,4,14.0
2018/19,2018-09-15,Newcastle,Arsenal,0.8,0.7,1.2,1.2,5,10,14.0,1.8,1.5,1.8,1.6,5,10,13.0
2018/19,2018-09-15,Tottenham,Liverpool,2.4,1.9,2.8,1.6,5,10,13.0,3.0,2.1,2.6,0.2,5,10,14.0
2018/19,2018-09-15,Watford,Man United,2.4,1.6,1.8,0.8,5,10,13.0,1.8,1.6,1.4,1.4,5,10,13.0
2018/19,2018-09-16,Everton,West Ham,1.2,1.5,1.6,1.8,5,10,15.0,0.6,0.8,1.0,2.2,5,10,15.0
2018/19,2018-09-16,Wolves,Burnley,1.25,1.25,1.0,1.25,4,4,15.0,0.2,0.6,0.8,2.2,5,10,14.0
2018/19,2018-09-17,Southampton,Brighton,0.8,1.2,0.8,1.0,5,10,16.0,0.8,0.9,1.0,2.2,5,10,16.0
2018/19,2018-09-22,Brighton,Tottenham,1.0,1.0,1.4,1.8,5,10,5.0,1.8,1.9,2.0,1.2,5,10,7.0
2018/19,2018-09-22,Burnley,Bournemouth,0.2,0.3,0.6,2.0,5,10,6.0,2.0,1.6,2.0,1.4,5,10,7.0
2018/19,2018-09-22,Cardiff,Man City,0.4,0.4,0.6,1.8,5,5,7.0,2.6,2.6,2.8,0.6,5,10,7.0
2018/19,2018-09-22,Crystal Palace,Newcastle,1.2,1.9,0.8,1.2,5,10,7.0,0.2,0.4,0.8,1.6,5,10,7.0
2018/19,2018-09-22,Fulham,Watford,0.8,0.8,1.4,2.4,5,5,7.0,2.4,1.6,2.0,1.0,5,10,7.0
2018/19,2018-09-22,Leicester,Huddersfield,1.2,1.0,1.6,1.8,5,10,7.0,0.4,0.7,0.4,2.2,5,10,7.0
2018/19,2018-09-22,Liverpool,Southampton,3.0,2.3,2.2,0.4,5,10,7.0,1.0,1.3,1.2,1.2,5,10,5.0
2018/19,2018-09-22,Man United,Wolves,1.8,1.9,1.6,1.6,5,10,7.0,1.6,1.6,1.0,1.0,5,5,6.0
2018/19,2018-09-23,Arsenal,Everton,1.8,1.8,2.0,1.8,5,10,8.0,1.2,1.4,1.6,1.8,5,10,7.0
2018/19,2018-09-23,West Ham,Chelsea,0.6,1.0,1.0,2.2,5,10,7.0,3.0,2.5,2.8,0.8,5,10,8.0
2018/19,2018-09-29,Arsenal,Watford,2.4,1.8,2.4,1.4,5,10,6.0,2.0,1.7,1.8,1.2,5,10,7.0
2018/19,2018-09-29,Chelsea,Liverpool,2.6,2.3,2.2,0.8,5,10,6.0,3.0,2.3,2.0,0.4,5,10,7.0
2018/19,2018-09-29,Everton,Fulham,1.0,1.3,1.2,1.8,5,10,6.0,1.0,0.8333333333333334,1.6,2.2,5,6,7.0
2018/19,2018-09-29,Huddersfield,Tottenham,0.4,0.4,0.6,2.2,5,10,7.0,1.8,2.1,2.0,1.2,5,10,7.0
2018/19,2018-09-29,Man City,Brighton,2.6,2.6,3.4,0.6,5,10,7.0,1.0,0.9,1.6,1.8,5,10,7.0
2018/19,2018-09-29,Newcastle,Leicester,0.4,0.5,0.6,1.2,5,10,7.0,1.8,1.2,2.0,1.6,5,10,7.0
2018/19,2018-09-29,West Ham,Man United,0.8,1.1,1.0,1.4,5,10,6.0,1.4,1.7,1.4,1.6,5,10,7.0
2018/19,2018-09-29,Wolves,Southampton,1.6,1.5,0.8,0.8,5,6,7.0,0.8,1.2,1.2,1.8,5,10,7.0
2018/19,2018-09-30,Cardiff,Burnley,0.4,0.3333333333333333,0.6,2.4,5,6,8.0,0.6,0.6,1.4,2.0,5,10,8.0
2018/19,2018-10-01,Bournemouth,Crystal Palace,1.4,1.6,1.6,2.2,5,10,9.0,0.8,1.7,0.4,1.2,5,10,9.0
2018/19,2018-10-05,Brighton,West Ham,0.4,0.8,1.0,1.8,5,10,6.0,1.4,1.4,1.4,1.2,5,10,6.0
2018/19,2018-10-06,Burnley,Huddersfield,1.2,0.8,1.6,1.6,5,10,6.0,0.4,0.4,0.4,1.4,5,10,7.0
2018/19,2018-10-06,Crystal Palace,Wolves,0.8,1.6,0.6,1.2,5,10,5.0,2.2,1.7142857142857142,1.2,0.4,5,7,7.0
2018/19,2018-10-06,Leicester,Everton,1.8,1.5,2.0,1.6,5,10,7.0,1.0,1.3,1.4,1.6,5,10,7.0
2018/19,2018-10-06,Man United,Newcastle,1.4,1.4,1.2,1.6,5,10,7.0,0.2,0.5,0.6,1.6,5,10,7.0
2018/19,2018-10-06,Tottenham,Cardiff,1.8,2.1,1.8,1.0,5,10,7.0,0.2,0.2857142857142857,0.8,2.8,5,7,6.0
2018/19,2018-10-06,Watford,Bournemouth,1.4,1.6,1.2,1.4,5,10,7.0,1.4,1.9,1.6,2.2,5,10,5.0
2018/19,2018-10-07,Fulham,Arsenal,1.0,0.7142857142857143,1.4,2.2,5,7,8.0,3.0,2.1,2.4,0.8,5,10,8.0
2018/19,2018-10-07,Liverpool,Man City,2.6,2.3,1.8,0.6,5,10,8.0,2.6,2.6,2.6,0.4,5,10,8.0
2018/19,2018-10-07,Southampton,Chelsea,0.8,0.9,1.0,1.8,5,10,8.0,2.2,2.1,1.8,0.6,5,10,8.0
2018/19,2018-10-20,Bournemouth,Southampton,1.8,2.2,2.0,1.8,5,10,14.0,0.8,0.8,0.8,2.0,5,10,13.0
2018/19,2018-10-20,Cardiff,Fulham,0.0,0.25,0.8,3.0,5,8,14.0,0.4,0.625,0.8,2.8,5,8,13.0
2018/19,2018-10-20,Chelsea,Man United,2.2,2.1,2.0,0.4,5,10,13.0,2.0,1.7,1.8,1.4,5,10,14.0
2018/19,2018-10-20,Huddersfield,Liverpool,0.4,0.4,0.6,1.6,5,10,14.0,2.2,2.3,1.6,0.6,5,10,13.0
2018/19,2018-10-20,Man City,Burnley,2.6,2.6,2.4,0.2,5,10,13.0,1.4,0.8,1.4,1.0,5,10,14.0
2018/19,2018-10-20,Newcastle,Brighton,0.2,0.5,0.8,1.8,5,10,14.0,1.0,0.8,1.2,1.6,5,10,15.0
2018/19,2018-10-20,West Ham,Tottenham,1.4,1.1,1.2,0.8,5,10,15.0,1.8,2.4,1.4,1.0,5,10,14.0
2018/19,2018-10-20,Wolves,Watford,2.6,1.875,1.2,0.2,5,8,14.0,0.8,1.6,0.8,2.0,5,10,14.0
2018/19,2018-10-21,Everton,Crystal Palace,1.4,1.3,1.4,1.4,5,10,15.0,0.8,1.3,0.4,1.0,5,10,15.0
2018/19,2018-10-22,Arsenal,Leicester,3.0,2.1,2.8,0.8,5,10,15.0,1.2,1.5,1.8,1.8,5,10,16.0
2018/19,2018-10-27,Brighton,Wolves,1.4,1.1,1.0,1.2,5,10,7.0,2.0,1.6666666666666667,1.0,0.6,5,9,7.0
2018/19,2018-10-27,Fulham,Bournemouth,0.2,0.5555555555555556,0.8,3.2,5,9,7.0,2.0,2.0,2.0,1.4,5,10,7.0
2018/19,2018-10-27,Leicester,West Ham,1.2,1.2,1.8,2.0,5,10,5.0,1.4,1.0,1.2,0.8,5,10,7.0
2018/19,2018-10-27,Liverpool,Cardiff,2.2,2.6,1.4,0.4,5,10,7.0,0.6,0.5555555555555556,1.2,2.8,5,9,7.0
2018/19,2018-10-27,Southampton,Newcastle,0.4,0.6,0.4,2.0,5,10,7.0,0.2,0.5,0.6,1.6,5,10,7.0
2018/19,2018-10-27,Watford,Huddersfield,0.8,1.6,0.8,1.8,5,10,7.0,0.2,0.3,0.4,1.6,5,10,7.0
2018/19,2018-10-28,Burnley,Chelsea,1.4,0.8,1.4,1.6,5,10,8.0,1.8,2.1,2.0,0.8,5,10,8.0
2018/19,2018-10-28,Crystal Palace,Arsenal,0.8,1.0,0.4,1.0,5,10,7.0,3.0,2.4,2.8,0.6,5,10,6.0
2018/19,2018-10-28,Man United,Everton,1.6,1.7,1.8,1.8,5,10,8.0,1.8,1.5,1.6,1.2,5,10,7.0
2018/19,2018-10-29,Tottenham,Man City,2.4,2.4,1.4,0.6,5,10,9.0,2.6,2.6,3.0,0.0,5,10,9.0
2018/19,2018-11-03,Arsenal,Liverpool,2.6,2.2,2.8,0.8,5,10,6.0,2.2,2.6,1.8,0.4,5,10,7.0
2018/19,2018-11-03,Bournemouth,Man United,2.0,2.0,1.8,1.0,5,10,7.0,1.6,1.7,1.8,1.8,5,10,6.0
2018/19,2018-11-03,Cardiff,Leicester,0.6,0.5,1.2,2.8,5,10,7.0,1.4,1.3,1.6,1.4,5,10,7.0
2018/19,2018-11-03,Everton,Brighton,1.8,1.5,1.6,1.0,5,10,6.0,1.8,1.4,0.8,0.8,5,10,7.0
2018/19,2018-11-03,Newcastle,Watford,0.4,0.3,0.4,1.2,5,10,7.0,1.4,1.9,1.2,1.4,5,10,7.0
2018/19,2018-11-03,West Ham,Burnley,1.0,0.8,0.8,0.8,5,10,7.0,1.4,0.8,1.4,2.2,5,10,6.0
2018/19,2018-11-03,Wolves,Tottenham,1.4,1.5,0.8,0.8,5,10,7.0,2.4,2.1,1.2,0.4,5,10,5.0
2018/19,2018-11-04,Chelsea,Crystal Palace,1.8,2.4,2.0,0.6,5,10,7.0,0.4,0.8,0.6,1.4,5,10,7.0
2018/19,2018-11-04,Man City,Southampton,2.6,2.6,2.6,0.0,5,10,6.0,0.4,0.7,0.0,1.6,5,10,8.0
2018/19,2018-11-05,Huddersfield,Fulham,0.2,0.3,0.4,2.0,5,10,9.0,0.2,0.5,0.8,3.2,5,10,9.0
2018/19,2018-11-10,Cardiff,Brighton,0.6,0.5,1.2,2.0,5,10,7.0,1.8,1.4,0.8,1.0,5,10,7.0
2018/19,2018-11-10,Crystal Palace,Tottenham,0.2,0.5,0.8,2.0,5,10,6.0,2.4,2.1,1.4,0.6,5,10,7.0
2018/19,2018-11-10,Huddersfield,West Ham,0.8,0.6,0.4,1.4,5,10,5.0,1.4,1.1,1.6,1.2,5,10,7.0
2018/19,2018-11-10,Leicester,Burnley,1.4,1.6,1.2,1.2,5,10,7.0,0.8,0.7,1.0,3.0,5,10,7.0
2018/19,2018-11-10,Newcastle,Bournemouth,0.8,0.6,0.6,1.2,5,10,7.0,2.0,1.7,2.0,0.6,5,10,7.0
2018/19,2018-11-10,Southampton,Watford,0.4,0.6,0.2,2.2,5,10,6.0,1.2,1.6,1.0,1.4,5,10,7.0
2018/19,2018-11-11,Arsenal,Wolves,2.2,2.3,2.6,1.0,5,10,8.0,1.2,1.4,1.0,1.2,5,10,8.0
2018/19,2018-11-11,Chelsea,Everton,2.2,2.4,2.6,0.8,5,10,7.0,2.4,1.7,2.2,0.8,5,10,8.0
2018/19,2018-11-11,Liverpool,Fulham,1.8,2.4,1.4,0.6,5,10,8.0,0.0,0.5,0.6,3.2,5,10,6.0
2018/19,2018-11-11,Man City,Man United,2.6,2.6,2.8,0.2,5,10,7.0,2.0,1.7,2.0,1.8,5,10,8.0
2018/19,2018-11-24,Brighton,Leicester,1.8,1.1,1.0,1.0,5,10,14.0,1.0,1.4,0.8,1.2,5,10,14.0
2018/19,2018-11-24,Everton,Cardiff,2.0,1.5,1.6,0.8,5,10,13.0,1.2,0.7,1.4,1.8,5,10,14.0
2018/19,2018-11-24,Fulham,Southampton,0.0,0.5,0.6,3.0,5,10,13.0,0.6,0.7,0.4,2.0,5,10,14.0
2018/19,2018-11-24,Man United,Crystal Palace,2.0,1.7,2.0,1.8,5,10,13.0,0.2,0.5,0.6,1.8,5,10,14.0
2018/19,2018-11-24,Tottenham,Chelsea,2.4,2.1,1.2,0.6,5,10,14.0,2.2,2.2,2.4,0.6,5,10,13.0
2018/19,2018-11-24,Watford,Liverpool,1.4,1.4,1.2,1.2,5,10,14.0,2.2,2.4,1.6,0.4,5,10,13.0
2018/19,2018-11-24,West Ham,Man City,1.0,1.2,1.2,1.2,5,10,14.0,2.6,2.6,3.0,0.4,5,10,13.0
2018/19,2018-11-25,Bournemouth,Arsenal,1.4,1.4,1.8,0.8,5,10,15.0,1.8,2.4,2.4,1.2,5,10,14.0
2018/19,2018-11-25,Wolves,Huddersfield,0.8,1.5,0.8,1.4,5,10,14.0,1.0,0.7,0.6,1.2,5,10,15.0
2018/19,2018-11-26,Burnley,Newcastle,0.4,0.8,0.6,2.8,5,10,16.0,1.4,0.8,1.0,1.0,5,10,16.0
2018/19,2018-11-30,Cardiff,Wolves,1.2,0.6,1.4,1.8,5,10,6.0,0.2,1.4,0.6,1.8,5,10,5.0
2018/19,2018-12-01,Crystal Palace,Burnley,0.4,0.6,0.6,1.6,5,10,7.0,0.2,0.8,0.6,3.0,5,10,5.0
2018/19,2018-12-01,Huddersfield,Brighton,1.4,0.9,0.8,1.0,5,10,6.0,1.4,1.2,1.0,1.2,5,10,7.0
2018/19,2018-12-01,Leicester,Watford,1.2,1.2,0.8,1.0,5,10,7.0,1.4,1.1,1.2,1.0,5,10,7.0
2018/19,2018-12-01,Man City,Bournemouth,3.0,2.8,3.8,0.4,5,10,7.0,0.8,1.3,1.2,1.2,5,10,6.0
2018/19,2018-12-01,Newcastle,West Ham,2.0,1.1,1.0,0.6,5,10,5.0,1.0,1.2,1.2,1.8,5,10,7.0
2018/19,2018-12-01,Southampton,Man United,0.6,0.7,0.8,2.0,5,10,7.0,1.6,1.8,1.4,1.4,5,10,7.0
2018/19,2018-12-02,Arsenal,Tottenham,1.8,2.4,1.8,1.2,5,10,7.0,2.4,2.1,1.6,0.8,5,10,8.0
2018/19,2018-12-02,Chelsea,Fulham,1.6,1.9,2.0,1.2,5,10,8.0,0.6,0.5,1.0,2.4,5,10,8.0
2018/19,2018-12-02,Liverpool,Everton,2.6,2.4,2.2,0.4,5,10,8.0,2.0,1.7,1.4,0.6,5,10,8.0
2018/19,2018-12-04,Bournemouth,Huddersfield,0.6,1.3,1.4,1.8,5,10,3.0,1.4,0.8,1.0,1.2,5,10,3.0
2018/19,2018-12-04,Brighton,Crystal Palace,1.4,1.4,1.2,1.4,5,10,3.0,1.0,0.9,1.0,1.2,5,10,3.0
2018/19,2018-12-04,Watford,Man City,0.8,0.8,0.8,1.4,5,10,3.0,3.0,2.8,3.4,0.6,5,10,3.0
2018/19,2018-12-04,West Ham,Cardiff,1.6,1.5,1.8,1.6,5,10,3.0,1.2,0.9,1.0,1.6,5,10,4.0
2018/19,2018-12-05,Burnley,Liverpool,0.2,0.8,0.6,2.4,5,10,4.0,2.6,2.4,2.2,0.4,5,10,3.0
2018/19,2018-12-05,Everton,Newcastle,1.4,1.6,1.0,0.8,5,10,3.0,2.0,1.1,1.0,1.0,5,10,4.0
2018/19,2018-12-05,Fulham,Leicester,0.6,0.4,0.6,2.0,5,10,3.0,1.8,1.5,1.0,0.4,5,10,4.0
2018/19,2018-12-05,Man United,Arsenal,1.6,1.6,1.4,1.4,5,10,4.0,1.8,2.4,2.0,1.4,5,10,3.0
2018/19,2018-12-05,Tottenham,Southampton,1.8,2.1,1.8,1.6,5,10,3.0,0.6,0.5,1.2,2.4,5,10,4.0
2018/19,2018-12-05,Wolves,Chelsea,0.2,1.1,0.8,1.8,5,10,5.0,2.0,1.9,2.0,0.8,5,10,3.0
2018/19,2018-12-08,Arsenal,Huddersfield,1.8,2.2,2.0,1.4,5,10,3.0,1.4,0.8,1.2,1.0,5,10,4.0
2018/19,2018-12-08,Bournemouth,Liverpool,0.6,1.3,1.2,2.0,5,10,4.0,2.6,2.4,2.0,0.4,5,10,3.0
2018/19,2018-12-08,Burnley,Brighton,0.2,0.8,0.8,2.2,5,10,3.0,1.4,1.6,1.6,1.6,5,10,4.0
2018/19,2018-12-08,Cardiff,Southampton,1.2,0.9,1.0,1.4,5,10,4.0,0.4,0.4,1.4,3.0,5,10,3.0
2018/19,2018-12-08,Chelsea,Man City,1.4,1.6,1.4,1.2,5,10,3.0,3.0,2.8,3.6,0.8,5,10,4.0
2018/19,2018-12-08,Leicester,Tottenham,1.8,1.6,1.0,0.4,5,10,3.0,2.4,2.4,2.4,1.6,5,10,3.0
2018/19,2018-12-08,Man United,Fulham,1.2,1.4,1.4,1.6,5,10,3.0,0.8,0.5,0.8,1.6,5,10,3.0
2018/19,2018-12-08,West Ham,Crystal Palace,2.0,1.5,2.2,1.6,5,10,4.0,0.8,0.6,0.8,1.4,5,10,4.0
2018/19,2018-12-09,Newcastle,Wolves,2.0,1.2,1.2,1.2,5,10,4.0,0.8,1.1,1.2,1.8,5,10,4.0
2018/19,2018-12-10,Everton,Watford,1.6,1.7,1.0,0.6,5,10,5.0,0.2,0.8,0.4,1.8,5,10,6.0
2018/19,2018-12-15,Crystal Palace,Leicester,0.8,0.5,1.0,1.4,5,10,7.0,1.2,1.3,0.8,0.8,5,10,7.0
2018/19,2018-12-15,Fulham,West Ham,0.8,0.4,1.0,2.2,5,10,7.0,2.0,1.7,2.0,1.6,5,10,7.0
2018/19,2018-12-15,Huddersfield,Newcastle,0.8,0.8,1.0,1.2,5,10,7.0,1.4,1.1,1.2,1.6,5,10,6.0
2018/19,2018-12-15,Man City,Everton,2.4,2.5,2.4,1.0,5,10,7.0,1.2,1.8,0.8,0.8,5,10,5.0
2018/19,2018-12-15,Tottenham,Burnley,2.4,2.4,2.2,1.2,5,10,7.0,0.8,0.8,0.6,1.4,5,10,7.0
2018/19,2018-12-15,Watford,Cardiff,0.4,0.8,0.8,2.0,5,10,5.0,1.8,1.2,1.2,1.2,5,10,7.0
2018/19,2018-12-15,Wolves,Bournemouth,1.4,1.3,1.2,1.4,5,10,6.0,0.6,1.3,1.0,2.4,5,10,7.0
2018/19,2018-12-16,Brighton,Chelsea,1.4,1.6,1.4,1.2,5,10,8.0,1.4,1.8,1.2,1.0,5,10,8.0
2018/19,2018-12-16,Liverpool,Man United,3.0,2.4,2.6,0.2,5,10,8.0,1.2,1.6,1.8,1.6,5,10,8.0
2018/19,2018-12-16,Southampton,Arsenal,0.4,0.4,1.2,2.0,5,10,8.0,2.2,2.2,2.0,1.2,5,10,8.0
2018/19,2018-12-21,Wolves,Liverpool,1.8,1.3,1.4,1.2,5,10,6.0,3.0,2.6,2.8,0.4,5,10,5.0
2018/19,2018-12-22,Arsenal,Burnley,2.0,1.9,2.2,1.6,5,10,6.0,0.6,0.5,0.6,1.6,5,10,7.0
2018/19,2018-12-22,Bournemouth,Brighton,0.6,1.0,0.8,2.4,5,10,7.0,1.4,1.6,1.4,1.2,5,10,6.0
2018/19,2018-12-22,Cardiff,Man United,1.2,1.2,1.2,1.6,5,10,7.0,1.2,1.6,1.8,1.6,5,10,6.0
2018/19,2018-12-22,Chelsea,Leicester,1.8,2.0,1.6,1.2,5,10,6.0,1.0,1.0,0.8,1.0,5,10,7.0
2018/19,2018-12-22,Huddersfield,Southampton,0.6,0.8,0.8,1.2,5,10,7.0,0.8,0.7,1.6,2.2,5,10,6.0
2018/19,2018-12-22,Man City,Crystal Palace,2.4,2.5,2.4,1.0,5,10,7.0,1.4,0.8,1.2,1.2,5,10,7.0
2018/19,2018-12-22,Newcastle,Fulham,1.4,1.4,1.0,1.4,5,10,7.0,0.8,0.4,1.0,2.2,5,10,7.0
2018/19,2018-12-22,West Ham,Watford,2.4,1.7,2.2,1.4,5,10,7.0,0.8,1.1,1.2,2.2,5,10,7.0
2018/19,2018-12-23,Everton,Tottenham,1.0,1.5,1.0,1.4,5,10,8.0,2.4,2.4,2.2,1.2,5,10,8.0
2018/19,2018-12-26,Brighton,Arsenal,1.2,1.3,1.2,1.4,5,10,4.0,2.0,1.9,2.4,1.6,5,10,4.0
2018/19,2018-12-26,Burnley,Everton,0.6,0.4,0.6,1.8,5,10,4.0,0.4,1.2,1.2,2.6,5,10,3.0
2018/19,2018-12-26,Crystal Palace,Cardiff,1.8,1.1,1.8,1.6,5,10,4.0,1.2,1.2,1.4,2.4,5,10,4.0
2018/19,2018-12-26,Fulham,Wolves,0.4,0.5,0.4,1.8,5,10,4.0,1.8,1.0,1.4,1.2,5,10,5.0
2018/19,2018-12-26,Leicester,Man City,1.4,1.3,0.8,0.8,5,10,4.0,1.8,2.4,2.0,1.6,5,10,4.0
2018/19,2018-12-26,Liverpool,Newcastle,3.0,2.8,2.6,0.4,5,10,5.0,1.0,1.5,0.6,1.2,5,10,4.0
2018/19,2018-12-26,Man United,Huddersfield,1.6,1.6,2.8,1.8,5,10,4.0,0.0,0.7,0.6,1.8,5,10,4.0
2018/19,2018-12-26,Tottenham,Bournemouth,2.4,2.4,2.8,1.4,5,10,3.0,1.2,1.0,1.0,2.0,5,10,4.0
2018/19,2018-12-26,Watford,Chelsea,1.4,1.4,1.6,1.6,5,10,4.0,1.8,1.7,1.4,0.8,5,10,4.0
2018/19,2018-12-27,Southampton,West Ham,1.4,1.0,1.8,1.8,5,10,5.0,2.4,1.7,2.2,1.0,5,10,5.0
2018/19,2018-12-29,Brighton,Everton,0.8,1.1,1.0,1.4,5,10,3.0,1.0,1.2,2.2,2.6,5,10,3.0
2018/19,2018-12-29,Fulham,Huddersfield,0.6,0.6,0.6,1.6,5,10,3.0,0.0,0.7,0.6,2.0,5,10,3.0
2018/19,2018-12-29,Leicester,Cardiff,1.4,1.6,0.8,1.0,5,10,3.0,0.8,1.0,1.0,2.2,5,10,3.0
2018/19,2018-12-29,Liverpool,Arsenal,3.0,2.8,3.2,0.4,5,10,3.0,1.6,1.7,1.8,1.4,5,10,3.0
2018/19,2018-12-29,Tottenham,Wolves,3.0,2.4,3.4,0.6,5,10,3.0,2.0,1.1,1.4,1.0,5,10,3.0
2018/19,2018-12-29,Watford,Newcastle,1.4,1.1,1.8,1.6,5,10,3.0,1.0,1.5,0.6,1.4,5,10,3.0
2018/19,2018-12-30,Burnley,West Ham,0.6,0.4,0.8,2.4,5,10,4.0,2.4,2.0,2.0,1.2,5,10,3.0
2018/19,2018-12-30,Crystal Palace,Chelsea,1.4,1.2,1.4,1.6,5,10,4.0,1.8,1.9,1.4,1.0,5,10,4.0
2018/19,2018-12-30,Man United,Bournemouth,2.0,1.8,3.0,1.6,5,10,4.0,1.2,0.9,0.8,2.4,5,10,4.0
2018/19,2018-12-30,Southampton,Man City,1.2,0.9,1.6,1.8,5,10,3.0,1.2,2.1,1.6,1.8,5,10,4.0
2018/19,2019-01-01,Arsenal,Fulham,1.4,1.6,1.6,2.0,5,10,3.0,1.0,0.9,0.6,1.4,5,10,3.0
2018/19,2019-01-01,Cardiff,Tottenham,1.4,1.3,1.0,1.6,5,10,3.0,2.4,2.4,3.0,1.0,5,10,3.0
2018/19,2019-01-01,Everton,Leicester,0.8,1.2,2.0,2.6,5,10,3.0,1.2,1.5,0.6,1.0,5,10,3.0
2018/19,2019-01-02,Bournemouth,Watford,0.6,0.6,0.6,3.0,5,10,3.0,1.6,0.9,1.8,1.4,5,10,4.0
2018/19,2019-01-02,Chelsea,Southampton,2.4,1.9,1.4,0.6,5,10,3.0,1.2,0.8,1.6,1.8,5,10,3.0
2018/19,2019-01-02,Huddersfield,Burnley,0.0,0.7,0.4,1.8,5,10,4.0,1.2,0.7,1.0,1.8,5,10,3.0
2018/19,2019-01-02,Newcastle,Man United,1.0,1.5,0.6,1.4,5,10,4.0,2.4,1.8,3.4,1.4,5,10,3.0
2018/19,2019-01-02,West Ham,Brighton,1.8,1.9,1.4,1.4,5,10,3.0,0.8,1.1,0.6,1.2,5,10,4.0
2018/19,2019-01-02,Wolves,Crystal Palace,2.0,1.4,1.6,1.0,5,10,4.0,1.4,1.1,1.2,1.2,5,10,3.0
2018/19,2019-01-03,Man City,Liverpool,1.2,2.1,1.8,1.8,5,10,4.0,3.0,2.8,3.6,0.4,5,10,5.0
2018/19,2019-01-12,Brighton,Liverpool,1.0,1.2,1.0,1.4,5,10,10.0,2.4,2.7,3.0,0.8,5,10,9.0
2018/19,2019-01-12,Burnley,Fulham,1.2,1.0,1.2,2.0,5,10,10.0,1.0,0.9,0.6,1.4,5,10,11.0
2018/19,2019-01-12,Cardiff,Huddersfield,0.8,1.3,0.8,2.2,5,10,11.0,0.0,0.4,0.6,2.0,5,10,10.0
2018/19,2019-01-12,Chelsea,Newcastle,2.0,1.7,1.0,0.6,5,10,10.0,1.0,1.2,0.4,1.4,5,10,10.0
2018/19,2019-01-12,Crystal Palace,Watford,2.0,1.4,1.2,0.6,5,10,10.0,1.6,1.0,2.0,1.6,5,10,10.0
2018/19,2019-01-12,Leicester,Southampton,1.8,1.5,0.8,0.6,5,10,11.0,1.4,0.9,1.6,1.6,5,10,10.0
2018/19,2019-01-12,West Ham,Arsenal,1.4,1.7,1.2,1.4,5,10,10.0,1.4,1.8,2.2,2.2,5,10,11.0
2018/19,2019-01-13,Everton,Bournemouth,0.6,0.9,1.6,2.4,5,10,12.0,0.8,0.7,1.2,2.8,5,10,11.0
2018/19,2019-01-13,Tottenham,Man United,2.4,2.4,3.2,1.0,5,10,12.0,2.4,1.8,3.0,1.2,5,10,11.0
2018/19,2019-01-14,Man City,Wolves,1.8,2.1,2.2,1.6,5,10,11.0,1.4,1.4,1.2,1.2,5,10,12.0
2018/19,2019-01-19,Arsenal,Chelsea,1.4,1.7,1.8,1.8,5,10,7.0,2.0,1.9,1.0,0.6,5,10,7.0
2018/19,2019-01-19,Bournemouth,West Ham,0.8,0.7,1.2,2.8,5,10,6.0,1.4,1.9,1.0,1.4,5,10,7.0
2018/19,2019-01-19,Liverpool,Crystal Palace,2.4,2.7,2.6,0.6,5,10,7.0,1.4,1.4,1.2,1.0,5,10,7.0
2018/19,2019-01-19,Man United,Brighton,3.0,2.1,3.0,0.6,5,10,6.0,1.0,1.2,0.8,1.2,5,10,7.0
2018/19,2019-01-19,Newcastle,Cardiff,0.4,0.9,0.4,1.8,5,10,7.0,1.0,1.1,0.4,1.6,5,10,7.0
2018/19,2019-01-19,Southampton,Everton,1.4,1.1,1.4,1.4,5,10,7.0,1.2,1.1,1.8,1.8,5,10,6.0
2018/19,2019-01-19,Watford,Burnley,1.6,1.2,1.8,1.4,5,10,7.0,1.8,1.2,1.6,2.0,5,10,7.0
2018/19,2019-01-19,Wolves,Leicester,0.8,1.3,0.8,1.8,5,10,5.0,1.8,1.4,1.0,0.8,5,10,7.0
2018/19,2019-01-20,Fulham,Tottenham,1.0,0.9,0.8,1.4,5,10,8.0,1.8,2.1,3.0,1.2,5,10,7.0
2018/19,2019-01-20,Huddersfield,Man City,0.2,0.4,0.6,1.8,5,10,8.0,1.8,2.1,2.2,1.4,5,10,6.0
2018/19,2019-01-29,Arsenal,Cardiff,1.4,1.7,1.6,1.6,5,10,10.0,1.0,1.1,0.2,1.2,5,10,10.0
2018/19,2019-01-29,Fulham,Brighton,0.8,0.6,1.0,1.8,5,10,9.0,1.0,1.1,1.0,1.2,5,10,10.0
2018/19,2019-01-29,Huddersfield,Everton,0.2,0.1,0.4,1.8,5,10,9.0,1.2,0.8,1.6,1.0,5,10,10.0
2018/19,2019-01-29,Man United,Burnley,3.0,2.3,2.4,0.6,5,10,10.0,2.0,1.3,1.4,1.4,5,10,10.0
2018/19,2019-01-29,Newcastle,Man City,0.8,0.9,1.0,1.8,5,10,10.0,2.4,2.1,2.4,0.8,5,10,9.0
2018/19,2019-01-29,Wolves,West Ham,1.4,1.6,1.6,2.0,5,10,10.0,1.4,1.9,1.0,1.4,5,10,10.0
2018/19,2019-01-30,Bournemouth,Chelsea,0.8,1.0,1.2,2.8,5,10,11.0,2.0,1.9,1.0,0.8,5,10,11.0
2018/19,2019-01-30,Liverpool,Leicester,2.4,2.7,3.0,1.2,5,10,11.0,1.2,1.3,1.4,1.6,5,10,11.0
2018/19,2019-01-30,Southampton,Crystal Palace,1.4,1.4,1.2,1.4,5,10,11.0,0.8,1.3,1.2,1.4,5,10,11.0
2018/19,2019-01-30,Tottenham,Watford,1.8,2.1,2.2,1.0,5,10,10.0,1.2,1.3,1.4,1.4,5,10,11.0
2018/19,2019-02-02,Brighton,Watford,0.8,0.8,1.2,1.8,5,10,4.0,1.2,1.3,1.4,1.4,5,10,3.0
2018/19,2019-02-02,Burnley,Southampton,2.2,1.4,1.6,0.8,5,10,4.0,1.6,1.4,1.2,1.2,5,10,3.0
2018/19,2019-02-02,Cardiff,Bournemouth,0.8,0.8,0.4,1.6,5,10,4.0,1.4,1.3,2.0,1.8,5,10,3.0
2018/19,2019-02-02,Chelsea,Huddersfield,1.4,1.6,0.6,1.4,5,10,3.0,0.2,0.1,0.2,1.4,5,10,4.0
2018/19,2019-02-02,Crystal Palace,Fulham,0.8,1.1,1.4,1.6,5,10,3.0,1.2,0.9,1.6,2.0,5,10,4.0
2018/19,2019-02-02,Everton,Wolves,1.2,1.1,0.8,0.8,5,10,4.0,1.8,1.9,2.0,1.8,5,10,4.0
2018/19,2019-02-02,Tottenham,Newcastle,1.8,2.4,1.6,1.2,5,10,3.0,1.4,1.2,1.4,1.2,5,10,4.0
2018/19,2019-02-03,Leicester,Man United,0.8,1.1,1.2,1.6,5,10,4.0,2.6,2.3,2.2,0.8,5,10,5.0
2018/19,2019-02-03,Man City,Arsenal,2.4,1.8,2.4,0.8,5,10,5.0,1.8,1.7,1.8,1.6,5,10,5.0
2018/19,2019-02-04,West Ham,Liverpool,0.8,1.6,0.6,1.8,5,10,6.0,2.0,2.5,2.4,1.4,5,10,5.0
2018/19,2019-02-06,Everton,Man City,1.2,1.0,1.0,1.2,5,10,4.0,2.4,1.8,2.4,0.8,5,10,3.0
2018/19,2019-02-09,Brighton,Burnley,0.4,0.6,1.0,1.8,5,10,7.0,1.8,1.5,1.4,1.0,5,10,7.0
2018/19,2019-02-09,Crystal Palace,West Ham,1.4,1.4,1.8,1.4,5,10,7.0,1.0,1.4,0.8,1.6,5,10,5.0
2018/19,2019-02-09,Fulham,Man United,0.6,0.8,1.4,2.4,5,10,7.0,2.6,2.5,1.6,0.6,5,10,6.0
2018/19,2019-02-09,Huddersfield,Arsenal,0.2,0.1,0.2,2.2,5,10,7.0,1.8,1.6,1.8,1.2,5,10,6.0
2018/19,2019-02-09,Liverpool,Bournemouth,1.6,2.3,1.6,1.4,5,10,5.0,1.4,1.0,1.8,1.4,5,10,7.0
2018/19,2019-02-09,Southampton,Cardiff,1.8,1.5,1.2,0.8,5,10,7.0,0.8,1.1,0.6,1.6,5,10,7.0
2018/19,2019-02-09,Watford,Everton,1.2,1.4,1.2,1.2,5,10,7.0,1.2,0.9,1.0,1.4,5,10,3.0
2018/19,2019-02-10,Man City,Chelsea,2.4,2.1,2.4,0.6,5,10,4.0,1.4,1.9,1.4,1.4,5,10,8.0
2018/19,2019-02-10,Tottenham,Leicester,2.4,2.4,1.6,0.6,5,10,8.0,0.8,1.0,1.2,1.6,5,10,7.0
2018/19,2019-02-11,Wolves,Newcastle,1.8,1.9,2.0,1.8,5,10,9.0,1.2,1.1,1.2,1.2,5,10,9.0
2018/19,2019-02-22,Cardiff,Watford,1.4,1.1,1.0,1.2,5,10,13.0,1.6,1.6,0.8,0.6,5,10,13.0
2018/19,2019-02-22,West Ham,Fulham,1.0,1.2,0.6,1.4,5,10,13.0,0.6,0.8,1.2,2.2,5,10,13.0
2018/19,2019-02-23,Bournemouth,Wolves,1.2,1.0,1.2,1.4,5,10,14.0,2.0,1.7,2.2,1.6,5,10,12.0
2018/19,2019-02-23,Burnley,Tottenham,1.8,1.5,1.6,1.0,5,10,14.0,2.4,2.4,1.6,0.8,5,10,13.0
2018/19,2019-02-23,Leicester,Crystal Palace,0.2,1.0,1.2,2.2,5,10,13.0,1.0,1.5,1.6,1.6,5,10,14.0
2018/19,2019-02-23,Newcastle,Huddersfield,1.4,1.2,1.4,1.0,5,10,12.0,0.2,0.1,0.2,2.2,5,10,14.0
2018/19,2019-02-24,Arsenal,Southampton,1.8,1.6,1.4,1.2,5,10,15.0,1.6,1.5,1.4,1.2,5,10,15.0
2018/19,2019-02-24,Man United,Liverpool,2.6,2.5,1.8,0.6,5,10,15.0,2.2,2.3,2.0,1.0,5,10,15.0
2018/19,2019-02-26,Cardiff,Everton,1.2,1.1,1.2,2.2,5,10,4.0,0.6,0.9,0.6,1.6,5,10,17.0
2018/19,2019-02-26,Huddersfield,Wolves,0.0,0.1,0.2,2.6,5,10,3.0,2.2,1.5,2.4,1.2,5,10,3.0
2018/19,2019-02-26,Leicester,Brighton,0.2,1.0,1.2,2.6,5,10,3.0,0.2,0.6,0.8,2.0,5,10,17.0
2018/19,2019-02-26,Newcastle,Burnley,2.0,1.2,1.6,0.6,5,10,3.0,1.8,1.8,1.6,1.0,5,10,3.0
2018/19,2019-02-27,Arsenal,Bournemouth,2.4,1.9,1.8,1.0,5,10,3.0,1.4,1.1,1.4,1.2,5,10,4.0
2018/19,2019-02-27,Chelsea,Tottenham,1.2,1.6,1.4,2.6,5,10,17.0,2.4,2.1,1.8,1.0,5,10,4.0
2018/19,2019-02-27,Crystal Palace,Man United,1.6,1.5,2.2,1.4,5,10,4.0,2.2,2.6,1.6,0.6,5,10,3.0
2018/19,2019-02-27,Liverpool,Watford,1.8,2.1,1.8,1.0,5,10,3.0,1.6,1.6,1.4,0.6,5,10,5.0
2018/19,2019-02-27,Man City,West Ham,2.4,2.1,3.0,0.6,5,10,17.0,1.0,1.2,1.0,1.6,5,10,5.0
2018/19,2019-02-27,Southampton,Fulham,1.0,1.2,1.0,1.4,5,10,3.0,0.6,0.8,1.2,2.4,5,10,5.0
2018/19,2019-03-02,Bournemouth,Man City,0.8,0.8,1.2,2.2,5,10,3.0,2.4,2.4,2.6,0.6,5,10,3.0
2018/19,2019-03-02,Brighton,Huddersfield,0.2,0.6,1.0,2.2,5,10,4.0,0.6,0.4,0.4,2.0,5,10,4.0
2018/19,2019-03-02,Burnley,Crystal Palace,1.6,1.8,1.6,1.4,5,10,4.0,1.6,1.2,1.8,1.2,5,10,3.0
2018/19,2019-03-02,Man United,Southampton,2.2,2.6,1.8,0.6,5,10,3.0,1.0,1.2,1.0,1.2,5,10,3.0
2018/19,2019-03-02,Tottenham,Arsenal,1.8,1.8,1.4,1.2,5,10,3.0,2.4,1.9,2.4,1.2,5,10,3.0
2018/19,2019-03-02,West Ham,Newcastle,1.0,1.2,1.0,1.4,5,10,3.0,2.0,1.4,1.4,0.6,5,10,4.0
2018/19,2019-03-02,Wolves,Cardiff,1.6,1.5,1.6,0.8,5,10,4.0,1.2,1.1,1.2,2.2,5,10,4.0
2018/19,2019-03-03,Everton,Liverpool,1.2,1.2,1.0,1.2,5,10,5.0,1.8,2.1,2.0,0.4,5,10,4.0
2018/19,2019-03-03,Fulham,Chelsea,0.6,0.7,1.0,2.4,5,10,4.0,1.2,1.6,1.4,2.4,5,10,4.0
2018/19,2019-03-03,Watford,Leicester,1.4,1.3,1.4,1.6,5,10,4.0,0.8,1.0,1.0,2.0,5,10,5.0
2018/19,2019-03-09,Cardiff,West Ham,1.2,1.0,1.0,2.2,5,10,7.0,1.6,1.2,1.4,0.8,5,10,7.0
2018/19,2019-03-09,Crystal Palace,Brighton,2.0,1.4,2.2,1.2,5,10,7.0,0.8,0.9,1.0,1.8,5,10,7.0
2018/19,2019-03-09,Huddersfield,Bournemouth,0.6,0.4,0.4,2.0,5,10,7.0,0.2,0.8,0.4,2.4,5,10,7.0
2018/19,2019-03-09,Leicester,Fulham,0.6,0.7,1.0,2.2,5,10,6.0,0.0,0.6,0.4,2.4,5,10,6.0
2018/19,2019-03-09,Man City,Watford,3.0,2.7,2.6,0.2,5,10,7.0,2.0,1.6,1.6,1.4,5,10,6.0
2018/19,2019-03-09,Newcastle,Everton,1.4,1.4,1.0,0.8,5,10,7.0,0.8,1.0,0.8,1.2,5,10,6.0
2018/19,2019-03-09,Southampton,Tottenham,0.8,1.2,1.2,1.6,5,10,7.0,1.4,1.6,1.2,1.2,5,10,7.0
2018/19,2019-03-10,Arsenal,Man United,2.0,1.9,2.2,1.2,5,10,8.0,2.6,2.6,2.0,0.6,5,10,8.0
2018/19,2019-03-10,Chelsea,Wolves,1.8,1.9,1.8,2.2,5,10,7.0,1.6,1.7,1.4,0.8,5,10,8.0
2018/19,2019-03-10,Liverpool,Burnley,1.8,1.9,1.8,0.2,5,10,7.0,1.4,1.8,1.4,1.6,5,10,8.0
2018/19,2019-03-16,Bournemouth,Newcastle,0.8,1.1,0.8,2.0,5,10,7.0,2.0,1.6,1.6,1.0,5,10,7.0
2018/19,2019-03-16,Burnley,Leicester,1.2,1.5,1.6,2.2,5,10,6.0,1.2,1.0,1.6,2.2,5,10,7.0
2018/19,2019-03-16,West Ham,Huddersfield,1.4,1.2,1.2,1.0,5,10,7.0,0.6,0.4,0.4,1.4,5,10,7.0
2018/19,2019-03-17,Everton,Chelsea,0.8,1.0,1.0,1.2,5,10,8.0,2.0,1.7,2.0,1.6,5,10,7.0
2018/19,2019-03-17,Fulham,Liverpool,0.0,0.3,0.6,2.6,5,10,8.0,2.2,1.9,2.4,0.4,5,10,7.0
2018/19,2019-03-30,Brighton,Southampton,1.4,1.1,1.0,1.2,5,10,21.0,1.2,1.5,1.4,1.6,5,10,21.0
2018/19,2019-03-30,Burnley,Wolves,0.6,1.2,1.2,2.4,5,10,14.0,1.2,1.5,1.0,0.8,5,10,20.0
2018/19,2019-03-30,Crystal Palace,Huddersfield,1.4,1.4,2.0,1.6,5,10,21.0,0.6,0.4,0.8,1.8,5,10,14.0
2018/19,2019-03-30,Fulham,Man City,0.0,0.3,0.8,2.4,5,10,13.0,3.0,2.7,2.6,0.2,5,10,21.0
2018/19,2019-03-30,Leicester,Bournemouth,1.8,1.0,1.8,1.8,5,10,14.0,1.0,1.1,1.2,1.8,5,10,14.0
2018/19,2019-03-30,Man United,Watford,2.0,2.3,1.8,1.0,5,10,20.0,1.8,1.5,1.8,2.0,5,10,21.0
2018/19,2019-03-30,West Ham,Everton,1.8,1.4,1.8,1.4,5,10,14.0,1.4,1.3,1.4,0.8,5,10,13.0
2018/19,2019-03-31,Cardiff,Chelsea,1.2,1.0,1.0,2.2,5,10,22.0,1.4,1.4,1.0,2.0,5,10,14.0
2018/19,2019-03-31,Liverpool,Tottenham,2.2,2.2,2.2,0.6,5,10,14.0,0.8,1.6,1.2,1.6,5,10,22.0
2018/19,2019-04-01,Arsenal,Newcastle,2.6,2.2,2.4,0.6,5,10,22.0,2.0,1.7,1.8,1.2,5,10,16.0
2018/19,2019-04-02,Watford,Fulham,1.2,1.4,1.8,2.4,5,10,3.0,0.0,0.3,0.6,2.2,5,10,3.0
2018/19,2019-04-02,Wolves,Man United,1.0,1.5,0.8,1.0,5,10,3.0,2.0,2.3,1.6,1.2,5,10,3.0
2018/19,2019-04-03,Chelsea,Brighton,2.0,1.6,1.4,1.0,5,10,3.0,1.2,0.8,1.0,1.4,5,10,4.0
2018/19,2019-04-03,Man City,Cardiff,3.0,2.7,2.6,0.2,5,10,4.0,0.6,1.0,0.8,2.4,5,10,3.0
2018/19,2019-04-03,Tottenham,Crystal Palace,0.2,1.3,0.8,1.8,5,10,3.0,1.8,1.4,2.2,1.4,5,10,4.0
2018/19,2019-04-05,Southampton,Liverpool,1.8,1.7,1.4,1.2,5,10,6.0,2.6,2.2,2.6,0.8,5,10,5.0
2018/19,2019-04-06,Bournemouth,Burnley,0.8,1.1,1.0,2.0,5,10,7.0,0.6,1.2,1.2,2.2,5,10,7.0
2018/19,2019-04-06,Huddersfield,Leicester,0.6,0.3,0.8,1.8,5,10,7.0,2.4,1.3,2.0,1.0,5,10,7.0
2018/19,2019-04-06,Newcastle,Crystal Palace,1.4,1.7,1.4,1.6,5,10,5.0,1.2,1.4,1.4,1.6,5,10,3.0
2018/19,2019-04-07,Everton,Arsenal,2.0,1.3,1.8,0.6,5,10,8.0,2.6,2.2,2.4,0.4,5,10,6.0
2018/19,2019-04-08,Chelsea,West Ham,2.0,1.6,1.6,1.0,5,10,5.0,1.2,1.1,1.2,1.6,5,10,9.0
2018/19,2019-04-12,Leicester,Newcastle,2.4,1.6,2.4,1.0,5,10,6.0,0.8,1.4,1.0,1.8,5,10,6.0
2018/19,2019-04-13,Brighton,Bournemouth,1.2,0.7,0.8,1.4,5,10,10.0,0.8,0.8,1.0,1.6,5,10,7.0
2018/19,2019-04-13,Burnley,Cardiff,1.2,1.4,1.8,2.0,5,10,7.0,0.6,0.9,0.6,1.8,5,10,10.0
2018/19,2019-04-13,Fulham,Everton,0.0,0.3,0.8,2.6,5,10,11.0,2.0,1.6,1.4,0.6,5,10,6.0
2018/19,2019-04-13,Man United,West Ham,1.8,2.0,1.8,1.6,5,10,11.0,1.2,1.1,1.2,1.8,5,10,5.0
2018/19,2019-04-13,Southampton,Wolves,1.8,1.4,1.6,1.4,5,10,8.0,1.4,1.8,1.0,1.0,5,10,11.0
2018/19,2019-04-13,Tottenham,Huddersfield,0.8,1.6,1.0,1.4,5,10,10.0,0.0,0.3,0.8,2.6,5,10,7.0
2018/19,2019-04-14,Crystal Palace,Man City,1.8,1.7,1.4,1.0,5,10,8.0,3.0,2.7,1.8,0.2,5,10,11.0
2018/19,2019-04-14,Liverpool,Chelsea,2.6,2.2,2.2,1.0,5,10,9.0,2.0,1.9,1.6,0.8,5,10,6.0
2018/19,2019-04-15,Watford,Arsenal,1.2,1.4,1.6,2.4,5,10,13.0,2.0,2.2,2.0,0.6,5,10,8.0
2018/19,2019-04-16,Brighton,Cardiff,1.2,0.7,0.6,2.0,5,10,3.0,0.6,0.9,0.6,1.6,5,10,3.0
2018/19,2019-04-20,Bournemouth,Fulham,1.4,0.8,2.0,1.4,5,10,7.0,0.6,0.3,1.0,2.2,5,10,7.0
2018/19,2019-04-20,Huddersfield,Watford,0.0,0.3,0.8,3.2,5,10,7.0,1.2,1.3,1.6,1.6,5,10,5.0
2018/19,2019-04-20,Man City,Tottenham,3.0,2.7,2.2,0.4,5,10,6.0,1.4,1.6,1.8,1.0,5,10,7.0
2018/19,2019-04-20,Newcastle,Southampton,1.4,1.4,1.2,1.4,5,10,8.0,1.8,1.4,1.8,1.6,5,10,7.0
2018/19,2019-04-20,West Ham,Leicester,0.6,1.1,1.0,2.2,5,10,7.0,2.4,1.5,2.2,0.8,5,10,8.0
2018/19,2019-04-20,Wolves,Brighton,1.4,1.5,1.2,1.4,5,10,7.0,0.6,0.7,0.4,2.4,5,10,4.0
2018/19,2019-04-21,Arsenal,Crystal Palace,2.0,2.2,1.2,0.4,5,10,6.0,1.2,1.6,1.0,1.4,5,10,7.0
2018/19,2019-04-21,Cardiff,Liverpool,1.2,1.2,1.0,1.2,5,10,5.0,3.0,2.4,2.6,1.0,5,10,7.0
2018/19,2019-04-21,Everton,Man United,1.8,1.3,1.4,1.0,5,10,8.0,1.8,2.0,1.6,1.6,5,10,8.0
2018/19,2019-04-22,Chelsea,Burnley,1.8,1.9,1.4,1.0,5,10,8.0,1.8,1.6,2.0,1.4,5,10,9.0
2018/19,2019-04-23,Tottenham,Brighton,1.2,1.3,1.6,1.0,5,10,3.0,0.2,0.8,0.0,2.2,5,10,3.0
2018/19,2019-04-23,Watford,Southampton,1.2,1.6,1.6,1.6,5,10,3.0,1.8,1.3,1.6,1.6,5,10,3.0
2018/19,2019-04-24,Man United,Man City,1.2,1.9,1.0,2.0,5,10,3.0,3.0,3.0,2.2,0.4,5,10,4.0
2018/19,2019-04-24,Wolves,Arsenal,1.0,1.3,0.8,1.4,5,10,4.0,1.8,1.9,1.4,0.8,5,10,3.0
2018/19,2019-04-26,Liverpool,Huddersfield,3.0,2.6,2.2,0.6,5,10,5.0,0.0,0.3,1.0,3.2,5,10,6.0
2018/19,2019-04-27,Brighton,Newcastle,0.2,0.7,0.0,2.2,5,10,4.0,1.4,1.7,1.2,1.2,5,10,7.0
2018/19,2019-04-27,Crystal Palace,Everton,1.8,1.6,1.4,1.4,5,10,6.0,2.4,1.6,1.8,0.4,5,10,6.0
2018/19,2019-04-27,Fulham,Cardiff,1.2,0.6,1.0,1.6,5,10,7.0,0.6,0.9,0.6,1.6,5,10,6.0
2018/19,2019-04-27,Southampton,Bournemouth,1.4,1.3,1.4,1.6,5,10,4.0,0.8,0.8,1.6,1.6,5,10,7.0
2018/19,2019-04-27,Tottenham,West Ham,1.8,1.3,1.6,0.6,5,10,4.0,0.8,1.1,1.4,2.2,5,10,7.0
2018/19,2019-04-27,Watford,Wolves,1.4,1.6,1.6,1.2,5,10,4.0,1.4,1.3,1.2,1.4,5,10,3.0
2018/19,2019-04-28,Burnley,Man City,2.0,1.6,2.0,1.0,5,10,6.0,3.0,3.0,2.0,0.2,5,10,4.0
2018/19,2019-04-28,Leicester,Arsenal,2.0,1.6,2.0,1.0,5,10,8.0,1.2,1.9,1.2,1.4,5,10,4.0
2018/19,2019-04-28,Man United,Chelsea,1.2,1.6,1.0,2.0,5,10,4.0,2.0,1.7,1.8,1.0,5,10,6.0
2018/19,2019-05-03,Everton,Burnley,2.0,1.7,1.4,0.4,5,10,6.0,2.0,1.3,1.8,0.8,5,10,5.0
2018/19,2019-05-04,Bournemouth,Tottenham,0.8,0.9,1.8,1.8,5,10,7.0,1.8,1.0,1.4,0.4,5,10,7.0
2018/19,2019-05-04,Cardiff,Crystal Palace,0.6,0.6,0.4,1.4,5,10,7.0,1.4,1.6,1.0,1.4,5,10,7.0
2018/19,2019-05-04,Newcastle,Liverpool,1.4,1.7,1.0,1.0,5,10,7.0,3.0,2.6,2.8,0.4,5,10,8.0
2018/19,2019-05-04,West Ham,Southampton,0.8,1.3,0.8,1.6,5,10,7.0,1.0,1.4,1.8,2.2,5,10,7.0
2018/19,2019-05-04,Wolves,Fulham,2.0,1.5,1.6,1.2,5,10,7.0,1.8,0.9,1.0,1.2,5,10,7.0
2018/19,2019-05-05,Arsenal,Brighton,0.6,1.6,0.8,2.0,5,10,7.0,0.4,0.8,0.2,1.8,5,10,8.0
2018/19,2019-05-05,Chelsea,Watford,1.6,1.8,1.6,1.0,5,10,7.0,1.4,1.3,1.6,1.2,5,10,8.0
2018/19,2019-05-05,Huddersfield,Man United,0.0,0.3,0.4,3.4,5,10,9.0,0.8,1.4,0.8,2.0,5,10,7.0
2018/19,2019-05-06,Man City,Leicester,3.0,3.0,1.8,0.2,5,10,8.0,2.0,1.9,2.2,0.8,5,10,8.0
2018/19,2019-05-12,Brighton,Man City,0.6,0.9,0.4,1.0,5,10,7.0,3.0,3.0,1.6,0.2,5,10,6.0
2018/19,2019-05-12,Burnley,Arsenal,1.4,1.0,1.4,1.2,5,10,9.0,0.8,1.4,1.0,2.0,5,10,7.0
2018/19,2019-05-12,Crystal Palace,Bournemouth,2.0,1.6,1.6,1.4,5,10,8.0,1.4,1.1,2.0,1.4,5,10,8.0
2018/19,2019-05-12,Fulham,Newcastle,1.8,0.9,1.0,1.0,5,10,8.0,1.4,1.4,1.4,1.2,5,10,8.0
2018/19,2019-05-12,Leicester,Chelsea,1.4,1.9,1.8,1.0,5,10,6.0,1.6,1.8,1.6,1.0,5,10,7.0
2018/19,2019-05-12,Liverpool,Wolves,3.0,2.8,3.0,0.6,5,10,8.0,2.0,1.7,1.4,1.0,5,10,8.0
2018/19,2019-05-12,Man United,Cardiff,1.0,1.4,0.8,1.8,5,10,7.0,0.6,0.6,0.8,1.6,5,10,8.0
2018/19,2019-05-12,Southampton,Huddersfield,1.0,1.4,1.6,2.2,5,10,8.0,0.2,0.4,0.6,3.2,5,10,7.0
2018/19,2019-05-12,Tottenham,Everton,1.2,1.0,1.0,0.6,5,10,8.0,2.0,2.0,1.4,0.4,5,10,9.0
2018/19,2019-05-12,Watford,West Ham,0.8,1.0,0.8,1.6,5,10,7.0,1.4,1.3,1.4,1.2,5,10,8.0
2019/20,2019-08-09,Liverpool,Norwich,3.0,2.8,2.8,0.4,5,10,60.0,,,,,0,0,
2019/20,2019-08-10,Bournemouth,Sheffield United,1.4,1.1,2.4,1.8,5,10,60.0,,,,,0,0,
2019/20,2019-08-10,Burnley,Southampton,0.8,1.0,1.0,1.6,5,10,60.0,0.6,1.2,1.2,2.2,5,10,60.0
2019/20,2019-08-10,Crystal Palace,Everton,2.0,1.9,2.4,2.0,5,10,60.0,1.6,1.8,1.6,0.8,5,10,60.0
2019/20,2019-08-10,Tottenham,Aston Villa,0.8,1.1,0.6,1.0,5,10,60.0,,,,,0,0,
2019/20,2019-08-10,Watford,Brighton,0.8,1.0,1.0,2.2,5,10,60.0,0.6,0.6,0.6,1.4,5,10,60.0
2019/20,2019-08-10,West Ham,Man City,2.0,1.6,2.2,1.0,5,10,60.0,3.0,3.0,1.8,0.2,5,10,60.0
2019/20,2019-08-11,Leicester,Wolves,1.0,1.7,1.0,0.8,5,10,60.0,2.0,1.7,1.2,0.8,5,10,60.0
2019/20,2019-08-11,Man United,Chelsea,0.4,1.1,0.4,2.0,5,10,60.0,1.2,1.6,1.2,1.0,5,10,60.0
2019/20,2019-08-11,Newcastle,Arsenal,2.0,1.4,2.2,1.0,5,10,60.0,0.8,1.4,1.4,2.2,5,10,60.0
2019/20,2019-08-17,Arsenal,Burnley,1.4,1.6,1.2,1.6,5,10,6.0,0.8,1.3,1.2,1.6,5,10,7.0
2019/20,2019-08-17,Aston Villa,Bournemouth,0.0,0.0,1.0,3.0,1,1,7.0,1.0,1.2,1.6,2.0,5,10,7.0
2019/20,2019-08-17,Brighton,West Ham,1.0,0.6,1.2,1.4,5,10,7.0,2.0,1.3,2.0,1.6,5,10,7.0
2019/20,2019-08-17,Everton,Watford,1.8,1.8,1.6,0.4,5,10,7.0,0.2,0.7,0.6,2.6,5,10,7.0
2019/20,2019-08-17,Man City,Tottenham,3.0,3.0,2.6,0.2,5,10,7.0,1.4,1.3,1.2,1.0,5,10,7.0
2019/20,2019-08-17,Norwich,Newcastle,0.0,0.0,1.0,4.0,1,1,8.0,1.4,1.4,2.0,1.2,5,10,6.0
2019/20,2019-08-17,Southampton,Liverpool,0.6,1.2,1.0,2.2,5,10,7.0,3.0,3.0,3.2,0.6,5,10,8.0
2019/20,2019-08-18,Chelsea,Leicester,1.2,1.5,1.2,1.4,5,10,7.0,1.2,1.8,1.0,0.6,5,10,7.0
2019/20,2019-08-18,Sheffield United,Crystal Palace,1.0,1.0,1.0,1.0,1,1,8.0,2.2,1.7,2.2,1.4,5,10,8.0
2019/20,2019-08-19,Wolves,Man United,2.0,1.5,1.2,0.8,5,10,8.0,1.0,1.1,1.2,1.2,5,10,8.0
2019/20,2019-08-23,Aston Villa,Everton,0.0,0.0,1.0,2.5,2,2,6.0,1.8,2.1,1.0,0.4,5,10,6.0
2019/20,2019-08-24,Brighton,Southampton,1.2,0.7,1.4,1.4,5,10,7.0,0.4,0.9,1.0,2.4,5,10,7.0
2019/20,2019-08-24,Liverpool,Arsenal,3.0,3.0,3.2,0.8,5,10,7.0,2.0,1.6,1.4,1.2,5,10,7.0
2019/20,2019-08-24,Man United,Crystal Palace,1.2,1.2,1.4,1.0,5,10,5.0,1.6,1.7,1.6,1.2,5,10,6.0
2019/20,2019-08-24,Norwich,Chelsea,1.5,1.5,2.0,2.5,2,2,7.0,1.2,1.6,1.0,1.2,5,10,6.0
2019/20,2019-08-24,Sheffield United,Leicester,2.0,2.0,1.0,0.5,2,2,6.0,1.2,1.6,0.8,0.4,5,10,6.0
2019/20,2019-08-24,Watford,West Ham,0.0,0.7,0.4,2.6,5,10,7.0,2.0,1.4,1.8,1.4,5,10,7.0
2019/20,2019-08-25,Bournemouth,Man City,1.6,1.2,2.0,2.0,5,10,8.0,2.6,2.8,2.6,0.6,5,10,8.0
2019/20,2019-08-25,Tottenham,Newcastle,1.0,1.4,1.4,1.4,5,10,8.0,0.8,1.1,1.6,1.6,5,10,8.0
2019/20,2019-08-25,Wolves,Burnley,1.6,1.5,0.8,0.8,5,10,6.0,0.6,1.3,1.0,1.6,5,10,8.0
2019/20,2019-08-31,Burnley,Liverpool,0.8,1.4,1.2,1.6,5,10,6.0,3.0,3.0,2.8,1.0,5,10,7.0
2019/20,2019-08-31,Chelsea,Sheffield United,1.6,1.6,1.4,1.4,5,10,7.0,1.3333333333333333,1.3333333333333333,1.0,1.0,3,3,7.0
2019/20,2019-08-31,Crystal Palace,Aston Villa,2.0,1.7,2.0,1.4,5,10,7.0,1.0,1.0,1.3333333333333333,1.6666666666666667,3,3,8.0
2019/20,2019-08-31,Leicester,Bournemouth,1.2,1.6,0.6,0.6,5,10,7.0,1.4,1.1,1.6,2.0,5,10,6.0
2019/20,2019-08-31,Man City,Brighton,2.6,2.8,3.0,0.8,5,10,6.0,1.0,0.7,1.2,1.6,5,10,7.0
2019/20,2019-08-31,Newcastle,Watford,1.2,1.3,1.6,1.4,5,10,6.0,0.0,0.7,0.4,2.8,5,10,7.0
2019/20,2019-08-31,Southampton,Man United,0.8,0.9,0.8,1.8,5,10,7.0,1.0,0.9,1.4,1.2,5,10,7.0
2019/20,2019-08-31,West Ham,Norwich,2.0,1.4,2.2,1.6,5,10,7.0,1.0,1.0,2.0,2.6666666666666665,3,3,7.0
2019/20,2019-09-01,Arsenal,Tottenham,2.0,1.3,1.6,1.2,5,10,8.0,1.0,1.4,1.4,1.4,5,10,7.0
2019/20,2019-09-01,Everton,Wolves,1.6,1.8,1.0,0.8,5,10,9.0,1.2,1.6,0.6,0.8,5,10,7.0
2019/20,2019-09-14,Brighton,Burnley,0.8,0.7,1.0,2.2,5,10,14.0,0.8,1.1,1.2,1.8,5,10,14.0
2019/20,2019-09-14,Liverpool,Newcastle,3.0,3.0,2.8,0.6,5,10,14.0,1.4,1.4,1.4,1.0,5,10,14.0
2019/20,2019-09-14,Man United,Leicester,1.0,1.0,1.4,1.2,5,10,14.0,1.8,1.6,1.2,0.6,5,10,14.0
2019/20,2019-09-14,Norwich,Man City,0.75,0.75,1.5,2.5,4,4,14.0,2.6,2.8,3.6,0.8,5,10,14.0
2019/20,2019-09-14,Sheffield United,Southampton,1.25,1.25,1.25,1.25,4,4,14.0,1.0,1.0,1.0,1.4,5,10,14.0
2019/20,2019-09-14,Tottenham,Crystal Palace,1.2,1.2,1.8,1.6,5,10,13.0,2.0,2.0,1.6,1.0,5,10,14.0
2019/20,2019-09-14,Wolves,Chelsea,0.6,1.3,0.8,1.4,5,10,13.0,1.2,1.4,1.2,1.8,5,10,14.0
2019/20,2019-09-15,Bournemouth,Everton,0.8,1.1,1.6,2.6,5,10,15.0,1.6,1.8,1.2,1.2,5,10,14.0
2019/20,2019-09-15,Watford,Arsenal,0.2,0.5,0.6,2.4,5,10,15.0,2.0,1.4,1.8,1.4,5,10,14.0
2019/20,2019-09-16,Aston Villa,West Ham,0.75,0.75,1.0,1.5,4,4,16.0,2.0,1.7,2.0,1.6,5,10,16.0
2019/20,2019-09-20,Southampton,Bournemouth,1.4,1.0,1.0,1.2,5,10,6.0,1.4,1.4,1.6,1.8,5,10,5.0
2019/20,2019-09-21,Burnley,Norwich,1.0,0.9,1.2,1.4,5,10,7.0,1.2,1.2,1.8,2.4,5,5,7.0
2019/20,2019-09-21,Everton,Sheffield United,1.4,1.5,1.0,1.4,5,10,6.0,1.0,1.0,1.0,1.2,5,5,7.0
2019/20,2019-09-21,Leicester,Tottenham,1.6,1.3,1.2,0.8,5,10,7.0,1.6,1.2,2.2,1.2,5,10,7.0
2019/20,2019-09-21,Man City,Watford,2.0,2.5,3.2,1.2,5,10,7.0,0.4,0.6,0.8,2.0,5,10,6.0
2019/20,2019-09-21,Newcastle,Brighton,0.8,1.4,0.8,1.6,5,10,7.0,1.0,0.8,1.0,1.6,5,10,7.0
2019/20,2019-09-22,Arsenal,Aston Villa,1.6,1.2,1.6,1.6,5,10,7.0,0.8,0.8,0.8,1.2,5,5,6.0
2019/20,2019-09-22,Chelsea,Liverpool,1.6,1.4,2.2,2.2,5,10,8.0,3.0,3.0,3.0,0.8,5,10,8.0
2019/20,2019-09-22,Crystal Palace,Wolves,1.4,1.7,0.6,1.2,5,10,8.0,0.6,1.3,1.2,2.0,5,10,8.0
2019/20,2019-09-22,West Ham,Man United,1.6,1.8,1.2,1.4,5,10,6.0,1.6,1.0,1.6,0.8,5,10,8.0
2019/20,2019-09-28,Aston Villa,Burnley,0.8,0.6666666666666666,1.0,1.2,5,6,6.0,1.0,0.9,1.0,1.4,5,10,7.0
2019/20,2019-09-28,Bournemouth,West Ham,1.8,1.4,2.0,1.8,5,10,8.0,2.2,2.1,1.6,0.4,5,10,6.0
2019/20,2019-09-28,Chelsea,Brighton,1.6,1.4,2.4,1.8,5,10,6.0,0.6,0.8,0.4,1.6,5,10,7.0
2019/20,2019-09-28,Crystal Palace,Norwich,1.4,1.8,0.8,1.4,5,10,6.0,1.2,1.0,1.6,2.0,5,6,7.0
2019/20,2019-09-28,Everton,Man City,1.2,1.5,1.0,1.8,5,10,7.0,2.0,2.5,3.8,1.2,5,10,7.0
2019/20,2019-09-28,Sheffield United,Liverpool,1.4,1.3333333333333333,1.2,1.0,5,6,7.0,3.0,3.0,2.6,0.8,5,10,6.0
2019/20,2019-09-28,Tottenham,Southampton,1.0,1.2,1.8,1.4,5,10,7.0,1.4,1.0,1.2,1.2,5,10,8.0
2019/20,2019-09-28,Wolves,Watford,0.6,1.3,1.4,2.2,5,10,6.0,0.4,0.3,0.8,3.0,5,10,7.0
2019/20,2019-09-29,Leicester,Newcastle,2.0,1.6,1.6,1.0,5,10,8.0,1.0,1.2,0.8,1.4,5,10,8.0
2019/20,2019-09-30,Man United,Arsenal,1.0,1.0,0.8,1.2,5,10,8.0,1.6,1.5,2.0,2.0,5,10,8.0
2019/20,2019-10-05,Brighton,Tottenham,0.4,0.8,0.2,1.8,5,10,7.0,1.4,1.2,1.8,1.2,5,10,7.0
2019/20,2019-10-05,Burnley,Everton,1.2,0.9,1.2,1.4,5,10,7.0,0.6,1.2,1.0,2.4,5,10,7.0
2019/20,2019-10-05,Liverpool,Leicester,3.0,3.0,2.4,0.6,5,10,7.0,2.4,1.8,2.4,0.8,5,10,6.0
2019/20,2019-10-05,Norwich,Aston Villa,0.6,0.8571428571428571,1.0,2.2,5,7,7.0,1.0,0.7142857142857143,1.2,1.2,5,7,7.0
2019/20,2019-10-05,Watford,Sheffield United,0.4,0.2,0.8,3.2,5,10,7.0,0.8,1.1428571428571428,1.0,1.2,5,7,7.0
2019/20,2019-10-05,West Ham,Crystal Palace,2.2,2.1,1.8,0.6,5,10,7.0,2.0,1.8,1.2,1.2,5,10,7.0
2019/20,2019-10-06,Arsenal,Bournemouth,1.2,1.6,1.8,2.0,5,10,6.0,1.4,1.5,2.0,2.0,5,10,8.0
2019/20,2019-10-06,Man City,Wolves,2.4,2.5,4.0,1.0,5,10,8.0,1.0,1.3,1.6,2.0,5,10,8.0
2019/20,2019-10-06,Newcastle,Man United,1.0,0.9,0.6,1.8,5,10,7.0,1.0,1.1,0.8,1.2,5,10,6.0
2019/20,2019-10-06,Southampton,Chelsea,1.4,0.9,1.2,1.2,5,10,8.0,2.0,1.6,2.6,1.6,5,10,8.0
2019/20,2019-10-19,Aston Villa,Brighton,1.0,1.0,1.8,1.4,5,8,14.0,1.0,1.0,0.8,1.4,5,10,14.0
2019/20,2019-10-19,Bournemouth,Norwich,1.4,1.4,1.8,1.6,5,10,13.0,0.6,0.75,0.8,2.6,5,8,14.0
2019/20,2019-10-19,Chelsea,Newcastle,2.0,1.8,2.8,1.4,5,10,13.0,1.0,1.1,0.6,1.8,5,10,13.0
2019/20,2019-10-19,Crystal Palace,Man City,2.0,2.0,1.2,1.2,5,10,14.0,1.8,2.2,3.4,1.2,5,10,13.0
2019/20,2019-10-19,Everton,West Ham,0.6,1.1,1.0,2.2,5,10,14.0,1.6,1.8,1.4,0.8,5,10,14.0
2019/20,2019-10-19,Leicester,Burnley,1.8,1.5,2.2,1.0,5,10,14.0,1.6,1.2,1.2,1.2,5,10,14.0
2019/20,2019-10-19,Tottenham,Watford,1.4,1.2,1.8,1.6,5,10,14.0,0.6,0.3,0.6,2.6,5,10,14.0
2019/20,2019-10-19,Wolves,Southampton,1.4,1.3,1.8,1.8,5,10,13.0,0.8,0.8,1.0,2.0,5,10,13.0
2019/20,2019-10-20,Man United,Liverpool,1.0,1.0,0.6,1.0,5,10,14.0,3.0,3.0,2.2,0.6,5,10,15.0
2019/20,2019-10-21,Sheffield United,Arsenal,1.0,1.125,0.8,0.8,5,8,16.0,1.8,1.9,1.8,1.4,5,10,15.0
2019/20,2019-10-25,Southampton,Leicester,0.8,0.9,1.0,2.0,5,10,6.0,1.8,1.8,2.0,1.0,5,10,6.0
2019/20,2019-10-26,Brighton,Everton,1.0,0.9,1.0,1.0,5,10,7.0,0.6,1.1,0.8,1.8,5,10,7.0
2019/20,2019-10-26,Burnley,Chelsea,1.6,1.2,1.4,1.0,5,10,7.0,2.4,1.8,2.6,1.0,5,10,7.0
2019/20,2019-10-26,Man City,Aston Villa,1.8,2.2,3.0,1.2,5,10,7.0,1.6,1.2222222222222223,2.2,1.4,5,9,7.0
2019/20,2019-10-26,Watford,Bournemouth,0.6,0.4,0.6,2.6,5,10,7.0,1.6,1.2,1.6,1.0,5,10,7.0
2019/20,2019-10-26,West Ham,Sheffield United,1.0,1.5,1.0,1.2,5,10,7.0,1.4,1.3333333333333333,0.6,0.4,5,9,5.0
2019/20,2019-10-27,Arsenal,Crystal Palace,1.6,1.8,1.4,1.2,5,10,6.0,1.4,1.7,1.0,1.6,5,10,8.0
2019/20,2019-10-27,Liverpool,Tottenham,2.6,2.8,1.8,0.8,5,10,7.0,1.4,1.3,1.6,1.4,5,10,8.0
2019/20,2019-10-27,Newcastle,Wolves,0.8,1.1,0.4,1.8,5,10,8.0,1.6,1.1,1.6,1.4,5,10,8.0
2019/20,2019-10-27,Norwich,Man United,0.8,0.7777777777777778,0.8,2.2,5,9,8.0,1.0,1.0,0.6,1.0,5,10,7.0
2019/20,2019-11-02,Arsenal,Wolves,1.6,1.6,1.4,1.2,5,10,6.0,1.8,1.2,1.4,0.6,5,10,6.0
2019/20,2019-11-02,Aston Villa,Liverpool,1.4,1.1,2.2,2.0,5,10,7.0,2.6,2.8,1.6,0.8,5,10,6.0
2019/20,2019-11-02,Bournemouth,Man United,1.2,1.3,1.0,0.8,5,10,7.0,1.0,1.3,1.0,1.2,5,10,6.0
2019/20,2019-11-02,Brighton,Norwich,1.4,1.2,1.4,1.2,5,10,7.0,0.2,0.7,0.4,2.4,5,10,6.0
2019/20,2019-11-02,Man City,Southampton,2.4,2.2,3.2,0.6,5,10,7.0,0.2,0.8,0.8,3.8,5,10,8.0
2019/20,2019-11-02,Sheffield United,Burnley,1.6,1.3,0.8,0.4,5,10,7.0,1.4,1.2,1.6,1.6,5,10,7.0
2019/20,2019-11-02,Watford,Chelsea,0.6,0.5,0.2,2.2,5,10,7.0,2.4,2.0,2.4,1.0,5,10,7.0
2019/20,2019-11-02,West Ham,Newcastle,1.0,1.3,1.2,1.4,5,10,7.0,1.0,0.9,0.4,1.4,5,10,6.0
2019/20,2019-11-03,Crystal Palace,Leicester,1.6,1.5,1.4,1.2,5,10,7.0,2.4,2.0,3.8,0.8,5,10,9.0
2019/20,2019-11-03,Everton,Tottenham,0.6,1.0,1.0,1.8,5,10,8.0,0.8,1.2,1.0,1.8,5,10,7.0
2019/20,2019-11-08,Norwich,Watford,0.2,0.7,0.4,2.4,5,10,6.0,0.6,0.5,0.4,1.0,5,10,6.0
2019/20,2019-11-09,Burnley,West Ham,0.8,0.9,1.2,2.2,5,10,7.0,0.4,1.3,1.2,2.0,5,10,7.0
2019/20,2019-11-09,Chelsea,Crystal Palace,3.0,2.3,2.6,0.8,5,10,7.0,1.4,1.4,1.2,1.4,5,10,6.0
2019/20,2019-11-09,Leicester,Arsenal,2.4,2.2,3.8,0.6,5,10,6.0,1.2,1.4,1.0,1.0,5,10,7.0
2019/20,2019-11-09,Newcastle,Bournemouth,1.4,1.2,1.0,1.8,5,10,7.0,1.2,1.5,0.6,0.6,5,10,7.0
2019/20,2019-11-09,Southampton,Everton,0.2,0.8,0.8,3.6,5,10,7.0,0.8,1.0,1.2,1.6,5,10,6.0
2019/20,2019-11-09,Tottenham,Sheffield United,1.0,1.0,1.0,1.6,5,10,6.0,1.6,1.5,1.0,0.4,5,10,7.0
2019/20,2019-11-10,Liverpool,Man City,2.6,2.8,1.6,0.8,5,10,8.0,2.4,2.2,2.0,0.8,5,10,8.0
2019/20,2019-11-10,Man United,Brighton,1.0,1.0,1.0,1.0,5,10,8.0,1.8,1.2,1.8,1.2,5,10,8.0
2019/20,2019-11-10,Wolves,Aston Villa,1.8,1.2,1.4,0.6,5,10,8.0,1.4,1.1,2.0,1.8,5,10,8.0
2019/20,2019-11-23,Arsenal,Southampton,1.0,1.1,0.8,1.2,5,10,14.0,0.2,0.8,0.8,3.6,5,10,14.0
2019/20,2019-11-23,Bournemouth,Wolves,1.0,1.2,0.4,0.6,5,10,14.0,1.8,1.4,1.4,0.8,5,10,13.0
2019/20,2019-11-23,Brighton,Leicester,1.8,1.1,2.0,1.4,5,10,13.0,2.4,2.4,3.2,0.6,5,10,14.0
2019/20,2019-11-23,Crystal Palace,Liverpool,0.8,1.4,0.8,1.8,5,10,14.0,2.6,2.8,2.0,1.0,5,10,13.0
2019/20,2019-11-23,Everton,Norwich,1.4,1.0,1.4,1.2,5,10,14.0,0.2,0.4,0.4,2.4,5,10,15.0
2019/20,2019-11-23,Man City,Chelsea,1.8,2.1,1.6,1.2,5,10,13.0,3.0,2.5,2.6,0.8,5,10,14.0
2019/20,2019-11-23,Watford,Burnley,1.2,0.8,0.8,0.6,5,10,15.0,1.2,1.2,1.4,1.8,5,10,14.0
2019/20,2019-11-23,West Ham,Tottenham,0.2,1.2,0.8,2.2,5,10,14.0,0.6,1.0,0.8,1.6,5,10,14.0
2019/20,2019-11-24,Sheffield United,Man United,1.8,1.3,1.2,0.4,5,10,15.0,1.4,1.2,1.4,1.0,5,10,14.0
2019/20,2019-11-25,Aston Villa,Newcastle,1.2,1.1,1.8,1.8,5,10,15.0,2.0,1.5,1.4,1.0,5,10,16.0
2019/20,2019-11-30,Burnley,Crystal Palace,1.2,1.4,1.8,1.8,5,10,7.0,0.2,1.1,0.6,2.0,5,10,7.0
2019/20,2019-11-30,Chelsea,West Ham,2.4,2.2,2.0,1.0,5,10,7.0,0.2,0.9,1.0,2.4,5,10,7.0
2019/20,2019-11-30,Liverpool,Brighton,2.6,2.8,2.0,1.0,5,10,7.0,1.2,1.1,1.4,1.8,5,10,7.0
2019/20,2019-11-30,Newcastle,Man City,1.4,1.2,1.2,1.4,5,10,5.0,2.4,2.1,2.0,1.0,5,10,7.0
2019/20,2019-11-30,Southampton,Watford,0.4,0.6,1.0,3.2,5,10,7.0,1.0,0.8,0.8,1.2,5,10,7.0
2019/20,2019-11-30,Tottenham,Bournemouth,1.2,1.3,1.4,1.4,5,10,7.0,1.0,1.2,0.6,0.8,5,10,7.0
2019/20,2019-12-01,Leicester,Everton,3.0,2.4,3.4,0.2,5,10,8.0,1.4,1.0,1.4,1.4,5,10,8.0
2019/20,2019-12-01,Man United,Aston Villa,1.6,1.3,2.0,1.4,5,10,7.0,1.2,1.1,1.2,1.6,5,10,6.0
2019/20,2019-12-01,Norwich,Arsenal,0.8,0.7,0.6,1.4,5,10,8.0,0.6,1.2,1.0,1.6,5,10,8.0
2019/20,2019-12-01,Wolves,Sheffield United,1.8,1.6,1.4,1.0,5,10,8.0,1.8,1.4,1.8,1.0,5,10,7.0
2019/20,2019-12-03,Burnley,Man City,1.2,1.4,1.6,1.8,5,10,3.0,2.0,1.9,2.0,1.4,5,10,3.0
2019/20,2019-12-03,Crystal Palace,Bournemouth,0.8,1.1,1.0,1.6,5,10,3.0,0.8,1.2,1.0,1.4,5,10,3.0
2019/20,2019-12-04,Chelsea,Aston Villa,1.8,2.1,1.8,1.2,5,10,4.0,0.8,1.2,1.2,1.8,5,10,3.0
2019/20,2019-12-04,Leicester,Watford,3.0,2.4,3.4,0.2,5,10,3.0,0.8,0.7,0.8,1.4,5,10,4.0
2019/20,2019-12-04,Liverpool,Everton,3.0,2.8,2.2,1.0,5,10,4.0,0.8,0.7,1.2,1.8,5,10,3.0
2019/20,2019-12-04,Man United,Tottenham,1.6,1.3,2.2,1.6,5,10,3.0,1.6,1.5,1.8,1.6,5,10,4.0
2019/20,2019-12-04,Southampton,Norwich,0.8,0.8,1.2,3.2,5,10,4.0,0.8,0.8,1.0,1.8,5,10,3.0
2019/20,2019-12-04,Wolves,West Ham,1.8,1.7,1.4,1.0,5,10,3.0,0.8,0.9,1.2,2.0,5,10,4.0
2019/20,2019-12-05,Arsenal,Brighton,0.8,1.2,1.4,1.8,5,10,4.0,1.2,1.1,1.4,1.8,5,10,5.0
2019/20,2019-12-05,Sheffield United,Newcastle,1.4,1.4,1.8,1.2,5,10,4.0,1.6,1.2,1.6,1.6,5,10,5.0
2019/20,2019-12-07,Bournemouth,Liverpool,0.6,0.9,1.0,1.6,5,10,4.0,3.0,2.8,2.8,1.2,5,10,3.0
2019/20,2019-12-07,Everton,Chelsea,0.8,0.7,1.2,2.2,5,10,3.0,1.8,2.1,1.4,1.0,5,10,3.0
2019/20,2019-12-07,Man City,Man United,2.0,2.2,2.2,1.6,5,10,4.0,1.6,1.3,2.0,1.6,5,10,3.0
2019/20,2019-12-07,Tottenham,Burnley,1.6,1.2,1.8,1.6,5,10,3.0,1.2,1.3,1.4,1.8,5,10,4.0
2019/20,2019-12-07,Watford,Crystal Palace,0.6,0.6,0.8,1.8,5,10,3.0,1.2,1.4,0.8,1.2,5,10,4.0
2019/20,2019-12-08,Aston Villa,Leicester,0.8,1.1,1.4,1.6,5,10,4.0,3.0,2.7,2.0,0.2,5,10,4.0
2019/20,2019-12-08,Brighton,Wolves,1.2,1.3,1.2,1.6,5,10,3.0,2.2,2.0,1.6,0.8,5,10,4.0
2019/20,2019-12-08,Newcastle,Southampton,2.0,1.5,1.8,1.4,5,10,3.0,1.4,0.8,1.6,1.6,5,10,4.0
2019/20,2019-12-08,Norwich,Sheffield United,0.8,0.5,1.0,1.6,5,10,4.0,1.2,1.4,1.6,1.4,5,10,3.0
2019/20,2019-12-09,West Ham,Arsenal,0.6,0.8,1.0,2.2,5,10,5.0,0.6,1.1,1.2,1.8,5,10,4.0
2019/20,2019-12-14,Burnley,Newcastle,1.2,1.0,1.4,2.2,5,10,7.0,2.0,1.7,1.6,1.2,5,10,6.0
2019/20,2019-12-14,Chelsea,Bournemouth,1.2,2.1,1.2,1.4,5,10,7.0,0.0,0.6,0.8,2.2,5,10,7.0
2019/20,2019-12-14,Leicester,Norwich,3.0,2.7,2.4,0.4,5,10,6.0,0.8,0.5,1.2,1.6,5,10,6.0
2019/20,2019-12-14,Liverpool,Watford,3.0,2.8,3.0,1.0,5,10,7.0,0.8,0.7,0.6,1.4,5,10,7.0
2019/20,2019-12-14,Sheffield United,Aston Villa,1.2,1.4,1.4,1.6,5,10,6.0,0.8,1.1,1.4,2.0,5,10,6.0
2019/20,2019-12-14,Southampton,West Ham,1.4,0.8,1.6,1.6,5,10,6.0,0.6,0.5,0.8,2.2,5,10,5.0
2019/20,2019-12-15,Arsenal,Man City,1.0,1.1,1.6,1.8,5,10,6.0,1.4,1.9,2.0,1.8,5,10,8.0
2019/20,2019-12-15,Man United,Everton,2.2,1.6,2.4,1.6,5,10,8.0,1.2,1.0,1.6,2.2,5,10,8.0
2019/20,2019-12-15,Wolves,Tottenham,2.2,2.0,1.8,1.0,5,10,7.0,2.0,1.5,2.6,1.4,5,10,8.0
2019/20,2019-12-16,Crystal Palace,Brighton,1.4,1.4,0.8,0.8,5,10,9.0,0.8,1.3,1.2,2.0,5,10,8.0
2019/20,2019-12-21,Aston Villa,Southampton,0.8,1.0,1.2,2.0,5,10,7.0,1.4,0.8,1.4,1.4,5,10,7.0
2019/20,2019-12-21,Bournemouth,Burnley,0.6,0.8,0.8,1.8,5,10,7.0,1.2,1.2,1.0,2.2,5,10,7.0
2019/20,2019-12-21,Brighton,Sheffield United,1.0,1.4,1.2,1.6,5,10,5.0,1.6,1.7,1.6,1.4,5,10,7.0
2019/20,2019-12-21,Everton,Arsenal,0.8,1.1,1.4,2.2,5,10,6.0,1.0,1.0,1.6,2.0,5,10,6.0
2019/20,2019-12-21,Man City,Leicester,2.0,1.9,2.4,1.2,5,10,6.0,2.6,2.5,2.2,0.6,5,10,7.0
2019/20,2019-12-21,Newcastle,Crystal Palace,1.4,1.7,1.2,1.2,5,10,7.0,1.6,1.2,1.0,0.6,5,10,5.0
2019/20,2019-12-21,Norwich,Wolves,1.0,0.6,1.4,1.4,5,10,7.0,1.6,1.7,1.6,1.2,5,10,6.0
2019/20,2019-12-22,Tottenham,Chelsea,2.4,1.5,2.8,1.4,5,10,7.0,0.6,1.8,0.8,1.6,5,10,8.0
2019/20,2019-12-22,Watford,Man United,0.2,0.7,0.2,1.8,5,10,8.0,1.8,1.6,2.0,1.6,5,10,7.0
2019/20,2019-12-26,Aston Villa,Norwich,0.2,0.7,1.0,2.6,5,10,5.0,0.4,0.6,1.2,1.8,5,10,5.0
2019/20,2019-12-26,Bournemouth,Arsenal,0.6,0.8,0.6,1.6,5,10,5.0,1.0,0.8,1.2,1.6,5,10,5.0
2019/20,2019-12-26,Chelsea,Southampton,1.2,1.8,1.0,1.2,5,10,4.0,1.8,1.1,1.6,1.2,5,10,5.0
2019/20,2019-12-26,Crystal Palace,West Ham,1.6,0.9,0.8,0.4,5,10,5.0,1.2,0.7,1.0,1.6,5,10,12.0
2019/20,2019-12-26,Everton,Burnley,1.0,1.2,1.4,1.8,5,10,5.0,1.2,1.2,0.6,2.2,5,10,5.0
2019/20,2019-12-26,Leicester,Liverpool,2.0,2.5,2.0,1.2,5,10,5.0,3.0,2.8,2.8,0.8,5,10,12.0
2019/20,2019-12-26,Man United,Newcastle,1.6,1.6,1.4,1.4,5,10,4.0,2.0,1.7,1.4,0.8,5,10,5.0
2019/20,2019-12-26,Sheffield United,Watford,2.0,1.9,1.2,0.8,5,10,5.0,0.8,0.9,0.6,1.2,5,10,4.0
2019/20,2019-12-26,Tottenham,Brighton,1.8,1.5,2.2,1.4,5,10,4.0,1.0,1.1,1.2,1.4,5,10,5.0
2019/20,2019-12-27,Wolves,Man City,1.6,1.7,1.6,1.2,5,10,6.0,2.0,2.2,2.6,1.2,5,10,6.0
2019/20,2019-12-28,Brighton,Bournemouth,1.0,1.1,1.2,1.4,5,10,2.0,0.8,0.8,0.4,1.2,5,10,2.0
2019/20,2019-12-28,Burnley,Man United,1.2,1.2,0.6,2.0,5,10,2.0,2.0,1.8,1.8,1.2,5,10,2.0
2019/20,2019-12-28,Newcastle,Everton,1.8,1.7,1.2,1.2,5,10,2.0,1.6,1.2,1.4,1.4,5,10,2.0
2019/20,2019-12-28,Norwich,Tottenham,0.2,0.5,0.8,1.6,5,10,2.0,1.8,1.7,2.0,1.2,5,10,2.0
2019/20,2019-12-28,Southampton,Crystal Palace,1.8,1.3,1.6,1.0,5,10,2.0,1.6,1.2,0.8,0.6,5,10,2.0
2019/20,2019-12-28,Watford,Aston Villa,1.0,0.9,0.6,1.0,5,10,2.0,0.6,0.7,0.8,2.2,5,10,2.0
2019/20,2019-12-28,West Ham,Leicester,1.2,0.7,0.8,1.4,5,10,2.0,1.4,2.2,1.6,1.8,5,10,2.0
2019/20,2019-12-29,Arsenal,Chelsea,1.0,0.9,1.0,1.4,5,10,3.0,1.2,1.5,1.0,1.4,5,10,3.0
2019/20,2019-12-29,Liverpool,Wolves,3.0,2.8,3.2,0.6,5,10,3.0,2.0,1.9,2.0,1.4,5,10,2.0
2019/20,2019-12-29,Man City,Sheffield United,1.8,1.9,2.6,1.4,5,10,2.0,2.0,1.7,1.2,0.8,5,10,3.0
2019/20,2020-01-01,Arsenal,Man United,1.0,0.8,1.0,1.4,5,10,3.0,2.0,1.8,1.8,1.0,5,10,4.0
2019/20,2020-01-01,Brighton,Chelsea,1.0,1.1,1.2,1.2,5,10,4.0,1.2,1.5,1.0,1.4,5,10,3.0
2019/20,2020-01-01,Burnley,Aston Villa,1.2,1.2,0.4,1.6,5,10,4.0,0.6,0.7,0.6,2.4,5,10,4.0
2019/20,2020-01-01,Man City,Everton,1.8,1.9,2.2,1.2,5,10,3.0,2.2,1.5,1.4,0.6,5,10,4.0
2019/20,2020-01-01,Newcastle,Leicester,1.2,1.6,1.0,1.6,5,10,4.0,1.4,2.2,1.6,2.0,5,10,4.0
2019/20,2020-01-01,Norwich,Crystal Palace,0.4,0.6,1.0,1.6,5,10,4.0,1.2,1.2,0.8,0.8,5,10,4.0
2019/20,2020-01-01,Southampton,Tottenham,1.4,1.4,1.4,1.0,5,10,4.0,2.0,1.8,2.2,1.2,5,10,4.0
2019/20,2020-01-01,Watford,Wolves,1.6,1.1,1.2,0.6,5,10,4.0,1.4,1.8,1.6,1.6,5,10,3.0
2019/20,2020-01-01,West Ham,Bournemouth,0.6,0.7,0.8,1.8,5,10,4.0,0.8,0.7,0.4,1.4,5,10,4.0
2019/20,2020-01-02,Liverpool,Sheffield United,3.0,3.0,3.0,0.4,5,10,4.0,2.0,1.6,1.2,0.8,5,10,4.0
2019/20,2020-01-10,Sheffield United,West Ham,1.4,1.3,0.8,1.0,5,10,8.0,1.2,0.9,1.6,1.4,5,10,9.0
2019/20,2020-01-11,Chelsea,Burnley,1.4,1.3,1.0,1.0,5,10,10.0,1.2,1.2,0.6,1.0,5,10,10.0
2019/20,2020-01-11,Crystal Palace,Arsenal,1.2,1.3,1.0,1.0,5,10,10.0,1.0,1.0,0.8,1.2,5,10,10.0
2019/20,2020-01-11,Everton,Brighton,1.6,1.4,1.0,0.8,5,10,10.0,1.0,0.9,1.0,1.0,5,10,10.0
2019/20,2020-01-11,Leicester,Southampton,1.4,2.2,1.4,1.8,5,10,10.0,2.0,1.7,1.4,0.6,5,10,10.0
2019/20,2020-01-11,Man United,Norwich,1.4,1.8,1.4,1.2,5,10,10.0,0.6,0.7,1.0,1.4,5,10,10.0
2019/20,2020-01-11,Tottenham,Liverpool,1.4,1.7,1.2,1.4,5,10,10.0,3.0,3.0,2.4,0.0,5,10,9.0
2019/20,2020-01-11,Wolves,Newcastle,1.2,1.7,1.4,1.6,5,10,10.0,0.6,1.3,0.6,2.0,5,10,10.0
2019/20,2020-01-12,Aston Villa,Man City,1.2,1.0,0.8,1.8,5,10,11.0,2.4,1.9,2.4,1.0,5,10,11.0
2019/20,2020-01-12,Bournemouth,Watford,0.8,0.4,0.4,1.6,5,10,11.0,2.0,1.4,1.6,0.8,5,10,11.0
2019/20,2020-01-18,Arsenal,Sheffield United,1.2,1.1,1.0,0.8,5,10,7.0,1.4,1.5,0.6,1.0,5,10,8.0
2019/20,2020-01-18,Brighton,Aston Villa,0.8,0.9,0.8,1.0,5,10,7.0,1.2,1.0,1.0,2.6,5,10,6.0
2019/20,2020-01-18,Man City,Crystal Palace,2.4,2.2,3.0,1.2,5,10,6.0,1.2,1.4,1.0,1.0,5,10,7.0
2019/20,2020-01-18,Newcastle,Chelsea,0.8,1.1,0.8,2.0,5,10,7.0,2.0,1.3,1.6,0.8,5,10,7.0
2019/20,2020-01-18,Norwich,Bournemouth,0.4,0.7,0.8,2.0,5,10,7.0,0.2,0.4,0.2,2.2,5,10,6.0
2019/20,2020-01-18,Southampton,Wolves,2.6,2.0,1.8,0.6,5,10,7.0,1.4,1.5,1.4,1.4,5,10,7.0
2019/20,2020-01-18,Watford,Tottenham,2.6,1.4,2.2,0.4,5,10,6.0,0.8,1.6,0.8,1.4,5,10,7.0
2019/20,2020-01-18,West Ham,Everton,1.2,0.9,1.4,1.0,5,10,8.0,2.0,1.4,1.0,0.6,5,10,7.0
2019/20,2020-01-19,Burnley,Leicester,0.6,0.9,0.4,1.6,5,10,8.0,1.2,1.9,1.4,2.0,5,10,8.0
2019/20,2020-01-19,Liverpool,Man United,3.0,3.0,2.0,0.0,5,10,8.0,1.8,1.8,2.0,1.0,5,10,8.0
2019/20,2020-01-21,Aston Villa,Watford,1.4,0.8,1.0,2.2,5,10,3.0,2.2,1.5,1.8,0.4,5,10,3.0
2019/20,2020-01-21,Bournemouth,Brighton,0.2,0.4,0.2,2.2,5,10,3.0,1.0,1.0,1.0,1.0,5,10,3.0
2019/20,2020-01-21,Chelsea,Arsenal,1.4,1.3,1.2,1.0,5,10,3.0,1.2,1.1,1.2,1.0,5,10,3.0
2019/20,2020-01-21,Crystal Palace,Southampton,1.4,1.5,1.4,1.2,5,10,3.0,2.0,1.9,1.6,1.0,5,10,3.0
2019/20,2020-01-21,Everton,Newcastle,2.0,1.5,1.2,0.8,5,10,3.0,0.8,1.4,0.8,2.0,5,10,3.0
2019/20,2020-01-21,Sheffield United,Man City,1.0,1.5,0.6,1.2,5,10,3.0,2.0,2.0,2.8,1.4,5,10,3.0
2019/20,2020-01-22,Leicester,West Ham,1.2,1.6,1.4,1.8,5,10,3.0,0.8,1.0,1.4,1.2,5,10,4.0
2019/20,2020-01-22,Man United,Burnley,1.8,1.7,2.0,1.0,5,10,3.0,0.6,0.9,0.6,1.8,5,10,3.0
2019/20,2020-01-22,Tottenham,Norwich,1.0,1.4,0.8,1.0,5,10,4.0,1.0,0.7,0.8,1.6,5,10,4.0
2019/20,2020-01-23,Wolves,Liverpool,1.4,1.5,1.6,1.6,5,10,5.0,3.0,3.0,2.0,0.0,5,10,4.0
2019/20,2020-01-29,West Ham,Liverpool,0.8,1.0,1.4,1.6,5,10,7.0,3.0,3.0,1.6,0.2,5,10,6.0
2019/20,2020-02-01,Bournemouth,Aston Villa,0.6,0.7,0.6,2.2,5,10,11.0,1.4,1.0,1.2,2.4,5,10,11.0
2019/20,2020-02-01,Crystal Palace,Sheffield United,0.8,1.2,1.0,1.4,5,10,11.0,0.8,1.4,0.4,1.2,5,10,11.0
2019/20,2020-02-01,Leicester,Chelsea,1.8,1.6,2.2,1.2,5,10,10.0,1.6,1.4,1.6,1.0,5,10,11.0
2019/20,2020-02-01,Liverpool,Southampton,3.0,3.0,1.8,0.2,5,10,3.0,2.0,1.9,1.6,1.0,5,10,11.0
2019/20,2020-02-01,Man United,Wolves,1.2,1.6,1.2,1.2,5,10,10.0,0.8,1.4,1.2,1.6,5,10,9.0
2019/20,2020-02-01,Newcastle,Norwich,1.0,1.4,1.0,1.6,5,10,11.0,1.0,0.6,1.0,1.8,5,10,10.0
2019/20,2020-02-01,Watford,Everton,2.0,1.5,1.8,0.6,5,10,11.0,1.6,1.6,1.4,1.2,5,10,11.0
2019/20,2020-02-01,West Ham,Brighton,0.8,0.7,1.2,1.6,5,10,3.0,1.0,1.0,1.0,1.2,5,10,11.0
2019/20,2020-02-02,Burnley,Arsenal,1.2,1.2,1.0,1.6,5,10,11.0,1.2,1.1,1.4,1.2,5,10,12.0
2019/20,2020-02-02,Tottenham,Man City,1.0,1.4,0.8,1.0,5,10,11.0,2.6,2.2,2.6,0.8,5,10,12.0
2019/20,2020-02-08,Brighton,Watford,0.6,0.8,1.2,1.8,5,10,7.0,1.4,1.5,1.6,1.2,5,10,7.0
2019/20,2020-02-08,Everton,Crystal Palace,1.6,1.9,1.6,1.4,5,10,7.0,0.6,0.9,0.8,1.4,5,10,7.0
2019/20,2020-02-09,Sheffield United,Bournemouth,1.4,1.7,0.6,0.8,5,10,8.0,1.2,1.0,1.0,2.0,5,10,8.0
2019/20,2020-02-14,Wolves,Leicester,1.0,1.2,1.2,1.4,5,10,13.0,1.4,1.4,2.2,1.4,5,10,13.0
2019/20,2020-02-15,Norwich,Liverpool,1.0,0.7,0.6,1.4,5,10,14.0,3.0,3.0,2.2,0.2,5,10,14.0
2019/20,2020-02-15,Southampton,Burnley,1.8,1.6,1.4,1.6,5,10,14.0,1.4,1.3,1.0,1.2,5,10,13.0
2019/20,2020-02-16,Arsenal,Newcastle,1.4,1.2,1.2,0.8,5,10,14.0,1.2,1.2,0.8,1.2,5,10,15.0
2019/20,2020-02-16,Aston Villa,Tottenham,1.4,1.0,1.4,2.2,5,10,15.0,1.4,1.7,0.8,0.6,5,10,14.0
2019/20,2020-02-17,Chelsea,Man United,1.2,1.2,1.6,1.2,5,10,16.0,0.8,1.4,0.8,1.2,5,10,16.0
2019/20,2020-02-19,Man City,West Ham,2.0,1.9,2.2,1.2,5,10,17.0,0.4,0.8,1.0,2.2,5,10,18.0
2019/20,2020-02-22,Burnley,Bournemouth,2.0,1.6,1.2,1.0,5,10,7.0,1.2,1.0,1.2,1.6,5,10,13.0
2019/20,2020-02-22,Chelsea,Tottenham,1.0,1.2,1.4,1.4,5,10,5.0,2.0,1.7,1.4,0.8,5,10,6.0
2019/20,2020-02-22,Crystal Palace,Newcastle,0.4,0.8,0.8,1.8,5,10,14.0,1.2,0.9,0.8,1.4,5,10,6.0
2019/20,2020-02-22,Leicester,Man City,1.0,1.2,1.6,1.4,5,10,8.0,2.0,2.2,2.2,1.0,5,10,3.0
2019/20,2020-02-22,Sheffield United,Brighton,2.0,1.7,1.0,0.6,5,10,13.0,0.6,0.8,1.2,1.8,5,10,14.0
2019/20,2020-02-22,Southampton,Aston Villa,1.2,1.6,1.4,2.0,5,10,7.0,0.8,1.0,1.4,2.6,5,10,6.0
2019/20,2020-02-23,Arsenal,Everton,1.4,1.2,1.6,0.8,5,10,7.0,2.2,1.9,2.0,1.2,5,10,15.0
2019/20,2020-02-23,Man United,Watford,1.4,1.4,1.2,0.8,5,10,6.0,1.0,1.5,1.4,1.2,5,10,15.0
2019/20,2020-02-23,Wolves,Norwich,1.2,1.2,1.0,1.0,5,10,9.0,0.8,0.7,0.4,1.4,5,10,8.0
2019/20,2020-02-24,Liverpool,West Ham,3.0,3.0,2.2,0.2,5,10,9.0,0.4,0.8,1.0,2.4,5,10,5.0
2019/20,2020-02-28,Norwich,Leicester,0.8,0.6,0.4,1.2,5,10,5.0,1.0,1.1,1.4,1.2,5,10,6.0
2019/20,2020-02-29,Bournemouth,Chelsea,1.2,0.7,1.2,1.6,5,10,7.0,1.0,1.5,1.2,1.6,5,10,7.0
2019/20,2020-02-29,Brighton,Crystal Palace,0.8,0.8,1.4,1.8,5,10,7.0,0.8,1.0,0.8,1.6,5,10,7.0
2019/20,2020-02-29,Newcastle,Burnley,1.0,0.9,0.6,1.4,5,10,7.0,2.6,1.6,1.8,0.4,5,10,7.0
2019/20,2020-02-29,Watford,Liverpool,0.4,1.5,0.8,1.8,5,10,6.0,3.0,3.0,2.4,0.6,5,10,5.0
2019/20,2020-02-29,West Ham,Southampton,0.2,0.5,1.2,2.8,5,10,5.0,1.2,1.9,1.4,1.8,5,10,7.0
2019/20,2020-03-01,Everton,Man United,1.6,1.8,2.2,1.8,5,10,7.0,1.4,1.6,1.0,0.8,5,10,7.0
2019/20,2020-03-01,Tottenham,Wolves,2.0,1.4,1.6,1.0,5,10,8.0,1.6,1.5,1.4,0.8,5,10,7.0
2019/20,2020-03-07,Arsenal,West Ham,1.8,1.5,2.0,1.0,5,10,13.0,0.8,0.8,1.6,2.2,5,10,7.0
2019/20,2020-03-07,Burnley,Tottenham,2.2,1.4,1.4,0.2,5,10,7.0,1.8,1.4,2.0,1.6,5,10,6.0
2019/20,2020-03-07,Crystal Palace,Watford,1.2,1.3,0.6,1.2,5,10,7.0,0.8,1.5,1.4,1.8,5,10,7.0
2019/20,2020-03-07,Liverpool,Bournemouth,2.4,2.7,2.0,1.0,5,10,7.0,1.4,0.8,1.6,1.8,5,10,7.0
2019/20,2020-03-07,Sheffield United,Norwich,1.6,1.5,1.0,0.8,5,10,14.0,0.8,0.9,0.4,1.2,5,10,8.0
2019/20,2020-03-07,Southampton,Newcastle,1.2,1.6,1.2,1.8,5,10,7.0,0.6,0.7,0.4,1.4,5,10,7.0
2019/20,2020-03-07,Wolves,Brighton,1.6,1.5,1.4,0.8,5,10,6.0,0.6,0.8,1.2,1.8,5,10,7.0
2019/20,2020-03-08,Chelsea,Everton,1.2,1.3,1.6,1.8,5,10,8.0,1.6,1.8,2.2,1.8,5,10,7.0
2019/20,2020-03-08,Man United,Man City,1.6,1.7,1.2,0.6,5,10,7.0,2.0,2.2,1.2,0.8,5,10,15.0
2019/20,2020-03-09,Leicester,Aston Villa,1.0,1.1,1.2,1.0,5,10,10.0,0.8,1.0,1.2,1.8,5,10,16.0
2019/20,2020-06-17,Aston Villa,Sheffield United,0.6,1.0,1.0,2.4,5,10,60.0,2.0,1.5,1.0,0.6,5,10,60.0
2019/20,2020-06-17,Man City,Arsenal,1.8,1.9,0.8,0.8,5,10,60.0,2.2,1.7,2.0,0.8,5,10,60.0
2019/20,2020-06-19,Norwich,Southampton,0.8,0.9,0.2,1.0,5,10,60.0,0.6,1.3,0.8,2.0,5,10,60.0
2019/20,2020-06-19,Tottenham,Man United,1.4,1.2,1.8,1.6,5,10,60.0,2.2,1.7,1.6,0.2,5,10,60.0
2019/20,2020-06-20,Bournemouth,Crystal Palace,0.8,0.7,1.2,2.0,5,10,60.0,1.8,1.3,0.8,0.8,5,10,60.0
2019/20,2020-06-20,Brighton,Arsenal,0.8,0.9,1.0,1.2,5,10,60.0,2.0,1.6,1.6,1.0,5,10,3.0
2019/20,2020-06-20,Watford,Leicester,0.8,1.4,1.2,1.6,5,10,60.0,1.0,1.4,1.2,0.8,5,10,60.0
2019/20,2020-06-20,West Ham,Wolves,0.8,0.8,1.6,2.0,5,10,60.0,1.8,1.3,1.2,0.4,5,10,60.0
2019/20,2020-06-21,Aston Villa,Chelsea,0.2,0.8,0.6,2.2,5,10,4.0,1.6,1.6,2.0,1.4,5,10,60.0
2019/20,2020-06-21,Everton,Liverpool,1.4,1.5,1.8,2.2,5,10,60.0,2.4,2.7,2.0,1.2,5,10,60.0
2019/20,2020-06-21,Newcastle,Sheffield United,1.0,1.0,0.2,1.0,5,10,60.0,2.2,1.5,1.0,0.4,5,10,4.0
2019/20,2020-06-22,Man City,Burnley,1.8,2.2,1.2,0.8,5,10,5.0,1.8,1.5,1.2,0.4,5,10,60.0
2019/20,2020-06-23,Leicester,Brighton,1.0,1.2,1.0,0.6,5,10,3.0,1.2,0.9,0.8,0.8,5,10,3.0
2019/20,2020-06-23,Tottenham,West Ham,1.0,1.2,1.6,1.8,5,10,4.0,0.6,0.5,1.0,1.8,5,10,3.0
2019/20,2020-06-24,Liverpool,Crystal Palace,2.0,2.5,1.2,1.2,5,10,3.0,2.4,1.5,1.2,0.6,5,10,4.0
2019/20,2020-06-24,Man United,Sheffield United,2.2,1.5,1.8,0.4,5,10,5.0,1.6,1.5,0.8,1.0,5,10,3.0
2019/20,2020-06-24,Newcastle,Aston Villa,1.4,1.3,0.8,1.0,5,10,3.0,0.2,0.8,0.6,2.2,5,10,3.0
2019/20,2020-06-24,Norwich,Everton,0.6,0.8,0.2,1.6,5,10,5.0,1.0,1.3,1.2,1.8,5,10,3.0
2019/20,2020-06-24,Wolves,Bournemouth,2.2,1.6,1.6,0.4,5,10,4.0,0.2,0.7,0.8,2.2,5,10,4.0
2019/20,2020-06-25,Burnley,Watford,1.6,1.5,1.2,1.4,5,10,3.0,1.0,1.2,1.0,1.2,5,10,5.0
2019/20,2020-06-25,Chelsea,Man City,2.0,1.6,2.0,1.2,5,10,4.0,2.4,2.2,2.2,0.4,5,10,3.0
2019/20,2020-06-25,Southampton,Arsenal,1.2,1.5,1.4,1.2,5,10,6.0,1.8,1.6,1.8,1.4,5,10,5.0
2019/20,2020-06-27,Aston Villa,Wolves,0.4,0.6,0.4,1.8,5,10,3.0,2.6,1.9,1.8,0.4,5,10,3.0
2019/20,2020-06-28,Watford,Southampton,0.8,0.9,0.8,1.2,5,10,3.0,1.2,1.2,1.2,1.2,5,10,3.0
2019/20,2020-06-29,Crystal Palace,Burnley,2.4,1.4,1.0,0.8,5,10,5.0,1.6,1.8,1.0,1.2,5,10,4.0
2019/20,2020-06-30,Brighton,Man United,1.2,0.9,0.6,0.6,5,10,7.0,2.2,1.8,2.0,0.4,5,10,6.0
2019/20,2020-07-01,Arsenal,Norwich,1.8,1.6,1.4,1.4,5,10,6.0,0.6,0.7,0.2,1.6,5,10,7.0
2019/20,2020-07-01,Bournemouth,Newcastle,0.2,0.7,0.6,2.0,5,10,7.0,1.6,1.4,1.0,0.4,5,10,7.0
2019/20,2020-07-01,Everton,Leicester,1.0,1.6,0.8,1.6,5,10,7.0,1.0,1.0,1.0,0.6,5,10,8.0
2019/20,2020-07-01,West Ham,Chelsea,0.6,0.5,1.0,1.8,5,10,8.0,2.6,1.8,2.4,1.0,5,10,6.0
2019/20,2020-07-02,Man City,Liverpool,1.8,1.9,2.0,0.8,5,10,7.0,2.0,2.5,1.8,1.2,5,10,8.0
2019/20,2020-07-02,Sheffield United,Tottenham,1.0,1.5,0.4,1.4,5,10,8.0,1.0,1.5,1.4,1.4,5,10,9.0
2019/20,2020-07-04,Chelsea,Watford,2.0,1.5,2.4,1.4,5,10,3.0,0.8,0.6,1.0,1.2,5,10,6.0
2019/20,2020-07-04,Leicester,Crystal Palace,1.0,1.0,1.2,0.8,5,10,3.0,1.8,1.3,0.8,1.0,5,10,5.0
2019/20,2020-07-04,Man United,Bournemouth,2.2,1.8,2.0,0.4,5,10,4.0,0.2,0.7,0.8,2.2,5,10,3.0
2019/20,2020-07-04,Norwich,Brighton,0.6,0.7,0.2,1.8,5,10,3.0,1.0,0.9,0.4,1.0,5,10,4.0
2019/20,2020-07-04,Wolves,Arsenal,2.6,2.1,1.4,0.4,5,10,7.0,1.8,1.8,1.6,1.0,5,10,3.0
2019/20,2020-07-05,Burnley,Sheffield United,1.6,2.1,0.6,1.2,5,10,6.0,1.4,1.5,0.8,1.4,5,10,3.0
2019/20,2020-07-05,Liverpool,Aston Villa,1.4,2.2,1.2,1.6,5,10,3.0,0.4,0.6,0.4,1.6,5,10,8.0
2019/20,2020-07-05,Newcastle,West Ham,2.2,1.6,1.8,0.4,5,10,4.0,1.2,0.7,1.2,1.6,5,10,4.0
2019/20,2020-07-05,Southampton,Man City,1.2,1.2,1.4,1.4,5,10,7.0,1.8,1.9,2.6,0.8,5,10,3.0
2019/20,2020-07-06,Tottenham,Everton,1.0,1.5,1.4,1.6,5,10,4.0,1.6,1.6,0.8,1.2,5,10,5.0
2019/20,2020-07-07,Arsenal,Leicester,1.8,2.0,1.8,1.0,5,10,3.0,1.6,1.3,1.8,0.6,5,10,3.0
2019/20,2020-07-07,Crystal Palace,Chelsea,1.2,1.2,0.6,1.6,5,10,3.0,2.4,1.8,2.6,1.0,5,10,3.0
2019/20,2020-07-07,Watford,Norwich,0.2,0.5,0.4,1.8,5,10,3.0,0.0,0.4,0.0,2.0,5,10,3.0
2019/20,2020-07-08,Brighton,Liverpool,1.6,1.1,0.6,0.8,5,10,4.0,2.0,2.2,1.6,1.0,5,10,3.0
2019/20,2020-07-08,Man City,Newcastle,1.8,1.8,2.6,0.6,5,10,3.0,2.2,1.4,2.2,0.8,5,10,3.0
2019/20,2020-07-08,Sheffield United,Wolves,1.0,1.5,0.8,1.6,5,10,3.0,2.0,1.8,0.8,0.4,5,10,4.0
2019/20,2020-07-08,West Ham,Burnley,0.8,0.8,1.0,1.8,5,10,3.0,1.6,1.9,0.8,1.4,5,10,3.0
2019/20,2020-07-09,Aston Villa,Man United,0.4,0.5,0.4,1.2,5,10,4.0,2.6,2.1,2.8,0.6,5,10,5.0
2019/20,2020-07-09,Bournemouth,Tottenham,0.0,0.7,0.8,2.8,5,10,5.0,1.6,1.7,1.2,1.0,5,10,3.0
2019/20,2020-07-09,Everton,Southampton,1.4,1.5,0.6,1.2,5,10,3.0,1.8,1.5,1.4,0.8,5,10,4.0
2019/20,2020-07-11,Brighton,Man City,1.4,1.1,0.8,1.4,5,10,3.0,1.8,1.8,3.0,0.6,5,10,3.0
2019/20,2020-07-11,Liverpool,Burnley,2.0,2.2,1.8,1.0,5,10,3.0,2.0,1.9,0.8,1.2,5,10,3.0
2019/20,2020-07-11,Norwich,West Ham,0.0,0.4,0.2,2.2,5,10,4.0,0.8,0.8,1.0,1.8,5,10,3.0
2019/20,2020-07-11,Sheffield United,Chelsea,1.4,1.8,1.0,1.6,5,10,3.0,2.4,2.0,2.4,1.4,5,10,4.0
2019/20,2020-07-11,Watford,Newcastle,0.8,0.8,0.8,1.8,5,10,4.0,1.6,1.3,2.0,1.8,5,10,3.0
2019/20,2020-07-12,Aston Villa,Crystal Palace,0.2,0.2,0.4,1.8,5,10,3.0,0.6,1.2,0.8,2.2,5,10,5.0
2019/20,2020-07-12,Bournemouth,Leicester,0.2,0.5,0.6,2.4,5,10,3.0,1.2,1.1,1.2,0.8,5,10,5.0
2019/20,2020-07-12,Tottenham,Arsenal,1.6,1.5,1.0,0.8,5,10,3.0,2.0,2.0,2.0,0.6,5,10,5.0
2019/20,2020-07-12,Wolves,Everton,1.8,1.8,0.8,0.6,5,10,4.0,1.6,1.5,0.8,0.6,5,10,3.0
2019/20,2020-07-13,Man United,Southampton,2.6,2.4,3.0,0.6,5,10,4.0,2.0,1.3,1.6,0.8,5,10,4.0
2019/20,2020-07-14,Chelsea,Norwich,1.8,1.9,2.0,1.8,5,10,3.0,0.0,0.3,0.2,2.4,5,10,3.0
2019/20,2020-07-15,Arsenal,Liverpool,2.0,1.9,2.0,0.6,5,10,3.0,2.0,2.0,2.0,1.2,5,10,4.0
2019/20,2020-07-15,Burnley,Wolves,2.2,1.9,1.0,0.4,5,10,4.0,1.8,2.0,1.0,0.6,5,10,3.0
2019/20,2020-07-15,Man City,Bournemouth,1.8,2.1,3.0,0.6,5,10,4.0,0.8,0.5,1.4,2.2,5,10,3.0
2019/20,2020-07-15,Newcastle,Tottenham,1.0,1.2,1.6,2.2,5,10,4.0,2.0,1.5,1.2,0.8,5,10,3.0
2019/20,2020-07-16,Crystal Palace,Man United,0.0,1.2,0.4,2.6,5,10,4.0,2.6,2.4,3.2,0.8,5,10,3.0
2019/20,2020-07-16,Everton,Aston Villa,1.4,1.2,0.8,1.2,5,10,4.0,0.8,0.5,0.6,1.4,5,10,4.0
2019/20,2020-07-16,Leicester,Sheffield United,1.0,1.0,1.2,1.4,5,10,4.0,2.0,1.8,1.6,1.0,5,10,5.0
2019/20,2020-07-16,Southampton,Brighton,1.6,1.4,1.4,1.2,5,10,3.0,0.8,1.0,0.4,2.2,5,10,5.0
2019/20,2020-07-17,West Ham,Watford,1.4,1.0,1.8,1.4,5,10,6.0,1.2,1.1,1.0,1.8,5,10,6.0
2019/20,2020-07-18,Norwich,Burnley,0.0,0.3,0.2,2.4,5,10,4.0,1.8,1.7,1.0,0.6,5,10,3.0
2019/20,2020-07-19,Bournemouth,Southampton,0.8,0.5,1.6,2.4,5,10,4.0,1.8,1.5,1.6,1.0,5,10,3.0
2019/20,2020-07-19,Tottenham,Leicester,2.0,1.5,1.4,1.0,5,10,4.0,1.4,1.2,1.6,1.4,5,10,3.0
2019/20,2020-07-20,Brighton,Newcastle,0.8,1.0,0.6,2.4,5,10,4.0,0.8,1.2,1.6,2.6,5,10,5.0
2019/20,2020-07-20,Sheffield United,Everton,2.0,1.5,1.6,0.8,5,10,4.0,1.0,1.0,0.8,1.4,5,10,4.0
2019/20,2020-07-20,Wolves,Crystal Palace,1.4,2.0,1.0,0.8,5,10,5.0,0.0,1.2,0.4,2.2,5,10,4.0
2019/20,2020-07-21,Aston Villa,Arsenal,0.8,0.6,0.6,1.4,5,10,5.0,2.0,1.9,2.0,0.8,5,10,6.0
2019/20,2020-07-21,Watford,Man City,1.2,1.0,1.2,2.2,5,10,4.0,2.4,2.1,3.2,0.4,5,10,6.0
2019/20,2020-07-22,Liverpool,Chelsea,1.4,1.7,1.4,1.6,5,10,7.0,1.8,2.2,1.8,1.6,5,10,8.0
2019/20,2020-07-22,Man United,West Ham,2.6,2.4,3.0,0.8,5,10,6.0,2.0,1.3,2.4,1.2,5,10,5.0
2019/20,2020-07-26,Arsenal,Watford,1.4,1.6,1.2,1.0,5,10,5.0,1.2,1.0,1.0,2.4,5,10,5.0
2019/20,2020-07-26,Burnley,Brighton,1.8,1.7,1.2,0.6,5,10,8.0,1.0,1.0,0.6,1.8,5,10,6.0
2019/20,2020-07-26,Chelsea,Wolves,1.8,1.9,2.0,2.0,5,10,4.0,1.4,2.0,1.2,0.8,5,10,6.0
2019/20,2020-07-26,Crystal Palace,Tottenham,0.0,0.9,0.4,2.4,5,10,6.0,2.6,1.8,1.8,0.4,5,10,7.0
2019/20,2020-07-26,Everton,Bournemouth,1.0,1.3,0.6,1.2,5,10,6.0,0.8,0.5,1.4,2.0,5,10,7.0
2019/20,2020-07-26,Leicester,Man United,1.4,1.2,1.4,1.6,5,10,7.0,2.2,2.2,2.6,1.0,5,10,4.0
2019/20,2020-07-26,Man City,Norwich,2.4,2.1,3.2,0.4,5,10,5.0,0.0,0.3,0.2,2.0,5,10,8.0
2019/20,2020-07-26,Newcastle,Liverpool,0.4,1.3,0.8,2.4,5,10,6.0,2.0,1.7,2.4,1.4,5,10,4.0
2019/20,2020-07-26,Southampton,Sheffield United,1.8,1.5,1.4,0.8,5,10,7.0,1.4,1.4,1.0,0.8,5,10,6.0
2019/20,2020-07-26,West Ham,Aston Villa,1.6,1.4,2.0,1.0,5,10,4.0,1.4,0.9,0.8,1.2,5,10,5.0
2020/21,2020-09-12,Crystal Palace,Southampton,0.2,0.7,0.6,2.0,5,10,48.0,1.8,1.8,1.8,1.0,5,10,48.0
2020/21,2020-09-12,Fulham,Arsenal,,,,,0,0,,1.4,1.6,1.4,1.4,5,10,48.0
2020/21,2020-09-12,Liverpool,Leeds,2.0,2.0,2.6,1.6,5,10,48.0,,,,,0,0,
2020/21,2020-09-12,West Ham,Newcastle,1.6,1.2,1.8,0.8,5,10,48.0,0.2,1.2,0.6,2.6,5,10,48.0
2020/21,2020-09-13,Tottenham,Everton,2.2,1.9,1.8,0.6,5,10,49.0,1.0,1.2,0.8,1.6,5,10,49.0
2020/21,2020-09-13,West Brom,Leicester,,,,,0,0,,0.8,1.2,0.8,2.0,5,10,49.0
2020/21,2020-09-14,Brighton,Chelsea,1.0,1.3,0.8,2.0,5,10,50.0,1.8,2.1,1.8,2.0,5,10,50.0
2020/21,2020-09-14,Sheffield United,Wolves,1.2,1.1,1.0,1.2,5,10,50.0,1.4,1.7,1.2,0.8,5,10,50.0
2020/21,2020-09-19,Arsenal,West Ham,1.8,1.9,1.8,1.2,5,10,7.0,1.6,1.2,1.8,1.0,5,10,7.0
2020/21,2020-09-19,Everton,West Brom,1.4,1.5,0.8,1.4,5,10,6.0,0.0,0.0,0.0,3.0,1,1,6.0
2020/21,2020-09-19,Leeds,Fulham,0.0,0.0,3.0,4.0,1,1,7.0,0.0,0.0,0.0,3.0,1,1,7.0
2020/21,2020-09-19,Man United,Crystal Palace,2.2,2.4,2.0,0.6,5,10,55.0,0.8,0.7,0.4,1.4,5,10,7.0
2020/21,2020-09-20,Chelsea,Liverpool,1.8,2.1,1.8,1.8,5,10,6.0,2.0,2.0,2.8,2.0,5,10,8.0
2020/21,2020-09-20,Leicester,Burnley,1.2,1.2,1.2,1.8,5,10,7.0,1.6,1.6,1.2,0.8,5,10,56.0
2020/21,2020-09-20,Newcastle,Brighton,0.8,1.2,1.0,1.6,5,10,8.0,1.0,1.2,0.8,2.0,5,10,6.0
2020/21,2020-09-20,Southampton,Tottenham,1.6,1.8,1.6,1.0,5,10,8.0,2.0,1.8,1.8,0.8,5,10,7.0
2020/21,2020-09-21,Aston Villa,Sheffield United,1.6,1.0,1.0,1.0,5,10,57.0,0.6,1.0,0.8,1.6,5,10,7.0
2020/21,2020-09-21,Wolves,Man City,2.0,1.9,1.6,0.6,5,10,7.0,3.0,2.4,4.2,0.2,5,10,57.0
2020/21,2020-09-26,Brighton,Man United,1.6,1.2,1.4,1.0,5,10,6.0,1.6,2.1,1.6,1.2,5,10,7.0
2020/21,2020-09-26,Burnley,Southampton,1.0,1.5,1.4,1.6,5,10,6.0,1.4,1.5,1.6,1.6,5,10,6.0
2020/21,2020-09-26,Crystal Palace,Everton,1.4,0.7,1.0,1.2,5,10,7.0,2.0,1.7,1.8,1.2,5,10,7.0
2020/21,2020-09-26,West Brom,Chelsea,0.0,0.0,1.0,4.0,2,2,7.0,1.8,1.8,1.8,1.6,5,10,6.0
2020/21,2020-09-27,Man City,Leicester,3.0,2.4,3.8,0.4,5,10,6.0,1.8,1.4,1.8,1.4,5,10,7.0
2020/21,2020-09-27,Sheffield United,Leeds,0.0,1.0,0.2,1.8,5,10,6.0,1.5,1.5,3.5,3.5,2,2,8.0
2020/21,2020-09-27,Tottenham,Newcastle,2.0,2.0,2.4,1.0,5,10,7.0,0.8,0.9,0.8,1.8,5,10,7.0
2020/21,2020-09-27,West Ham,Wolves,1.0,1.2,1.2,1.4,5,10,8.0,1.4,1.6,1.2,1.2,5,10,6.0
2020/21,2020-09-28,Fulham,Aston Villa,0.0,0.0,1.5,3.5,2,2,9.0,2.2,1.2,1.2,0.4,5,10,7.0
2020/21,2020-09-28,Liverpool,Arsenal,2.4,2.2,3.0,1.8,5,10,8.0,2.4,2.2,2.0,1.0,5,10,9.0
2020/21,2020-10-03,Chelsea,Crystal Palace,1.4,1.6,2.2,2.2,5,10,7.0,1.4,0.7,1.2,1.2,5,10,7.0
2020/21,2020-10-03,Everton,Brighton,2.4,1.7,2.0,1.2,5,10,7.0,1.4,1.1,1.6,1.4,5,10,7.0
2020/21,2020-10-03,Leeds,Man City,2.0,2.0,2.6666666666666665,2.3333333333333335,3,3,6.0,2.4,2.1,3.2,1.4,5,10,6.0
2020/21,2020-10-03,Newcastle,Burnley,1.0,0.9,0.8,1.4,5,10,6.0,0.8,1.5,1.2,1.6,5,10,7.0
2020/21,2020-10-04,Arsenal,Sheffield United,1.8,1.9,1.8,1.4,5,10,6.0,0.0,1.0,0.2,1.6,5,10,7.0
2020/21,2020-10-04,Aston Villa,Liverpool,2.2,1.5,1.4,0.4,5,10,6.0,3.0,2.2,3.4,1.6,5,10,6.0
2020/21,2020-10-04,Leicester,West Ham,1.8,1.6,2.4,1.8,5,10,7.0,1.0,1.5,1.4,1.2,5,10,7.0
2020/21,2020-10-04,Man United,Tottenham,2.0,2.3,1.8,1.2,5,10,8.0,1.6,1.8,2.0,1.0,5,10,7.0
2020/21,2020-10-04,Southampton,West Brom,1.8,1.8,1.6,1.4,5,10,8.0,0.3333333333333333,0.3333333333333333,1.6666666666666667,3.6666666666666665,3,3,8.0
2020/21,2020-10-04,Wolves,Fulham,1.2,1.3,1.0,1.8,5,10,7.0,0.0,0.0,1.0,3.3333333333333335,3,3,6.0
2020/21,2020-10-17,Chelsea,Southampton,2.0,1.9,2.4,1.2,5,10,14.0,1.8,1.8,1.6,1.4,5,10,13.0
2020/21,2020-10-17,Everton,Liverpool,2.4,1.7,2.6,1.6,5,10,14.0,2.4,2.2,2.8,2.4,5,10,13.0
2020/21,2020-10-17,Man City,Arsenal,2.0,2.2,3.0,1.4,5,10,14.0,2.4,1.9,2.2,1.4,5,10,13.0
2020/21,2020-10-17,Newcastle,Man United,1.4,0.9,1.4,1.6,5,10,14.0,1.4,2.0,1.6,2.4,5,10,13.0
2020/21,2020-10-18,Crystal Palace,Brighton,1.4,0.7,1.2,1.6,5,10,15.0,1.2,1.1,2.0,2.2,5,10,15.0
2020/21,2020-10-18,Leicester,Aston Villa,1.8,1.6,2.4,1.8,5,10,14.0,2.6,1.7,2.6,0.6,5,10,14.0
2020/21,2020-10-18,Sheffield United,Fulham,0.0,0.7,0.4,1.8,5,10,14.0,0.0,0.0,0.75,2.75,4,4,14.0
2020/21,2020-10-18,Tottenham,West Ham,1.6,2.1,2.6,1.2,5,10,14.0,1.4,1.5,1.8,1.0,5,10,14.0
2020/21,2020-10-19,Leeds,Wolves,1.75,1.75,2.25,2.0,4,4,16.0,1.2,1.3,0.8,1.8,5,10,15.0
2020/21,2020-10-19,West Brom,Burnley,0.25,0.25,1.25,3.25,4,4,15.0,0.6,1.2,1.2,2.0,5,10,16.0
2020/21,2020-10-23,Aston Villa,Leeds,2.6,2.0,2.6,0.6,5,10,5.0,1.4,1.4,1.8,1.8,5,5,4.0
2020/21,2020-10-24,Fulham,Crystal Palace,0.2,0.2,0.8,2.4,5,5,6.0,1.4,0.8,1.2,1.6,5,10,6.0
2020/21,2020-10-24,Liverpool,Sheffield United,2.0,2.0,2.6,2.6,5,10,7.0,0.2,0.7,0.4,1.4,5,10,6.0
2020/21,2020-10-24,Man United,Chelsea,1.8,2.0,2.2,2.4,5,10,7.0,1.6,1.7,2.6,1.8,5,10,7.0
2020/21,2020-10-24,West Ham,Man City,1.4,1.5,2.2,1.4,5,10,6.0,2.0,2.2,2.4,1.4,5,10,7.0
2020/21,2020-10-25,Arsenal,Leicester,1.8,1.6,1.6,1.2,5,10,8.0,1.8,1.3,2.4,1.6,5,10,7.0
2020/21,2020-10-25,Southampton,Everton,1.4,1.6,1.6,1.8,5,10,8.0,2.6,1.8,2.8,1.4,5,10,8.0
2020/21,2020-10-25,Wolves,Newcastle,1.8,1.6,1.0,1.4,5,10,6.0,1.4,0.8,1.4,1.8,5,10,8.0
2020/21,2020-10-26,Brighton,West Brom,0.8,0.9,1.8,2.2,5,10,8.0,0.4,0.4,1.0,2.6,5,5,7.0
2020/21,2020-10-26,Burnley,Tottenham,0.2,1.0,0.8,2.0,5,10,7.0,1.6,1.9,3.0,1.6,5,10,8.0
2020/21,2020-10-30,Wolves,Crystal Palace,1.4,1.7,0.8,1.6,5,10,5.0,1.4,1.1,1.4,1.8,5,10,6.0
2020/21,2020-10-31,Burnley,Chelsea,0.2,0.9,0.6,1.8,5,10,5.0,1.2,1.5,2.0,1.6,5,10,7.0
2020/21,2020-10-31,Liverpool,West Ham,2.0,2.0,2.2,2.2,5,10,7.0,1.6,1.6,2.4,1.2,5,10,7.0
2020/21,2020-10-31,Sheffield United,Man City,0.2,0.4,0.6,1.4,5,10,7.0,1.6,2.3,1.6,1.6,5,10,7.0
2020/21,2020-11-01,Aston Villa,Southampton,2.4,2.0,2.4,1.0,5,10,9.0,2.0,1.8,2.0,1.6,5,10,7.0
2020/21,2020-11-01,Man United,Arsenal,1.4,1.8,1.8,2.4,5,10,8.0,1.2,1.5,1.0,1.4,5,10,7.0
2020/21,2020-11-01,Newcastle,Everton,1.0,0.9,1.2,2.0,5,10,7.0,2.0,1.7,2.6,1.8,5,10,7.0
2020/21,2020-11-01,Tottenham,Brighton,2.2,2.1,3.2,1.4,5,10,6.0,1.0,1.0,1.8,1.8,5,10,6.0
2020/21,2020-11-02,Fulham,West Brom,0.2,0.16666666666666666,1.0,2.2,5,6,9.0,0.6,0.5,1.2,2.2,5,6,7.0
2020/21,2020-11-02,Leeds,Leicester,2.0,1.6666666666666667,1.8,1.0,5,6,10.0,1.8,1.5,2.0,1.6,5,10,8.0
2020/21,2020-11-06,Brighton,Burnley,0.4,1.0,1.4,2.2,5,10,5.0,0.2,0.6,0.2,1.6,5,10,6.0
2020/21,2020-11-06,Southampton,Newcastle,2.6,2.0,2.4,1.2,5,10,5.0,1.6,1.2,1.6,1.6,5,10,5.0
2020/21,2020-11-07,Chelsea,Sheffield United,1.8,1.8,2.6,1.2,5,10,7.0,0.2,0.1,0.6,1.4,5,10,7.0
2020/21,2020-11-07,Crystal Palace,Leeds,0.8,1.1,0.8,2.0,5,10,8.0,1.4,1.4285714285714286,1.2,1.2,5,7,5.0
2020/21,2020-11-07,Everton,Man United,1.4,1.7,1.8,1.8,5,10,6.0,1.4,1.5,1.6,2.0,5,10,6.0
2020/21,2020-11-07,West Ham,Fulham,1.6,1.3,2.4,1.2,5,10,7.0,0.8,0.5714285714285714,0.8,1.4,5,7,5.0
2020/21,2020-11-08,Arsenal,Aston Villa,1.2,1.8,0.8,1.2,5,10,7.0,1.8,2.0,2.8,1.8,5,10,7.0
2020/21,2020-11-08,Leicester,Wolves,1.8,1.8,2.0,1.4,5,10,6.0,2.0,1.7,1.0,1.0,5,10,9.0
2020/21,2020-11-08,Man City,Liverpool,1.6,2.3,1.2,1.4,5,10,8.0,2.0,2.2,2.2,2.4,5,10,8.0
2020/21,2020-11-08,West Brom,Tottenham,0.6,0.42857142857142855,0.8,1.6,5,7,6.0,2.2,2.1,2.6,1.2,5,10,7.0
2020/21,2020-11-21,Aston Villa,Brighton,1.8,2.0,2.8,1.8,5,10,13.0,0.6,1.0,1.0,1.6,5,10,15.0
2020/21,2020-11-21,Man United,West Brom,1.4,1.7,1.6,1.8,5,10,14.0,0.4,0.375,0.2,1.2,5,8,13.0
2020/21,2020-11-21,Newcastle,Chelsea,1.4,1.2,1.4,1.8,5,10,15.0,2.2,1.8,2.8,0.8,5,10,14.0
2020/21,2020-11-21,Tottenham,Man City,2.6,2.1,2.6,1.0,5,10,13.0,1.8,2.1,1.0,0.6,5,10,13.0
2020/21,2020-11-22,Fulham,Everton,0.8,0.5,0.8,1.0,5,8,15.0,0.8,1.6,1.6,2.2,5,10,15.0
2020/21,2020-11-22,Leeds,Arsenal,0.8,1.25,1.2,2.0,5,8,15.0,1.2,1.5,0.6,1.2,5,10,14.0
2020/21,2020-11-22,Liverpool,Leicester,1.6,2.3,1.8,2.4,5,10,14.0,1.8,1.8,1.2,1.0,5,10,14.0
2020/21,2020-11-22,Sheffield United,West Ham,0.2,0.1,0.8,2.0,5,10,15.0,1.6,1.3,1.8,1.2,5,10,15.0
2020/21,2020-11-23,Burnley,Crystal Palace,0.4,0.6,0.2,1.4,5,10,17.0,1.4,1.4,1.4,1.8,5,10,16.0
2020/21,2020-11-23,Wolves,Southampton,2.0,1.6,1.0,0.4,5,10,15.0,2.6,2.2,2.6,1.2,5,10,17.0
2020/21,2020-11-27,Crystal Palace,Newcastle,1.4,1.4,1.4,1.2,5,10,4.0,0.8,1.1,0.8,2.0,5,10,6.0
2020/21,2020-11-28,Brighton,Liverpool,1.2,1.2,1.0,1.0,5,10,7.0,2.2,2.3,2.0,1.0,5,10,6.0
2020/21,2020-11-28,Everton,Leeds,0.8,1.6,1.4,2.2,5,10,6.0,0.8,1.2222222222222223,1.0,1.8,5,9,6.0
2020/21,2020-11-28,Man City,Burnley,1.6,1.8,0.8,0.8,5,10,7.0,1.0,0.8,0.2,0.8,5,10,5.0
2020/21,2020-11-28,West Brom,Sheffield United,0.4,0.3333333333333333,0.2,1.0,5,9,7.0,0.2,0.1,0.6,1.8,5,10,6.0
2020/21,2020-11-29,Arsenal,Wolves,0.8,1.6,0.2,1.0,5,10,7.0,1.6,1.4,1.0,0.6,5,10,6.0
2020/21,2020-11-29,Chelsea,Tottenham,2.2,2.1,2.4,0.8,5,10,8.0,2.6,2.1,1.8,0.8,5,10,8.0
2020/21,2020-11-29,Southampton,Man United,2.2,2.0,2.4,1.4,5,10,6.0,2.0,1.7,1.6,0.6,5,10,8.0
2020/21,2020-11-30,Leicester,Fulham,1.8,1.8,1.2,1.0,5,10,8.0,0.8,0.4444444444444444,1.2,1.4,5,9,8.0
2020/21,2020-11-30,West Ham,Aston Villa,1.6,1.5,1.4,1.2,5,10,8.0,1.2,1.9,1.6,1.8,5,10,9.0
2020/21,2020-12-05,Burnley,Everton,0.8,0.5,0.2,1.8,5,10,7.0,0.6,1.6,1.0,2.0,5,10,7.0
2020/21,2020-12-05,Chelsea,Leeds,2.2,1.9,1.8,0.2,5,10,6.0,1.4,1.4,1.2,1.6,5,10,7.0
2020/21,2020-12-05,Man City,Fulham,1.6,1.8,1.6,0.8,5,10,7.0,1.2,0.7,1.4,1.4,5,10,5.0
2020/21,2020-12-05,West Ham,Man United,2.0,1.7,1.2,0.8,5,10,5.0,2.0,1.9,1.4,0.8,5,10,6.0
2020/21,2020-12-06,Liverpool,Wolves,2.2,2.1,1.8,0.8,5,10,8.0,1.6,1.7,1.2,0.8,5,10,7.0
2020/21,2020-12-06,Sheffield United,Leicester,0.0,0.1,0.4,1.8,5,10,8.0,1.8,1.8,1.4,1.2,5,10,6.0
2020/21,2020-12-06,Tottenham,Arsenal,2.6,2.1,1.2,0.2,5,10,7.0,0.8,1.3,0.4,1.2,5,10,7.0
2020/21,2020-12-06,West Brom,Crystal Palace,0.8,0.6,0.4,1.0,5,10,8.0,1.2,1.3,1.2,1.4,5,10,9.0
2020/21,2020-12-07,Brighton,Southampton,1.2,1.0,1.0,1.0,5,10,9.0,2.0,1.7,2.2,1.4,5,10,8.0
2020/21,2020-12-11,Leeds,West Ham,0.8,1.4,0.8,2.2,5,10,6.0,1.8,1.7,1.2,1.2,5,10,6.0
2020/21,2020-12-12,Everton,Chelsea,0.8,1.4,1.2,1.8,5,10,7.0,2.6,1.9,2.4,0.4,5,10,7.0
2020/21,2020-12-12,Man United,Man City,2.4,1.9,2.0,1.0,5,10,7.0,2.0,1.8,1.8,0.6,5,10,7.0
2020/21,2020-12-12,Newcastle,West Brom,1.4,1.4,1.0,1.2,5,10,15.0,0.6,0.6,0.4,1.8,5,10,6.0
2020/21,2020-12-12,Wolves,Aston Villa,1.4,1.4,1.0,1.4,5,10,6.0,0.6,1.6,1.6,2.2,5,10,12.0
2020/21,2020-12-13,Arsenal,Burnley,0.8,1.0,0.4,1.4,5,10,7.0,1.0,0.6,0.4,1.8,5,10,8.0
2020/21,2020-12-13,Crystal Palace,Tottenham,1.2,1.3,1.8,1.4,5,10,7.0,2.6,2.4,1.4,0.2,5,10,7.0
2020/21,2020-12-13,Fulham,Liverpool,1.2,0.7,1.2,1.4,5,10,8.0,2.2,2.1,2.2,0.6,5,10,7.0
2020/21,2020-12-13,Leicester,Brighton,1.8,1.8,1.6,1.4,5,10,7.0,1.0,1.0,1.0,1.2,5,10,6.0
2020/21,2020-12-13,Southampton,Sheffield United,2.0,2.0,2.2,1.6,5,10,6.0,0.0,0.1,0.4,1.8,5,10,7.0
2020/21,2020-12-15,Man City,West Brom,1.6,1.6,1.6,0.6,5,10,3.0,0.6,0.6,0.6,1.8,5,10,3.0
2020/21,2020-12-15,Wolves,Chelsea,0.8,1.4,0.6,1.6,5,10,3.0,2.0,1.9,1.8,0.6,5,10,3.0
2020/21,2020-12-16,Arsenal,Southampton,0.2,0.7,0.2,1.6,5,10,3.0,2.0,2.3,2.0,1.0,5,10,3.0
2020/21,2020-12-16,Fulham,Brighton,0.8,0.8,1.0,1.6,5,10,3.0,1.0,0.7,0.8,1.4,5,10,3.0
2020/21,2020-12-16,Leeds,Newcastle,0.8,1.1,0.8,1.8,5,10,5.0,1.8,1.4,1.2,1.2,5,10,4.0
2020/21,2020-12-16,Leicester,Everton,1.8,1.8,1.4,1.2,5,10,3.0,1.4,1.4,1.2,1.4,5,10,4.0
2020/21,2020-12-16,Liverpool,Tottenham,1.8,1.9,2.0,0.6,5,10,3.0,2.2,2.2,1.2,0.2,5,10,3.0
2020/21,2020-12-16,West Ham,Crystal Palace,2.4,2.0,1.4,1.0,5,10,5.0,1.4,1.1,2.0,1.2,5,10,3.0
2020/21,2020-12-17,Aston Villa,Burnley,1.2,1.8,1.8,1.6,5,10,5.0,1.6,0.9,0.6,1.2,5,10,4.0
2020/21,2020-12-17,Sheffield United,Man United,0.0,0.1,0.4,2.2,5,10,4.0,2.6,2.0,2.0,0.8,5,10,5.0
2020/21,2020-12-19,Crystal Palace,Liverpool,1.0,1.2,1.4,1.2,5,10,3.0,2.2,1.9,2.2,0.6,5,10,3.0
2020/21,2020-12-19,Everton,Arsenal,2.0,1.4,1.4,0.8,5,10,3.0,0.4,0.8,0.4,1.2,5,10,3.0
2020/21,2020-12-19,Newcastle,Fulham,1.2,1.4,1.2,2.0,5,10,3.0,1.0,0.9,1.0,1.4,5,10,3.0
2020/21,2020-12-19,Southampton,Man City,1.6,2.1,1.8,1.2,5,10,3.0,1.6,1.7,1.6,0.6,5,10,4.0
2020/21,2020-12-20,Brighton,Sheffield United,1.0,0.8,0.8,1.4,5,10,4.0,0.0,0.1,0.6,2.0,5,10,3.0
2020/21,2020-12-20,Man United,Leeds,2.6,2.0,2.0,1.0,5,10,3.0,1.4,1.1,1.6,1.4,5,10,4.0
2020/21,2020-12-20,Tottenham,Leicester,1.6,2.1,1.2,0.6,5,10,4.0,1.2,1.5,1.2,1.6,5,10,4.0
2020/21,2020-12-20,West Brom,Aston Villa,0.8,0.6,0.8,1.8,5,10,5.0,1.4,1.6,1.2,0.8,5,10,3.0
2020/21,2020-12-21,Burnley,Wolves,1.6,1.0,0.6,1.2,5,10,4.0,1.4,1.7,1.0,1.6,5,10,6.0
2020/21,2020-12-21,Chelsea,West Ham,1.4,1.8,1.2,0.8,5,10,6.0,2.0,1.8,1.4,1.2,5,10,5.0
2020/21,2020-12-26,Arsenal,Chelsea,0.2,0.5,0.6,1.6,5,10,7.0,1.4,1.8,1.4,0.8,5,10,5.0
2020/21,2020-12-26,Aston Villa,Crystal Palace,1.4,1.6,1.2,0.8,5,10,6.0,1.0,1.2,1.4,2.4,5,10,7.0
2020/21,2020-12-26,Fulham,Southampton,1.2,1.0,0.8,1.0,5,10,7.0,1.4,1.8,1.6,1.2,5,10,7.0
2020/21,2020-12-26,Leicester,Man United,1.8,1.8,1.6,1.0,5,10,6.0,2.6,2.3,3.0,1.4,5,10,6.0
2020/21,2020-12-26,Man City,Newcastle,2.2,1.9,1.8,0.2,5,10,7.0,1.4,1.4,1.4,1.8,5,10,7.0
2020/21,2020-12-26,Sheffield United,Everton,0.2,0.2,0.8,2.0,5,10,6.0,2.0,1.4,1.2,0.6,5,10,7.0
2020/21,2020-12-27,Leeds,Burnley,1.2,1.0,2.0,2.6,5,10,7.0,1.6,1.3,0.8,1.4,5,10,6.0
2020/21,2020-12-27,Liverpool,West Brom,2.2,2.2,3.0,0.6,5,10,8.0,0.8,0.6,0.8,2.2,5,10,7.0
2020/21,2020-12-27,West Ham,Brighton,1.4,1.5,1.2,1.8,5,10,6.0,0.6,0.9,0.6,1.4,5,10,7.0
2020/21,2020-12-27,Wolves,Tottenham,1.2,1.4,1.0,1.8,5,10,6.0,1.0,1.8,0.8,1.0,5,10,7.0
2020/21,2020-12-28,Chelsea,Aston Villa,1.2,1.7,1.6,1.4,5,10,2.0,2.0,1.6,1.6,0.4,5,10,2.0
2020/21,2020-12-28,Crystal Palace,Leicester,1.0,1.1,1.4,2.6,5,10,2.0,2.0,1.9,1.8,1.0,5,10,2.0
2020/21,2020-12-29,Brighton,Arsenal,0.6,0.9,0.8,1.6,5,10,2.0,0.8,0.8,1.0,1.4,5,10,3.0
2020/21,2020-12-29,Burnley,Sheffield United,1.6,1.2,0.8,0.6,5,10,2.0,0.2,0.1,0.8,2.0,5,10,3.0
2020/21,2020-12-29,Man United,Wolves,2.2,2.1,2.8,1.4,5,10,3.0,0.8,1.2,0.8,1.8,5,10,2.0
2020/21,2020-12-29,Southampton,West Ham,1.6,1.8,1.2,0.6,5,10,3.0,1.0,1.5,1.2,2.0,5,10,2.0
2020/21,2020-12-29,West Brom,Leeds,0.4,0.6,0.8,2.4,5,10,2.0,1.2,1.3,2.0,2.6,5,10,2.0
2020/21,2020-12-30,Newcastle,Liverpool,1.4,1.1,1.4,1.8,5,10,4.0,2.2,2.2,3.0,0.6,5,10,3.0
2020/21,2021-01-01,Everton,West Ham,2.6,1.6,1.4,0.4,5,10,6.0,1.2,1.5,1.0,1.4,5,10,3.0
2020/21,2021-01-01,Man United,Aston Villa,2.2,2.3,2.4,1.2,5,10,3.0,2.2,1.4,1.6,0.2,5,10,4.0
2020/21,2021-01-02,Brighton,Wolves,0.6,0.8,0.6,1.4,5,10,4.0,0.8,1.1,0.8,1.2,5,10,4.0
2020/21,2021-01-02,Crystal Palace,Sheffield United,0.6,0.9,0.6,2.6,5,10,5.0,0.2,0.1,0.6,1.8,5,10,4.0
2020/21,2021-01-02,Tottenham,Leeds,1.0,1.8,1.0,1.2,5,10,6.0,1.8,1.3,2.8,2.0,5,10,4.0
2020/21,2021-01-02,West Brom,Arsenal,0.4,0.5,0.6,2.4,5,10,4.0,1.4,1.1,1.2,1.0,5,10,4.0
2020/21,2021-01-03,Chelsea,Man City,0.8,1.7,1.2,1.4,5,10,6.0,2.2,1.9,1.2,0.2,5,10,8.0
2020/21,2021-01-03,Newcastle,Leicester,1.0,1.2,1.0,1.8,5,10,4.0,1.6,1.7,1.6,1.0,5,10,6.0
2020/21,2021-01-04,Southampton,Liverpool,1.2,1.6,0.8,0.4,5,10,6.0,1.8,2.0,2.2,0.6,5,10,5.0
2020/21,2021-01-12,Burnley,Man United,2.0,1.5,0.8,0.4,5,10,14.0,2.6,2.6,2.8,1.4,5,10,11.0
2020/21,2021-01-12,Sheffield United,Newcastle,0.2,0.1,0.6,1.6,5,10,10.0,0.4,1.1,0.8,2.0,5,10,9.0
2020/21,2021-01-12,Wolves,Everton,1.0,0.9,1.4,1.6,5,10,10.0,2.4,1.6,1.2,0.4,5,10,11.0
2020/21,2021-01-13,Man City,Brighton,2.2,2.1,1.4,0.4,5,10,10.0,0.8,0.9,1.2,1.4,5,10,11.0
2020/21,2021-01-13,Tottenham,Fulham,1.0,1.8,1.2,1.2,5,10,11.0,0.8,1.0,0.4,0.8,5,10,18.0
2020/21,2021-01-14,Arsenal,Crystal Palace,2.0,1.1,2.0,0.8,5,10,12.0,1.0,1.2,0.8,2.4,5,10,12.0
2020/21,2021-01-16,Fulham,Chelsea,1.0,1.1,0.6,0.6,5,10,3.0,0.8,1.4,1.4,1.8,5,10,13.0
2020/21,2021-01-16,Leeds,Brighton,1.8,1.3,2.6,2.2,5,10,14.0,0.6,0.8,1.2,1.6,5,10,3.0
2020/21,2021-01-16,Leicester,Southampton,1.6,1.7,1.4,1.2,5,10,13.0,1.2,1.6,0.4,0.4,5,10,12.0
2020/21,2021-01-16,West Ham,Burnley,1.2,1.8,0.8,1.2,5,10,15.0,1.4,1.5,0.6,0.6,5,10,4.0
2020/21,2021-01-16,Wolves,West Brom,0.4,0.9,1.2,1.8,5,10,4.0,0.4,0.5,0.4,2.8,5,10,14.0
2020/21,2021-01-17,Liverpool,Man United,1.6,1.7,2.0,0.6,5,10,13.0,2.6,2.6,2.4,1.0,5,10,5.0
2020/21,2021-01-17,Man City,Crystal Palace,2.6,2.1,1.6,0.4,5,10,4.0,1.0,1.0,0.6,2.2,5,10,3.0
2020/21,2021-01-17,Sheffield United,Tottenham,0.8,0.4,0.4,1.0,5,10,5.0,1.0,1.6,1.2,1.2,5,10,4.0
2020/21,2021-01-18,Arsenal,Newcastle,2.0,1.2,1.8,0.6,5,10,4.0,0.4,0.8,0.4,1.2,5,10,6.0
2020/21,2021-01-19,Leicester,Chelsea,2.2,1.7,1.8,0.8,5,10,3.0,1.4,1.4,1.4,1.4,5,10,3.0
2020/21,2021-01-19,West Ham,West Brom,1.6,1.8,0.8,1.0,5,10,3.0,0.8,0.8,0.8,3.0,5,10,3.0
2020/21,2021-01-20,Fulham,Man United,0.8,0.8,0.4,0.6,5,10,4.0,2.2,2.4,1.2,0.6,5,10,3.0
2020/21,2021-01-20,Man City,Aston Villa,3.0,2.3,2.2,0.2,5,10,3.0,1.6,1.4,1.6,0.6,5,10,19.0
2020/21,2021-01-21,Liverpool,Burnley,1.2,1.7,1.6,0.4,5,10,4.0,1.2,1.4,0.6,0.8,5,10,5.0
2020/21,2021-01-23,Aston Villa,Newcastle,1.4,1.4,1.6,1.0,5,10,3.0,0.2,0.8,0.2,1.6,5,10,5.0
2020/21,2021-01-26,Crystal Palace,West Ham,1.0,1.0,0.6,1.6,5,10,9.0,2.2,1.8,1.2,0.6,5,10,7.0
2020/21,2021-01-26,Newcastle,Leeds,0.2,0.8,0.2,1.6,5,10,3.0,1.2,1.3,1.6,2.0,5,10,10.0
2020/21,2021-01-26,Southampton,Arsenal,1.0,1.3,0.2,0.6,5,10,10.0,2.6,1.4,2.2,0.2,5,10,8.0
2020/21,2021-01-26,West Brom,Man City,0.8,0.8,1.0,2.8,5,10,7.0,3.0,2.6,2.4,0.2,5,10,6.0
2020/21,2021-01-27,Brighton,Fulham,1.0,0.8,1.2,1.4,5,10,11.0,0.6,0.8,0.6,1.0,5,10,7.0
2020/21,2021-01-27,Burnley,Aston Villa,1.2,1.4,0.4,0.6,5,10,6.0,1.4,1.4,1.4,1.0,5,10,4.0
2020/21,2021-01-27,Chelsea,Wolves,0.8,1.1,0.8,1.8,5,10,8.0,0.4,0.8,1.4,2.0,5,10,11.0
2020/21,2021-01-27,Everton,Leicester,2.4,1.9,1.4,0.6,5,10,15.0,2.2,2.0,1.8,0.8,5,10,8.0
2020/21,2021-01-27,Man United,Sheffield United,2.6,2.4,1.2,0.4,5,10,7.0,0.6,0.4,0.4,1.4,5,10,10.0
2020/21,2021-01-28,Tottenham,Liverpool,1.6,1.6,1.6,1.0,5,10,11.0,0.6,1.4,0.2,0.6,5,10,7.0
2020/21,2021-01-30,Arsenal,Man United,2.6,1.7,2.2,0.2,5,10,4.0,2.0,2.1,1.2,0.8,5,10,3.0
2020/21,2021-01-30,Crystal Palace,Wolves,1.0,1.0,1.0,1.6,5,10,4.0,0.4,0.6,1.2,1.8,5,10,3.0
2020/21,2021-01-30,Everton,Newcastle,2.0,2.0,1.2,0.8,5,10,3.0,0.0,0.5,0.4,2.0,5,10,4.0
2020/21,2021-01-30,Man City,Sheffield United,3.0,2.6,3.0,0.2,5,10,4.0,1.2,0.7,0.8,1.4,5,10,3.0
2020/21,2021-01-30,Southampton,Aston Villa,1.0,1.2,0.4,1.0,5,10,4.0,0.8,1.4,1.2,1.6,5,10,3.0
2020/21,2021-01-30,West Brom,Fulham,0.6,0.5,0.8,3.6,5,10,4.0,0.6,0.9,0.4,0.8,5,10,3.0
2020/21,2021-01-31,Brighton,Tottenham,1.0,0.8,0.8,1.0,5,10,4.0,1.6,1.3,1.8,1.2,5,10,3.0
2020/21,2021-01-31,Chelsea,Burnley,1.0,1.1,0.6,1.2,5,10,4.0,1.8,1.7,1.0,0.8,5,10,4.0
2020/21,2021-01-31,Leicester,Leeds,2.2,2.1,1.6,0.6,5,10,4.0,1.8,1.5,1.6,1.0,5,10,5.0
2020/21,2021-01-31,West Ham,Liverpool,2.6,1.8,1.4,0.6,5,10,5.0,1.0,1.6,0.6,0.6,5,10,3.0
2020/21,2021-02-02,Man United,Southampton,1.6,2.1,0.8,0.6,5,10,3.0,0.8,1.2,0.4,1.2,5,10,3.0
2020/21,2021-02-02,Newcastle,Crystal Palace,0.6,0.5,0.6,1.6,5,10,3.0,1.4,1.0,1.0,1.4,5,10,3.0
2020/21,2021-02-02,Sheffield United,West Brom,1.2,0.7,0.8,1.4,5,10,3.0,0.8,0.6,1.2,3.0,5,10,3.0
2020/21,2021-02-02,Wolves,Arsenal,0.4,0.6,1.2,1.8,5,10,3.0,2.2,1.8,2.0,0.2,5,10,3.0
2020/21,2021-02-03,Aston Villa,West Ham,1.2,1.7,1.2,1.4,5,10,4.0,2.4,1.8,1.6,1.2,5,10,3.0
2020/21,2021-02-03,Burnley,Man City,1.2,1.6,0.8,1.2,5,10,3.0,3.0,2.6,2.6,0.0,5,10,4.0
2020/21,2021-02-03,Fulham,Leicester,0.6,0.7,0.8,1.2,5,10,4.0,2.0,1.8,1.6,1.0,5,10,3.0
2020/21,2021-02-03,Leeds,Everton,1.8,1.5,2.0,1.2,5,10,3.0,1.4,1.7,0.8,1.0,5,10,4.0
2020/21,2021-02-03,Liverpool,Brighton,1.4,1.6,1.2,0.8,5,10,3.0,1.6,1.1,1.0,0.8,5,10,3.0
2020/21,2021-02-04,Tottenham,Chelsea,1.4,1.2,1.6,1.2,5,10,4.0,1.4,1.1,0.8,1.0,5,10,4.0
2020/21,2021-02-06,Aston Villa,Arsenal,1.2,1.4,1.2,1.6,5,10,3.0,1.6,1.8,1.4,0.6,5,10,4.0
2020/21,2021-02-06,Burnley,Brighton,1.2,1.3,0.8,1.4,5,10,3.0,2.0,1.4,0.6,0.2,5,10,3.0
2020/21,2021-02-06,Fulham,West Ham,0.4,0.7,0.6,1.4,5,10,3.0,2.4,1.8,2.0,1.4,5,10,3.0
2020/21,2021-02-06,Man United,Everton,1.6,2.1,2.4,0.6,5,10,4.0,1.4,2.0,1.0,1.2,5,10,3.0
2020/21,2021-02-06,Newcastle,Southampton,0.6,0.5,0.8,1.8,5,10,4.0,0.6,0.9,0.4,3.0,5,10,4.0
2020/21,2021-02-07,Liverpool,Man City,1.4,1.5,1.2,0.8,5,10,4.0,3.0,2.8,2.8,0.0,5,10,4.0
2020/21,2021-02-07,Sheffield United,Chelsea,1.8,1.0,1.2,1.2,5,10,5.0,2.0,1.4,0.8,0.4,5,10,3.0
2020/21,2021-02-07,Tottenham,West Brom,0.8,0.9,1.0,1.4,5,10,3.0,0.8,0.6,1.4,2.6,5,10,5.0
2020/21,2021-02-07,Wolves,Leicester,0.8,0.9,1.0,1.4,5,10,5.0,2.0,1.8,1.6,0.8,5,10,4.0
2020/21,2021-02-08,Leeds,Crystal Palace,1.2,1.5,1.2,1.6,5,10,5.0,1.4,1.2,1.0,1.6,5,10,6.0
2020/21,2021-02-13,Brighton,Aston Villa,2.2,1.4,0.8,0.2,5,10,7.0,1.8,1.6,1.4,1.2,5,10,7.0
2020/21,2021-02-13,Crystal Palace,Burnley,1.2,1.1,1.0,2.0,5,10,5.0,1.4,1.3,1.0,1.4,5,10,7.0
2020/21,2021-02-13,Leicester,Liverpool,1.6,1.9,1.2,0.8,5,10,6.0,1.2,1.2,1.4,1.6,5,10,6.0
2020/21,2021-02-13,Man City,Tottenham,3.0,3.0,2.8,0.2,5,10,6.0,1.2,1.1,1.2,1.2,5,10,6.0
2020/21,2021-02-14,Arsenal,Leeds,1.4,1.7,1.4,0.8,5,10,8.0,1.8,1.8,1.6,1.0,5,10,6.0
2020/21,2021-02-14,Everton,Fulham,1.6,2.0,1.6,1.6,5,10,8.0,0.6,0.7,0.6,1.2,5,10,8.0
2020/21,2021-02-14,Southampton,Wolves,0.0,0.6,0.6,3.6,5,10,8.0,1.0,0.7,0.8,1.0,5,10,7.0
2020/21,2021-02-14,West Brom,Man United,0.2,0.5,0.8,2.6,5,10,7.0,1.6,1.9,3.0,1.2,5,10,8.0
2020/21,2021-02-15,Chelsea,Newcastle,2.0,1.7,1.0,0.6,5,10,8.0,1.2,0.7,1.4,1.6,5,10,9.0
2020/21,2021-02-15,West Ham,Sheffield United,2.0,1.8,1.8,1.4,5,10,9.0,1.2,1.0,1.2,1.6,5,10,8.0
2020/21,2021-02-17,Burnley,Fulham,1.4,1.3,1.4,1.4,5,10,4.0,1.2,0.9,0.8,0.8,5,10,3.0
2020/21,2021-02-17,Everton,Man City,1.0,1.7,1.2,1.8,5,10,3.0,3.0,3.0,3.0,0.2,5,10,4.0
2020/21,2021-02-19,Wolves,Leeds,1.6,1.0,0.8,0.6,5,10,5.0,1.8,1.5,2.0,1.6,5,10,5.0
2020/21,2021-02-20,Burnley,West Brom,1.0,1.4,1.0,1.2,5,10,3.0,0.4,0.6,0.8,2.4,5,10,6.0
2020/21,2021-02-20,Fulham,Sheffield United,1.2,0.9,1.0,1.0,5,10,3.0,1.2,0.9,1.0,1.6,5,10,5.0
2020/21,2021-02-20,Liverpool,Everton,1.2,0.9,1.6,2.0,5,10,7.0,0.8,1.4,1.2,2.2,5,10,3.0
2020/21,2021-02-20,Southampton,Chelsea,0.0,0.5,0.8,3.6,5,10,6.0,2.6,1.7,1.4,0.2,5,10,5.0
2020/21,2021-02-21,Arsenal,Man City,1.4,2.0,1.6,1.2,5,10,7.0,3.0,3.0,2.6,0.4,5,10,4.0
2020/21,2021-02-21,Aston Villa,Leicester,1.4,1.4,1.0,1.2,5,10,8.0,1.6,1.9,1.4,1.0,5,10,8.0
2020/21,2021-02-21,Man United,Newcastle,1.2,1.9,2.8,1.2,5,10,7.0,1.2,0.7,1.4,1.6,5,10,6.0
2020/21,2021-02-21,West Ham,Tottenham,2.0,2.1,2.0,1.2,5,10,6.0,0.6,1.1,0.6,1.6,5,10,8.0
2020/21,2021-02-22,Brighton,Crystal Palace,1.8,1.4,0.6,0.2,5,10,9.0,1.2,1.1,1.0,1.8,5,10,9.0
2020/21,2021-02-23,Leeds,Southampton,1.2,1.5,1.6,1.6,5,10,4.0,0.2,0.6,0.8,3.2,5,10,3.0
2020/21,2021-02-27,Leeds,Aston Villa,1.2,1.5,1.6,1.4,5,10,4.0,1.4,1.1,0.8,1.0,5,10,6.0
2020/21,2021-02-27,Man City,West Ham,3.0,3.0,2.6,0.4,5,10,6.0,2.0,2.3,1.8,1.0,5,10,6.0
2020/21,2021-02-27,Newcastle,Wolves,1.2,0.6,1.4,1.8,5,10,6.0,2.0,1.2,1.0,0.6,5,10,8.0
2020/21,2021-02-27,West Brom,Brighton,0.6,0.6,0.8,1.4,5,10,7.0,1.6,1.3,0.8,0.6,5,10,5.0
2020/21,2021-02-28,Chelsea,Man United,2.6,1.8,1.6,0.4,5,10,8.0,1.8,1.9,3.2,1.0,5,10,7.0
2020/21,2021-02-28,Crystal Palace,Fulham,1.8,1.4,1.0,1.4,5,10,6.0,1.6,1.1,0.8,0.6,5,10,8.0
2020/21,2021-02-28,Leicester,Arsenal,2.0,2.1,1.6,1.0,5,10,7.0,0.8,1.7,1.0,1.2,5,10,7.0
2020/21,2021-02-28,Sheffield United,Liverpool,0.6,0.9,0.6,1.6,5,10,8.0,0.6,0.8,1.0,2.2,5,10,8.0
2020/21,2021-02-28,Tottenham,Burnley,0.6,1.1,0.6,1.4,5,10,7.0,1.2,1.2,1.0,0.8,5,10,8.0
2020/21,2021-03-01,Everton,Southampton,1.4,1.4,1.6,1.8,5,10,9.0,0.2,0.5,0.8,3.6,5,10,6.0
2020/21,2021-03-02,Man City,Wolves,3.0,3.0,2.6,0.6,5,10,3.0,2.2,1.3,1.2,0.6,5,10,3.0
2020/21,2021-03-03,Burnley,Leicester,1.2,1.2,1.0,1.2,5,10,3.0,2.0,2.0,1.6,1.0,5,10,3.0
2020/21,2021-03-03,Crystal Palace,Man United,1.4,1.4,0.8,1.4,5,10,3.0,1.8,1.7,3.2,1.0,5,10,3.0
2020/21,2021-03-03,Sheffield United,Aston Villa,0.6,0.9,0.6,1.8,5,10,3.0,1.4,1.3,0.8,1.0,5,10,4.0
2020/21,2021-03-04,Fulham,Tottenham,1.8,1.1,0.8,0.2,5,10,4.0,1.2,1.3,1.4,1.2,5,10,4.0
2020/21,2021-03-04,Liverpool,Chelsea,0.6,1.0,0.8,2.0,5,10,4.0,2.2,1.8,1.2,0.4,5,10,4.0
2020/21,2021-03-04,West Brom,Everton,1.0,0.9,0.6,1.0,5,10,5.0,1.4,1.4,1.4,1.6,5,10,3.0
2020/21,2021-03-06,Aston Villa,Wolves,1.4,1.3,0.6,0.6,5,10,3.0,1.6,1.2,1.0,1.2,5,10,4.0
2020/21,2021-03-06,Brighton,Leicester,1.0,1.3,0.6,0.8,5,10,7.0,1.6,1.8,1.4,1.2,5,10,3.0
2020/21,2021-03-06,Burnley,Arsenal,1.2,1.3,1.0,1.2,5,10,3.0,1.2,1.7,1.6,1.4,5,10,6.0
2020/21,2021-03-06,Sheffield United,Southampton,0.6,1.2,0.4,1.6,5,10,3.0,0.2,0.4,0.8,2.0,5,10,5.0
2020/21,2021-03-07,Liverpool,Fulham,0.6,1.0,0.8,2.0,5,10,3.0,1.6,1.1,0.8,0.4,5,10,3.0
2020/21,2021-03-07,Man City,Man United,3.0,3.0,2.6,0.6,5,10,5.0,1.4,1.5,1.4,1.0,5,10,4.0
2020/21,2021-03-07,Tottenham,Crystal Palace,1.8,1.3,1.6,1.0,5,10,3.0,1.0,1.2,0.4,1.2,5,10,4.0
2020/21,2021-03-07,West Brom,Newcastle,1.0,0.9,0.4,0.8,5,10,3.0,0.8,0.7,1.2,2.0,5,10,8.0
2020/21,2021-03-08,Chelsea,Everton,2.2,2.1,1.2,0.4,5,10,4.0,1.8,1.7,1.0,1.0,5,10,4.0
2020/21,2021-03-08,West Ham,Leeds,2.0,2.2,1.8,0.8,5,10,9.0,1.2,1.2,1.4,1.2,5,10,9.0
2020/21,2021-03-10,Man City,Southampton,2.4,2.7,2.0,1.0,5,10,3.0,0.8,0.4,0.8,1.4,5,10,4.0
2020/21,2021-03-12,Newcastle,Aston Villa,1.0,0.8,1.0,1.6,5,10,5.0,1.0,1.4,0.4,0.6,5,10,6.0
2020/21,2021-03-13,Crystal Palace,West Brom,1.0,1.1,0.6,1.6,5,10,6.0,1.2,0.7,0.4,0.4,5,10,6.0
2020/21,2021-03-13,Everton,Burnley,1.8,1.4,1.0,1.0,5,10,5.0,0.8,1.1,0.6,1.4,5,10,7.0
2020/21,2021-03-13,Fulham,Man City,1.6,1.4,0.6,0.4,5,10,6.0,2.4,2.7,2.4,1.2,5,10,3.0
2020/21,2021-03-13,Leeds,Chelsea,0.6,1.2,1.0,1.6,5,10,5.0,2.2,2.1,1.2,0.2,5,10,5.0
2020/21,2021-03-14,Arsenal,Tottenham,1.4,1.5,1.6,1.2,5,10,8.0,1.8,1.5,2.0,1.2,5,10,7.0
2020/21,2021-03-14,Leicester,Sheffield United,2.0,1.8,1.8,1.4,5,10,8.0,0.6,0.9,0.2,1.6,5,10,8.0
2020/21,2021-03-14,Man United,West Ham,1.8,1.7,1.2,0.4,5,10,7.0,2.0,2.2,1.6,0.6,5,10,6.0
2020/21,2021-03-14,Southampton,Brighton,0.8,0.4,1.0,2.0,5,10,4.0,0.4,1.2,0.6,1.2,5,10,8.0
2020/21,2021-03-15,Wolves,Liverpool,1.6,1.3,1.0,1.2,5,10,9.0,0.6,0.9,0.6,1.4,5,10,8.0
2020/21,2021-03-19,Fulham,Leeds,1.4,1.3,0.4,0.8,5,10,6.0,0.8,1.3,0.6,0.8,5,10,6.0
2020/21,2021-03-20,Brighton,Newcastle,0.8,1.5,0.8,1.2,5,10,6.0,0.6,0.9,0.6,1.4,5,10,8.0
2020/21,2021-03-21,Aston Villa,Tottenham,1.0,1.2,0.6,0.8,5,10,9.0,1.8,1.2,2.2,1.0,5,10,7.0
2020/21,2021-03-21,West Ham,Arsenal,1.8,1.9,1.6,0.8,5,10,7.0,2.0,1.7,2.0,1.2,5,10,7.0
2020/21,2021-04-03,Arsenal,Liverpool,1.6,1.5,1.8,1.4,5,10,13.0,1.2,1.2,0.6,0.8,5,10,19.0
2020/21,2021-04-03,Chelsea,West Brom,1.8,2.2,0.8,0.2,5,10,21.0,1.0,0.7,0.2,0.4,5,10,21.0
2020/21,2021-04-03,Leeds,Sheffield United,1.4,1.3,1.0,0.8,5,10,15.0,0.6,0.9,0.2,2.0,5,10,20.0
2020/21,2021-04-03,Leicester,Man City,2.0,1.8,2.2,1.2,5,10,20.0,2.4,2.7,2.8,1.2,5,10,21.0
2020/21,2021-04-04,Aston Villa,Fulham,1.0,1.2,0.4,0.8,5,10,14.0,0.8,1.2,0.4,1.2,5,10,16.0
2020/21,2021-04-04,Man United,Brighton,2.2,1.7,1.2,0.2,5,10,21.0,1.2,1.5,1.4,1.2,5,10,15.0
2020/21,2021-04-04,Newcastle,Tottenham,0.6,0.9,0.6,1.6,5,10,15.0,2.4,1.5,2.4,0.6,5,10,14.0
2020/21,2021-04-04,Southampton,Burnley,0.6,0.4,1.0,2.2,5,10,21.0,1.2,1.1,0.8,1.4,5,10,22.0
2020/21,2021-04-05,Everton,Crystal Palace,1.8,1.3,1.0,0.8,5,10,23.0,1.6,1.4,0.8,1.0,5,10,23.0
2020/21,2021-04-05,Wolves,West Ham,1.0,1.3,0.6,1.2,5,10,21.0,1.4,1.7,1.6,1.4,5,10,15.0
2020/21,2021-04-09,Fulham,Wolves,0.6,1.2,0.6,1.8,5,10,5.0,0.4,1.2,0.8,1.8,5,10,4.0
2020/21,2021-04-10,Crystal Palace,Chelsea,1.2,1.5,0.6,1.0,5,10,5.0,1.6,2.1,1.0,1.0,5,10,7.0
2020/21,2021-04-10,Liverpool,Aston Villa,1.8,1.2,1.2,0.4,5,10,7.0,1.0,1.2,0.8,1.0,5,10,6.0
2020/21,2021-04-10,Man City,Leeds,2.4,2.7,2.8,1.0,5,10,7.0,1.4,1.3,0.8,1.0,5,10,7.0
2020/21,2021-04-11,Burnley,Newcastle,1.0,1.1,1.2,2.0,5,10,7.0,0.8,1.0,0.8,1.4,5,10,7.0
2020/21,2021-04-11,Sheffield United,Arsenal,0.6,0.6,0.4,2.2,5,10,8.0,1.6,1.2,1.8,1.8,5,10,8.0
2020/21,2021-04-11,Tottenham,Man United,2.0,1.6,2.0,1.0,5,10,7.0,2.2,2.0,1.0,0.2,5,10,7.0
2020/21,2021-04-11,West Ham,Leicester,1.4,1.7,1.8,1.6,5,10,6.0,1.4,1.7,1.8,1.4,5,10,8.0
2020/21,2021-04-12,Brighton,Everton,1.2,1.4,1.4,1.2,5,10,8.0,1.4,1.4,0.8,1.0,5,10,7.0
2020/21,2021-04-12,West Brom,Southampton,1.4,1.0,1.2,0.8,5,10,9.0,1.2,0.7,1.6,2.0,5,10,8.0
2020/21,2021-04-16,Everton,Tottenham,1.0,1.2,0.6,1.0,5,10,4.0,1.4,1.6,2.0,1.6,5,10,5.0
2020/21,2021-04-17,Newcastle,West Ham,1.2,1.0,1.0,1.4,5,10,6.0,2.0,2.0,2.2,1.6,5,10,6.0
2020/21,2021-04-17,Wolves,Sheffield United,0.8,1.5,0.8,1.6,5,10,8.0,0.6,0.6,0.4,2.4,5,10,6.0
2020/21,2021-04-18,Arsenal,Fulham,1.6,1.4,1.8,1.6,5,10,7.0,0.6,1.1,0.6,1.8,5,10,9.0
2020/21,2021-04-18,Man United,Burnley,2.6,2.2,1.6,0.4,5,10,7.0,1.0,1.1,1.4,1.6,5,10,7.0
2020/21,2021-04-19,Leeds,Liverpool,2.0,1.6,1.2,1.0,5,10,9.0,1.8,1.2,1.2,0.6,5,10,9.0
2020/21,2021-04-20,Chelsea,Brighton,2.0,2.1,1.8,1.2,5,10,10.0,1.4,1.2,1.4,1.0,5,10,8.0
2020/21,2021-04-21,Aston Villa,Man City,1.0,1.2,1.0,1.2,5,10,11.0,1.8,2.4,2.2,1.2,5,10,11.0
2020/21,2021-04-21,Tottenham,Southampton,1.0,1.4,1.6,1.8,5,10,5.0,1.2,0.7,1.6,2.4,5,10,9.0
2020/21,2021-04-22,Leicester,West Brom,1.4,1.7,2.0,1.4,5,10,11.0,1.4,1.2,1.6,0.8,5,10,10.0
2020/21,2021-04-23,Arsenal,Everton,1.6,1.5,1.8,1.6,5,10,5.0,0.6,1.2,0.8,1.4,5,10,7.0
2020/21,2021-04-24,Liverpool,Newcastle,2.0,1.3,1.4,0.6,5,10,5.0,1.6,1.3,1.6,1.8,5,10,7.0
2020/21,2021-04-24,Sheffield United,Brighton,0.0,0.3,0.2,2.6,5,10,7.0,1.6,1.0,1.2,0.6,5,10,4.0
2020/21,2021-04-24,West Ham,Chelsea,1.4,1.7,2.2,2.2,5,10,7.0,1.6,1.9,1.6,1.2,5,10,4.0
2020/21,2021-04-25,Aston Villa,West Brom,0.8,0.9,1.2,1.6,5,10,4.0,1.4,1.2,1.6,1.2,5,10,3.0
2020/21,2021-04-25,Leeds,Man United,2.2,1.4,1.4,0.8,5,10,6.0,3.0,2.2,2.2,0.6,5,10,7.0
2020/21,2021-04-25,Wolves,Burnley,1.4,1.5,0.8,0.8,5,10,8.0,0.8,1.0,1.4,2.0,5,10,7.0
2020/21,2021-04-26,Leicester,Crystal Palace,1.8,1.7,2.4,1.2,5,10,4.0,1.0,1.2,0.8,1.8,5,10,16.0
2020/21,2021-04-30,Southampton,Leicester,0.6,0.7,1.4,2.8,5,10,9.0,1.8,1.9,2.4,1.2,5,10,4.0
2020/21,2021-05-01,Brighton,Leeds,1.0,0.9,0.8,0.6,5,10,7.0,2.2,1.5,1.4,0.8,5,10,6.0
2020/21,2021-05-01,Chelsea,Fulham,1.6,1.9,1.4,1.2,5,10,7.0,0.2,0.9,0.6,2.0,5,10,13.0
2020/21,2021-05-01,Crystal Palace,Man City,0.8,0.9,1.0,2.2,5,10,5.0,2.4,2.4,2.6,1.0,5,10,10.0
2020/21,2021-05-01,Everton,Aston Villa,1.2,1.5,1.0,1.0,5,10,8.0,0.8,0.9,1.4,1.8,5,10,6.0
2020/21,2021-05-02,Newcastle,Arsenal,1.6,1.1,1.6,1.8,5,10,8.0,1.0,1.5,1.4,1.6,5,10,9.0
2020/21,2021-05-02,Tottenham,Sheffield United,1.6,1.7,1.8,1.6,5,10,11.0,0.6,0.6,0.4,2.2,5,10,8.0
2020/21,2021-05-03,Burnley,West Ham,1.2,1.0,2.0,1.8,5,10,8.0,1.4,1.6,2.2,2.2,5,10,9.0
2020/21,2021-05-03,West Brom,Wolves,1.4,1.3,2.0,1.6,5,10,8.0,1.2,1.4,0.8,1.6,5,10,8.0
2020/21,2021-05-07,Leicester,Newcastle,1.4,1.7,1.6,1.4,5,10,7.0,1.6,1.1,1.6,1.6,5,10,5.0
2020/21,2021-05-08,Leeds,Tottenham,1.6,1.5,1.0,1.0,5,10,7.0,1.6,2.0,2.2,1.6,5,10,6.0
2020/21,2021-05-08,Liverpool,Southampton,2.2,1.4,1.6,0.6,5,10,14.0,0.8,0.8,1.2,2.0,5,10,8.0
2020/21,2021-05-08,Man City,Chelsea,2.4,2.4,2.0,0.6,5,10,7.0,2.0,1.9,1.8,1.2,5,10,7.0
2020/21,2021-05-08,Sheffield United,Crystal Palace,0.6,0.6,0.4,2.0,5,10,6.0,0.8,0.9,0.8,1.8,5,10,7.0
2020/21,2021-05-09,Arsenal,West Brom,1.4,1.5,1.2,1.0,5,10,7.0,1.6,1.3,2.2,1.6,5,10,6.0
2020/21,2021-05-09,Aston Villa,Man United,1.4,1.2,1.8,1.6,5,10,8.0,2.6,2.2,1.8,0.6,5,10,14.0
2020/21,2021-05-09,West Ham,Everton,1.8,1.6,2.0,1.8,5,10,6.0,1.2,1.5,1.0,1.0,5,10,8.0
2020/21,2021-05-09,Wolves,Brighton,1.4,1.2,1.0,1.6,5,10,6.0,1.0,1.1,0.6,0.6,5,10,8.0
2020/21,2021-05-10,Fulham,Burnley,0.2,0.8,0.6,1.8,5,10,9.0,0.6,0.9,1.8,2.0,5,10,7.0
2020/21,2021-05-11,Man United,Leicester,2.6,2.4,2.2,0.8,5,10,2.0,1.4,1.4,2.0,1.8,5,10,4.0
2020/21,2021-05-11,Southampton,Crystal Palace,0.8,0.7,1.0,2.0,5,10,3.0,0.8,1.2,1.0,1.8,5,10,3.0
2020/21,2021-05-12,Chelsea,Arsenal,2.6,2.1,1.8,0.4,5,10,4.0,2.0,1.8,1.8,0.6,5,10,3.0
2020/21,2021-05-13,Aston Villa,Everton,0.8,0.9,1.4,2.0,5,10,4.0,1.6,1.5,1.0,0.8,5,10,4.0
2020/21,2021-05-13,Man United,Liverpool,2.0,2.1,2.0,1.0,5,10,2.0,2.2,1.7,1.8,0.6,5,10,5.0
2020/21,2021-05-14,Newcastle,Man City,2.0,1.4,2.0,1.6,5,10,7.0,1.8,2.1,1.6,1.0,5,10,6.0
2020/21,2021-05-15,Brighton,West Ham,1.0,1.1,0.6,0.6,5,10,6.0,1.2,1.3,1.4,1.6,5,10,6.0
2020/21,2021-05-15,Burnley,Leeds,1.2,1.1,1.8,1.4,5,10,5.0,1.6,1.5,1.2,1.0,5,10,7.0
2020/21,2021-05-15,Southampton,Fulham,0.8,1.0,1.0,1.8,5,10,4.0,0.2,0.5,0.4,1.8,5,10,5.0
2020/21,2021-05-16,Crystal Palace,Aston Villa,0.6,0.9,1.0,2.2,5,10,5.0,1.0,1.0,1.2,1.6,5,10,3.0
2020/21,2021-05-16,Everton,Sheffield United,1.6,1.3,1.0,0.8,5,10,3.0,0.6,0.6,0.2,2.0,5,10,8.0
2020/21,2021-05-16,Tottenham,Wolves,1.4,1.7,2.0,1.8,5,10,8.0,2.0,1.2,1.0,1.2,5,10,7.0
2020/21,2021-05-16,West Brom,Liverpool,1.0,1.2,1.4,1.8,5,10,7.0,2.2,2.0,2.0,1.0,5,10,3.0
2020/21,2021-05-18,Brighton,Man City,1.0,1.2,0.8,0.8,5,10,3.0,1.8,2.1,2.0,1.6,5,10,4.0
2020/21,2021-05-18,Chelsea,Leicester,2.0,2.0,1.0,0.4,5,10,6.0,2.0,1.7,2.0,1.4,5,10,7.0
2020/21,2021-05-18,Man United,Fulham,1.4,2.0,1.8,1.6,5,10,5.0,0.2,0.4,0.4,1.8,5,10,3.0
2020/21,2021-05-18,Southampton,Leeds,1.4,1.3,1.6,1.4,5,10,3.0,1.6,1.8,1.6,0.8,5,10,3.0
2020/21,2021-05-19,Burnley,Liverpool,1.2,1.1,1.6,1.8,5,10,4.0,2.2,2.0,2.0,1.0,5,10,3.0
2020/21,2021-05-19,Crystal Palace,Arsenal,1.2,1.1,1.4,1.8,5,10,3.0,2.0,1.8,1.4,0.6,5,10,7.0
2020/21,2021-05-19,Everton,Wolves,1.4,1.0,0.6,0.6,5,10,3.0,1.4,1.1,0.8,1.6,5,10,3.0
2020/21,2021-05-19,Newcastle,Sheffield United,1.4,1.3,2.2,2.2,5,10,5.0,1.2,0.9,0.4,1.4,5,10,3.0
2020/21,2021-05-19,Tottenham,Aston Villa,2.0,1.7,2.2,1.2,5,10,3.0,1.0,0.9,1.4,1.8,5,10,3.0
2020/21,2021-05-19,West Brom,West Ham,0.4,0.9,1.0,2.2,5,10,3.0,0.8,1.4,1.0,1.4,5,10,4.0
2020/21,2021-05-23,Arsenal,Brighton,2.4,2.0,1.8,0.6,5,10,4.0,1.4,1.5,1.4,1.2,5,10,5.0
2020/21,2021-05-23,Aston Villa,Chelsea,1.4,1.1,1.4,1.6,5,10,4.0,2.4,2.0,1.4,0.6,5,10,5.0
2020/21,2021-05-23,Fulham,Newcastle,0.4,0.5,0.6,1.8,5,10,5.0,1.4,1.5,1.8,1.8,5,10,4.0
2020/21,2021-05-23,Leeds,West Brom,2.0,2.1,1.8,0.6,5,10,5.0,0.4,0.9,1.2,2.2,5,10,4.0
2020/21,2021-05-23,Leicester,Tottenham,1.4,1.6,1.6,1.8,5,10,5.0,1.8,1.4,2.0,1.2,5,10,4.0
2020/21,2021-05-23,Liverpool,Crystal Palace,2.6,2.3,2.4,0.8,5,10,4.0,1.2,1.0,1.4,2.0,5,10,4.0
2020/21,2021-05-23,Man City,Everton,1.8,1.8,2.2,1.8,5,10,5.0,1.4,1.3,0.6,0.6,5,10,4.0
2020/21,2021-05-23,Sheffield United,Burnley,1.2,0.6,0.4,1.4,5,10,4.0,1.2,1.0,1.4,1.8,5,10,4.0
2020/21,2021-05-23,West Ham,Southampton,1.4,1.4,1.2,1.0,5,10,4.0,1.4,1.0,1.4,1.4,5,10,5.0
2020/21,2021-05-23,Wolves,Man United,0.8,1.1,0.6,1.8,5,10,4.0,1.0,2.0,1.4,1.6,5,10,5.0
2021/22,2021-08-13,Brentford,Arsenal,,,,,0,0,,3.0,2.0,2.2,0.4,5,10,60.0
2021/22,2021-08-14,Burnley,Brighton,0.6,0.9,0.6,2.0,5,10,60.0,1.4,1.2,1.4,1.4,5,10,60.0
2021/22,2021-08-14,Chelsea,Crystal Palace,1.8,1.7,1.4,1.0,5,10,60.0,1.2,1.0,1.4,2.0,5,10,60.0
2021/22,2021-08-14,Everton,Southampton,1.4,1.3,0.4,1.2,5,10,60.0,1.2,1.0,1.2,1.8,5,10,60.0
2021/22,2021-08-14,Leicester,Wolves,0.8,1.3,1.6,2.4,5,10,60.0,0.8,1.0,0.8,1.4,5,10,60.0
2021/22,2021-08-14,Man United,Leeds,1.4,2.0,1.8,1.8,5,10,60.0,2.4,2.3,2.4,0.8,5,10,60.0
2021/22,2021-08-14,Norwich,Liverpool,,,,,0,0,,3.0,2.6,2.6,0.6,5,10,60.0
2021/22,2021-08-14,Watford,Aston Villa,,,,,0,0,,1.4,1.4,1.4,1.6,5,10,60.0
2021/22,2021-08-15,Newcastle,West Ham,1.8,1.7,2.0,1.6,5,10,60.0,2.0,1.7,1.8,0.8,5,10,60.0
2021/22,2021-08-15,Tottenham,Man City,1.8,1.7,2.4,1.4,5,10,60.0,1.8,2.1,2.8,1.6,5,10,60.0
2021/22,2021-08-21,Aston Villa,Newcastle,1.4,1.1,1.6,1.6,5,10,7.0,1.8,1.7,2.4,2.0,5,10,6.0
2021/22,2021-08-21,Brighton,Watford,1.4,1.2,1.4,1.6,5,10,7.0,3.0,3.0,3.0,2.0,1,1,7.0
2021/22,2021-08-21,Crystal Palace,Brentford,0.6,0.7,1.0,2.6,5,10,7.0,3.0,3.0,2.0,0.0,1,1,8.0
2021/22,2021-08-21,Leeds,Everton,2.4,2.0,2.6,1.4,5,10,7.0,1.4,1.5,0.8,1.4,5,10,7.0
2021/22,2021-08-21,Liverpool,Burnley,3.0,2.6,2.8,0.6,5,10,7.0,0.6,0.6,0.6,2.0,5,10,7.0
2021/22,2021-08-21,Man City,Norwich,1.2,1.8,2.4,1.8,5,10,6.0,0.0,0.0,0.0,3.0,1,1,7.0
2021/22,2021-08-22,Arsenal,Chelsea,2.4,1.9,1.8,0.8,5,10,9.0,1.8,1.9,1.6,1.0,5,10,8.0
2021/22,2021-08-22,Southampton,Man United,1.2,1.0,1.4,2.0,5,10,8.0,1.4,2.0,2.2,1.8,5,10,8.0
2021/22,2021-08-22,Wolves,Tottenham,0.6,1.0,0.6,1.4,5,10,8.0,1.8,1.7,1.8,1.4,5,10,7.0
2021/22,2021-08-23,West Ham,Leicester,2.0,1.9,2.2,1.0,5,10,8.0,1.2,1.3,1.6,2.2,5,10,9.0
2021/22,2021-08-28,Aston Villa,Brentford,1.8,1.4,2.0,1.6,5,10,7.0,2.0,2.0,1.0,0.0,2,2,7.0
2021/22,2021-08-28,Brighton,Everton,2.0,1.5,1.6,1.2,5,10,7.0,1.4,1.5,1.2,1.8,5,10,7.0
2021/22,2021-08-28,Liverpool,Chelsea,3.0,2.6,2.4,0.2,5,10,7.0,1.8,2.2,1.6,0.8,5,10,6.0
2021/22,2021-08-28,Man City,Arsenal,1.8,1.8,3.2,1.4,5,10,7.0,1.8,1.9,1.2,1.0,5,10,6.0
2021/22,2021-08-28,Newcastle,Southampton,1.2,1.6,1.6,2.0,5,10,7.0,0.8,0.8,1.0,2.0,5,10,6.0
2021/22,2021-08-28,Norwich,Leicester,0.0,0.0,0.0,4.0,2,2,7.0,1.2,1.3,1.4,2.2,5,10,5.0
2021/22,2021-08-28,West Ham,Crystal Palace,2.6,1.9,3.0,1.0,5,10,5.0,0.8,0.7,0.8,2.0,5,10,7.0
2021/22,2021-08-29,Burnley,Leeds,0.0,0.6,0.2,2.4,5,10,8.0,2.0,1.8,2.4,1.6,5,10,8.0
2021/22,2021-08-29,Tottenham,Watford,2.4,1.9,1.8,0.8,5,10,7.0,1.5,1.5,1.5,2.0,2,2,8.0
2021/22,2021-08-29,Wolves,Man United,0.0,1.0,0.2,1.4,5,10,7.0,1.6,1.8,2.2,1.6,5,10,7.0
2021/22,2021-09-11,Arsenal,Norwich,1.2,1.6,1.0,2.0,5,10,14.0,0.0,0.0,0.3333333333333333,3.3333333333333335,3,3,14.0
2021/22,2021-09-11,Brentford,Brighton,1.6666666666666667,1.6666666666666667,1.0,0.3333333333333333,3,3,14.0,1.8,1.4,1.4,1.4,5,10,14.0
2021/22,2021-09-11,Chelsea,Aston Villa,2.0,2.0,1.8,0.8,5,10,14.0,2.0,1.5,1.8,1.2,5,10,14.0
2021/22,2021-09-11,Crystal Palace,Tottenham,0.4,0.8,0.6,2.0,5,10,14.0,2.4,2.2,1.6,0.8,5,10,13.0
2021/22,2021-09-11,Leicester,Man City,1.2,1.6,1.4,2.2,5,10,14.0,1.8,1.8,3.4,0.8,5,10,14.0
2021/22,2021-09-11,Man United,Newcastle,2.2,1.8,2.0,0.8,5,10,13.0,1.4,1.4,1.4,1.6,5,10,14.0
2021/22,2021-09-11,Southampton,West Ham,0.4,0.9,0.8,2.2,5,10,14.0,2.6,1.7,3.2,1.2,5,10,14.0
2021/22,2021-09-11,Watford,Wolves,1.0,1.0,1.0,1.6666666666666667,3,3,13.0,0.0,0.7,0.2,1.2,5,10,13.0
2021/22,2021-09-12,Leeds,Liverpool,1.6,1.6,1.8,1.8,5,10,14.0,2.6,2.4,2.2,0.2,5,10,15.0
2021/22,2021-09-13,Everton,Burnley,2.0,1.7,1.6,1.6,5,10,16.0,0.2,0.7,0.4,1.8,5,10,15.0
2021/22,2021-09-17,Newcastle,Leeds,0.8,1.1,1.4,2.4,5,10,6.0,1.0,1.5,1.4,2.4,5,10,5.0
2021/22,2021-09-18,Aston Villa,Everton,1.4,1.4,1.4,1.6,5,10,7.0,2.0,1.7,2.0,1.8,5,10,5.0
2021/22,2021-09-18,Burnley,Arsenal,0.2,0.7,0.6,1.8,5,10,5.0,1.2,1.8,0.6,1.8,5,10,7.0
2021/22,2021-09-18,Liverpool,Crystal Palace,2.6,2.6,2.2,0.2,5,10,6.0,1.0,1.1,1.0,1.4,5,10,7.0
2021/22,2021-09-18,Man City,Southampton,2.4,2.1,3.2,0.2,5,10,7.0,0.6,1.0,0.8,1.8,5,10,7.0
2021/22,2021-09-18,Norwich,Watford,0.0,0.0,0.25,2.75,4,4,7.0,0.75,0.75,0.75,1.75,4,4,7.0
2021/22,2021-09-18,Wolves,Brentford,0.6,0.7,0.6,1.0,5,10,7.0,1.25,1.25,0.75,0.5,4,4,7.0
2021/22,2021-09-19,Brighton,Leicester,1.8,1.6,1.0,1.0,5,10,8.0,1.2,1.3,1.2,2.0,5,10,8.0
2021/22,2021-09-19,Tottenham,Chelsea,2.4,2.1,1.4,1.0,5,10,8.0,2.0,2.2,2.0,0.6,5,10,8.0
2021/22,2021-09-19,West Ham,Man United,2.2,1.8,2.6,1.0,5,10,8.0,2.6,1.8,2.6,0.8,5,10,8.0
2021/22,2021-09-25,Brentford,Liverpool,1.6,1.6,1.0,0.4,5,5,7.0,2.6,2.8,2.4,0.2,5,10,7.0
2021/22,2021-09-25,Chelsea,Man City,2.6,2.2,2.4,0.2,5,10,6.0,2.0,1.9,2.2,0.2,5,10,7.0
2021/22,2021-09-25,Everton,Norwich,2.0,1.7,2.0,1.4,5,10,7.0,0.0,0.0,0.4,2.8,5,5,7.0
2021/22,2021-09-25,Leeds,West Ham,0.6,1.5,1.0,2.4,5,10,8.0,1.6,1.8,2.2,1.4,5,10,6.0
2021/22,2021-09-25,Leicester,Burnley,1.2,1.0,1.0,1.6,5,10,6.0,0.2,0.4,0.6,1.8,5,10,7.0
2021/22,2021-09-25,Man United,Aston Villa,2.6,2.0,2.6,0.8,5,10,6.0,1.4,1.4,1.6,1.4,5,10,7.0
2021/22,2021-09-25,Watford,Newcastle,1.2,1.2,1.2,1.6,5,5,7.0,0.4,1.1,1.2,2.6,5,10,8.0
2021/22,2021-09-26,Arsenal,Tottenham,1.2,2.1,0.4,1.8,5,10,8.0,1.8,1.8,0.6,1.2,5,10,7.0
2021/22,2021-09-26,Southampton,Wolves,0.8,1.0,0.8,1.2,5,10,8.0,0.6,0.7,0.4,1.0,5,10,8.0
2021/22,2021-09-27,Crystal Palace,Brighton,1.0,1.1,1.0,1.6,5,10,9.0,2.4,1.9,1.4,0.8,5,10,8.0
2021/22,2021-10-02,Brighton,Arsenal,2.0,1.7,1.2,0.8,5,10,5.0,1.8,2.1,1.0,1.6,5,10,6.0
2021/22,2021-10-02,Burnley,Norwich,0.4,0.5,0.8,1.8,5,10,7.0,0.0,0.0,0.4,2.6,5,6,7.0
2021/22,2021-10-02,Chelsea,Southampton,2.0,1.9,1.8,0.4,5,10,7.0,0.8,1.0,0.6,0.8,5,10,6.0
2021/22,2021-10-02,Leeds,Watford,0.6,1.5,1.0,1.8,5,10,7.0,0.8,1.1666666666666667,0.8,1.4,5,6,7.0
2021/22,2021-10-02,Man United,Everton,2.0,1.7,1.6,0.8,5,10,7.0,2.0,1.7,1.8,1.2,5,10,7.0
2021/22,2021-10-02,Wolves,Newcastle,1.2,0.9,0.6,0.8,5,10,6.0,0.6,1.2,1.0,2.0,5,10,7.0
2021/22,2021-10-03,Crystal Palace,Leicester,1.2,0.9,1.2,1.2,5,10,6.0,0.8,1.0,1.2,2.0,5,10,8.0
2021/22,2021-10-03,Liverpool,Man City,2.2,2.6,2.4,0.8,5,10,8.0,2.6,1.9,2.4,0.0,5,10,8.0
2021/22,2021-10-03,Tottenham,Aston Villa,1.2,1.5,0.6,1.8,5,10,7.0,2.0,1.7,1.4,0.8,5,10,8.0
2021/22,2021-10-03,West Ham,Brentford,1.6,1.8,1.8,1.2,5,10,8.0,1.2,1.5,1.2,1.0,5,6,8.0
2021/22,2021-10-16,Aston Villa,Wolves,1.4,1.6,1.2,1.2,5,10,13.0,1.8,0.9,1.0,0.8,5,10,14.0
2021/22,2021-10-16,Brentford,Chelsea,1.6,1.7142857142857142,1.6,1.2,5,7,13.0,2.0,1.9,2.0,0.6,5,10,14.0
2021/22,2021-10-16,Leicester,Man United,1.0,1.1,1.4,1.6,5,10,13.0,2.0,1.8,1.6,0.8,5,10,14.0
2021/22,2021-10-16,Man City,Burnley,2.2,2.0,1.8,0.4,5,10,13.0,0.6,0.3,0.8,1.4,5,10,14.0
2021/22,2021-10-16,Norwich,Brighton,0.2,0.14285714285714285,0.4,1.6,5,7,14.0,1.6,1.8,0.8,0.8,5,10,14.0
2021/22,2021-10-16,Southampton,Leeds,0.6,0.7,0.6,1.2,5,10,14.0,1.0,1.5,0.8,1.4,5,10,14.0
2021/22,2021-10-16,Watford,Liverpool,0.8,1.0,0.8,1.2,5,7,14.0,1.8,2.4,2.4,1.2,5,10,13.0
2021/22,2021-10-17,Everton,West Ham,2.0,1.7,1.6,1.0,5,10,15.0,1.0,1.8,1.2,1.4,5,10,14.0
2021/22,2021-10-17,Newcastle,Tottenham,0.6,0.9,1.2,2.0,5,10,15.0,1.2,1.8,0.8,2.0,5,10,14.0
2021/22,2021-10-18,Arsenal,Crystal Palace,2.0,1.9,1.0,1.2,5,10,16.0,1.2,1.0,1.6,1.6,5,10,15.0
2021/22,2021-10-22,Arsenal,Aston Villa,2.2,1.7,1.4,0.6,5,10,4.0,1.2,1.6,1.4,1.6,5,10,6.0
2021/22,2021-10-23,Brighton,Man City,1.8,1.8,0.8,0.4,5,10,7.0,2.2,2.0,1.2,0.4,5,10,7.0
2021/22,2021-10-23,Chelsea,Norwich,2.4,2.2,2.0,0.4,5,10,7.0,0.4,0.25,0.2,1.2,5,8,7.0
2021/22,2021-10-23,Crystal Palace,Newcastle,1.2,0.8,1.6,1.6,5,10,5.0,0.4,0.9,1.2,2.2,5,10,6.0
2021/22,2021-10-23,Everton,Watford,1.4,1.7,1.2,1.2,5,10,6.0,0.8,0.875,0.8,2.0,5,8,7.0
2021/22,2021-10-23,Leeds,Wolves,0.8,1.2,0.6,1.4,5,10,7.0,2.4,1.2,1.6,1.0,5,10,7.0
2021/22,2021-10-23,Southampton,Burnley,1.0,0.7,0.4,0.8,5,10,7.0,0.4,0.3,0.6,1.6,5,10,7.0
2021/22,2021-10-24,Brentford,Leicester,1.4,1.5,1.4,1.2,5,8,8.0,1.0,1.1,1.8,1.8,5,10,8.0
2021/22,2021-10-24,Man United,Liverpool,1.4,1.8,1.8,1.6,5,10,8.0,2.2,2.4,3.2,1.0,5,10,8.0
2021/22,2021-10-24,West Ham,Tottenham,1.4,2.0,1.0,1.0,5,10,7.0,1.2,1.8,1.2,2.4,5,10,7.0
2021/22,2021-10-30,Burnley,Brentford,0.6,0.4,0.8,1.4,5,10,7.0,1.4,1.3333333333333333,1.6,1.4,5,9,6.0
2021/22,2021-10-30,Leicester,Arsenal,1.6,1.4,2.2,1.8,5,10,6.0,2.2,1.7,1.8,0.8,5,10,8.0
2021/22,2021-10-30,Liverpool,Brighton,2.2,2.4,3.6,1.0,5,10,6.0,1.2,1.5,0.8,1.2,5,10,7.0
2021/22,2021-10-30,Man City,Crystal Palace,2.2,2.3,1.8,0.6,5,10,7.0,0.8,0.9,1.2,1.8,5,10,7.0
2021/22,2021-10-30,Newcastle,Chelsea,0.6,0.7,1.2,1.6,5,10,7.0,2.4,2.2,2.8,0.4,5,10,7.0
2021/22,2021-10-30,Tottenham,Man United,1.2,1.8,1.2,2.0,5,10,6.0,0.8,1.7,1.0,2.4,5,10,6.0
2021/22,2021-10-30,Watford,Southampton,1.4,1.1111111111111112,1.8,2.0,5,9,7.0,1.0,0.8,0.8,1.2,5,10,7.0
2021/22,2021-10-31,Aston Villa,West Ham,1.2,1.3,1.6,1.6,5,10,9.0,1.8,2.0,1.2,1.0,5,10,7.0
2021/22,2021-10-31,Norwich,Leeds,0.4,0.2222222222222222,0.2,2.4,5,9,8.0,1.0,1.0,0.8,1.0,5,10,8.0
2021/22,2021-11-01,Wolves,Everton,2.0,1.3,1.4,1.2,5,10,9.0,0.8,1.4,1.0,2.0,5,10,9.0
2021/22,2021-11-05,Southampton,Aston Villa,1.4,1.1,1.0,1.2,5,10,6.0,0.6,1.0,1.2,2.4,5,10,5.0
2021/22,2021-11-06,Brentford,Norwich,0.8,1.2,1.4,2.0,5,10,7.0,0.4,0.2,0.2,2.2,5,10,6.0
2021/22,2021-11-06,Brighton,Newcastle,0.8,1.6,0.8,1.4,5,10,7.0,0.4,0.4,1.0,2.0,5,10,7.0
2021/22,2021-11-06,Chelsea,Burnley,2.4,2.5,2.8,0.4,5,10,7.0,1.2,0.7,1.4,1.4,5,10,7.0
2021/22,2021-11-06,Crystal Palace,Wolves,1.4,1.2,1.6,1.2,5,10,7.0,2.6,1.6,1.8,1.0,5,10,5.0
2021/22,2021-11-06,Man United,Man City,0.8,1.7,1.2,2.2,5,10,7.0,2.0,2.0,1.8,1.0,5,10,7.0
2021/22,2021-11-07,Arsenal,Watford,2.2,1.7,2.0,0.8,5,10,8.0,0.8,1.0,1.2,2.0,5,10,8.0
2021/22,2021-11-07,Everton,Tottenham,0.8,1.4,1.2,1.8,5,10,6.0,1.2,1.5,1.2,2.0,5,10,8.0
2021/22,2021-11-07,Leeds,Leicester,1.4,1.0,1.0,1.0,5,10,7.0,1.6,1.4,2.0,1.8,5,10,8.0
2021/22,2021-11-07,West Ham,Liverpool,2.4,2.0,1.8,0.8,5,10,7.0,1.8,2.2,3.4,1.4,5,10,8.0
2021/22,2021-11-20,Aston Villa,Brighton,0.0,1.0,1.0,2.6,5,10,15.0,0.8,1.4,0.8,1.4,5,10,14.0
2021/22,2021-11-20,Burnley,Crystal Palace,1.2,0.8,1.2,1.2,5,10,14.0,1.8,1.5,1.8,1.0,5,10,14.0
2021/22,2021-11-20,Leicester,Chelsea,1.6,1.2,1.8,1.6,5,10,13.0,2.6,2.3,3.0,0.4,5,10,14.0
2021/22,2021-11-20,Liverpool,Arsenal,1.6,1.9,3.2,1.4,5,10,13.0,2.2,2.0,1.6,0.6,5,10,13.0
2021/22,2021-11-20,Newcastle,Brentford,0.4,0.5,1.0,2.0,5,10,14.0,0.6,0.9,1.0,1.8,5,10,14.0
2021/22,2021-11-20,Norwich,Southampton,1.0,0.5,0.6,2.0,5,10,14.0,2.0,1.4,1.2,1.0,5,10,15.0
2021/22,2021-11-20,Watford,Man United,0.6,0.7,1.0,2.0,5,10,13.0,0.8,1.4,1.2,2.4,5,10,14.0
2021/22,2021-11-20,Wolves,West Ham,2.0,1.6,1.6,1.4,5,10,14.0,2.4,2.0,2.0,1.0,5,10,13.0
2021/22,2021-11-21,Man City,Everton,2.0,2.3,2.0,1.0,5,10,15.0,0.4,1.2,0.8,1.8,5,10,14.0
2021/22,2021-11-21,Tottenham,Leeds,1.4,1.3,1.0,1.4,5,10,14.0,1.6,1.1,1.0,0.8,5,10,14.0
2021/22,2021-11-27,Arsenal,Newcastle,2.0,2.0,1.6,1.4,5,10,7.0,0.6,0.6,1.4,2.2,5,10,7.0
2021/22,2021-11-27,Brighton,Leeds,0.6,1.1,0.8,1.8,5,10,7.0,1.0,1.0,1.0,1.2,5,10,6.0
2021/22,2021-11-27,Crystal Palace,Aston Villa,1.8,1.5,2.0,1.2,5,10,7.0,0.6,1.0,1.2,2.2,5,10,7.0
2021/22,2021-11-27,Liverpool,Southampton,2.0,1.9,3.6,1.0,5,10,7.0,2.0,1.3,1.2,0.8,5,10,7.0
2021/22,2021-11-27,Norwich,Wolves,1.4,0.8,1.0,2.2,5,10,7.0,2.0,1.9,1.4,1.2,5,10,7.0
2021/22,2021-11-28,Brentford,Everton,0.2,0.9,1.2,2.2,5,10,8.0,0.2,1.1,0.6,2.2,5,10,7.0
2021/22,2021-11-28,Chelsea,Man United,2.6,2.3,3.0,0.2,5,10,8.0,0.6,1.3,1.2,3.0,5,10,8.0
2021/22,2021-11-28,Leicester,Watford,1.4,1.2,1.4,1.8,5,10,8.0,1.2,1.0,1.8,2.0,5,10,8.0
2021/22,2021-11-28,Man City,West Ham,2.4,2.3,2.2,0.6,5,10,7.0,2.4,1.7,1.8,0.8,5,10,8.0
2021/22,2021-11-30,Leeds,Crystal Palace,1.2,1.0,1.0,1.0,5,10,3.0,1.6,1.4,1.8,1.2,5,10,3.0
2021/22,2021-11-30,Newcastle,Norwich,0.6,0.5,1.0,2.0,5,10,3.0,1.4,0.9,1.0,2.2,5,10,3.0
2021/22,2021-12-01,Aston Villa,Man City,1.2,1.2,1.2,1.8,5,10,4.0,2.4,2.3,2.2,0.8,5,10,3.0
2021/22,2021-12-01,Everton,Liverpool,0.2,0.8,0.6,2.2,5,10,3.0,2.0,2.1,3.4,1.0,5,10,4.0
2021/22,2021-12-01,Southampton,Leicester,1.4,1.2,1.0,1.6,5,10,4.0,1.4,1.2,1.4,1.8,5,10,3.0
2021/22,2021-12-01,Watford,Chelsea,1.2,1.0,2.2,1.8,5,10,3.0,2.2,2.3,3.0,0.4,5,10,3.0
2021/22,2021-12-01,West Ham,Brighton,1.8,1.6,1.8,1.2,5,10,3.0,0.6,1.2,0.8,1.8,5,10,4.0
2021/22,2021-12-01,Wolves,Burnley,1.6,2.0,0.8,0.8,5,10,4.0,1.2,0.9,1.8,1.8,5,10,11.0
2021/22,2021-12-02,Man United,Arsenal,0.8,1.1,1.0,2.4,5,10,4.0,2.4,2.3,1.6,1.0,5,10,5.0
2021/22,2021-12-02,Tottenham,Brentford,1.4,1.3,1.0,1.4,5,10,11.0,0.8,1.1,1.4,2.0,5,10,4.0
2021/22,2021-12-04,Newcastle,Burnley,0.6,0.6,1.0,2.0,5,10,4.0,1.4,0.9,1.8,1.4,5,10,3.0
2021/22,2021-12-04,Southampton,Brighton,1.4,1.2,1.0,1.6,5,10,3.0,0.8,1.0,0.8,1.2,5,10,3.0
2021/22,2021-12-04,Watford,Man City,0.6,1.0,1.4,1.8,5,10,3.0,2.4,2.3,1.8,0.8,5,10,3.0
2021/22,2021-12-04,West Ham,Chelsea,1.4,1.6,1.8,1.4,5,10,3.0,2.2,2.3,2.0,0.6,5,10,3.0
2021/22,2021-12-04,Wolves,Liverpool,1.6,1.8,0.6,0.6,5,10,3.0,2.0,2.1,3.2,1.2,5,10,3.0
2021/22,2021-12-05,Aston Villa,Leicester,1.2,1.2,1.2,1.6,5,10,4.0,1.0,1.3,1.4,2.0,5,10,4.0
2021/22,2021-12-05,Leeds,Brentford,1.6,1.3,1.0,0.8,5,10,5.0,0.8,1.1,1.2,2.0,5,10,3.0
2021/22,2021-12-05,Man United,Crystal Palace,1.4,1.1,1.6,1.8,5,10,3.0,1.4,1.1,1.6,1.2,5,10,5.0
2021/22,2021-12-05,Tottenham,Norwich,1.4,1.3,0.8,1.0,5,10,3.0,1.6,1.0,1.2,1.0,5,10,5.0
2021/22,2021-12-06,Everton,Arsenal,0.2,0.5,0.4,2.0,5,10,5.0,1.8,2.0,1.4,1.4,5,10,4.0
2021/22,2021-12-10,Brentford,Watford,1.0,0.9,1.4,1.8,5,10,5.0,0.6,0.7,1.6,2.2,5,10,6.0
2021/22,2021-12-11,Arsenal,Southampton,1.2,1.7,1.2,1.8,5,10,5.0,1.0,1.2,1.0,1.8,5,10,7.0
2021/22,2021-12-11,Chelsea,Leeds,1.6,2.0,1.8,1.2,5,10,7.0,1.2,1.3,1.0,1.0,5,10,6.0
2021/22,2021-12-11,Liverpool,Aston Villa,2.4,2.1,3.0,0.8,5,10,7.0,1.8,1.2,1.4,1.0,5,10,6.0
2021/22,2021-12-11,Man City,Wolves,3.0,2.5,2.4,0.6,5,10,7.0,1.0,1.8,0.2,0.6,5,10,7.0
2021/22,2021-12-11,Norwich,Man United,1.6,1.0,1.0,1.2,5,10,6.0,1.4,1.1,1.2,1.8,5,10,6.0
2021/22,2021-12-12,Burnley,West Ham,1.2,0.9,1.4,1.2,5,10,8.0,1.4,1.9,1.6,1.6,5,10,8.0
2021/22,2021-12-12,Crystal Palace,Everton,0.8,1.1,1.2,1.4,5,10,7.0,0.8,0.8,0.6,1.8,5,10,6.0
2021/22,2021-12-12,Leicester,Newcastle,1.0,1.3,1.6,2.0,5,10,7.0,1.2,0.8,1.2,1.4,5,10,8.0
2021/22,2021-12-14,Man City,Leeds,3.0,2.5,2.2,0.6,5,10,3.0,1.0,1.3,1.2,1.4,5,10,3.0
2021/22,2021-12-14,Norwich,Aston Villa,1.0,1.0,0.6,1.2,5,10,3.0,1.8,0.9,1.4,1.0,5,10,3.0
2021/22,2021-12-15,Arsenal,West Ham,1.2,1.7,1.6,1.8,5,10,4.0,1.0,1.7,1.0,1.2,5,10,3.0
2021/22,2021-12-15,Brighton,Wolves,0.8,0.8,0.6,1.0,5,10,11.0,1.0,1.5,0.2,0.4,5,10,4.0
2021/22,2021-12-15,Crystal Palace,Southampton,0.8,1.3,1.4,1.6,5,10,3.0,0.4,1.2,0.8,2.4,5,10,4.0
2021/22,2021-12-16,Chelsea,Everton,2.0,2.3,2.2,1.4,5,10,5.0,0.6,0.5,0.8,2.4,5,10,4.0
2021/22,2021-12-16,Liverpool,Newcastle,3.0,2.3,2.8,0.2,5,10,5.0,1.0,0.7,1.0,2.0,5,10,4.0
2021/22,2021-12-18,Leeds,Arsenal,1.0,1.0,1.0,2.4,5,10,4.0,1.8,1.9,2.0,1.0,5,10,3.0
2021/22,2021-12-19,Newcastle,Man City,0.8,0.7,0.6,2.0,5,10,3.0,3.0,2.7,3.0,0.6,5,10,5.0
2021/22,2021-12-19,Tottenham,Liverpool,2.0,1.6,1.4,0.8,5,10,14.0,3.0,2.5,2.6,0.4,5,10,3.0
2021/22,2021-12-19,Wolves,Chelsea,1.0,1.5,0.2,0.4,5,10,4.0,1.6,2.1,1.8,1.6,5,10,3.0
2021/22,2021-12-26,Aston Villa,Chelsea,1.8,1.2,1.4,1.0,5,10,12.0,1.6,1.9,1.6,1.4,5,10,7.0
2021/22,2021-12-26,Brighton,Brentford,0.6,0.7,0.4,1.0,5,10,11.0,1.6,1.1,1.6,1.6,5,10,16.0
2021/22,2021-12-26,Man City,Leicester,3.0,2.7,3.4,0.4,5,10,7.0,1.4,1.5,2.2,1.8,5,10,14.0
2021/22,2021-12-26,Norwich,Arsenal,0.4,0.9,0.2,1.4,5,10,12.0,1.8,2.1,2.4,1.2,5,10,8.0
2021/22,2021-12-26,Tottenham,Crystal Palace,2.2,1.7,1.8,0.6,5,10,7.0,0.8,1.3,1.2,1.4,5,10,11.0
2021/22,2021-12-26,West Ham,Southampton,1.0,1.7,1.0,1.4,5,10,11.0,0.6,1.3,1.0,2.4,5,10,11.0
2021/22,2021-12-27,Newcastle,Man United,0.8,0.7,0.6,2.4,5,10,8.0,2.0,1.4,1.4,1.4,5,10,16.0
2021/22,2021-12-28,Crystal Palace,Norwich,0.8,1.2,1.0,1.6,5,10,2.0,0.2,0.8,0.2,2.4,5,10,2.0
2021/22,2021-12-28,Leicester,Liverpool,1.4,1.4,2.8,2.4,5,10,2.0,2.6,2.3,2.2,0.8,5,10,9.0
2021/22,2021-12-28,Southampton,Tottenham,1.2,1.3,1.6,2.0,5,10,2.0,2.6,2.0,2.4,0.6,5,10,2.0
2021/22,2021-12-28,Watford,West Ham,0.6,0.6,1.8,2.4,5,10,18.0,1.0,1.4,1.2,1.6,5,10,2.0
2021/22,2021-12-29,Brentford,Man City,1.4,0.8,1.0,1.4,5,10,3.0,3.0,2.7,4.2,0.8,5,10,3.0
2021/22,2021-12-29,Chelsea,Brighton,1.6,1.9,1.8,1.4,5,10,3.0,1.2,0.9,0.8,0.6,5,10,3.0
2021/22,2021-12-30,Man United,Burnley,2.2,1.4,1.4,0.8,5,10,3.0,0.8,1.0,0.8,1.0,5,10,18.0
2021/22,2022-01-01,Arsenal,Man City,2.4,2.1,3.0,0.6,5,10,6.0,3.0,3.0,3.8,0.6,5,10,3.0
2021/22,2022-01-01,Crystal Palace,West Ham,1.4,1.4,1.6,1.4,5,10,4.0,1.4,1.4,1.8,1.6,5,10,4.0
2021/22,2022-01-01,Watford,Tottenham,0.0,0.6,1.2,3.0,5,10,4.0,2.2,1.8,2.2,0.6,5,10,4.0
2021/22,2022-01-02,Brentford,Aston Villa,0.8,0.8,0.8,1.6,5,10,4.0,1.2,1.2,1.2,1.4,5,10,7.0
2021/22,2022-01-02,Chelsea,Liverpool,1.8,1.7,1.6,1.0,5,10,4.0,2.0,2.0,1.4,0.8,5,10,5.0
2021/22,2022-01-02,Everton,Brighton,0.8,0.5,1.0,2.0,5,10,17.0,1.2,0.9,1.0,0.8,5,10,4.0
2021/22,2022-01-02,Leeds,Burnley,0.8,1.0,1.2,3.2,5,10,15.0,0.6,0.9,0.8,1.4,5,10,3.0
2021/22,2022-01-03,Man United,Wolves,2.6,1.7,1.8,0.8,5,10,4.0,1.0,1.3,0.2,0.4,5,10,15.0
2021/22,2022-01-11,Southampton,Brentford,1.2,1.3,1.4,1.8,5,10,14.0,1.4,1.1,1.2,1.4,5,10,9.0
2021/22,2022-01-12,West Ham,Norwich,1.4,1.4,1.8,1.6,5,10,11.0,0.0,0.8,0.0,2.8,5,10,15.0
2021/22,2022-01-14,Brighton,Crystal Palace,1.6,1.2,1.4,1.0,5,10,12.0,1.4,1.1,2.0,1.8,5,10,13.0
2021/22,2022-01-15,Aston Villa,Man United,1.2,1.2,1.2,1.4,5,10,13.0,2.0,1.7,1.2,0.6,5,10,12.0
2021/22,2022-01-15,Man City,Chelsea,3.0,3.0,4.0,0.8,5,10,14.0,1.4,1.7,1.4,1.0,5,10,13.0
2021/22,2022-01-15,Newcastle,Watford,0.8,0.7,0.6,2.4,5,10,19.0,0.0,0.6,0.8,2.4,5,10,14.0
2021/22,2022-01-15,Norwich,Everton,0.0,0.8,0.0,2.6,5,10,3.0,0.8,0.5,1.4,2.4,5,10,13.0
2021/22,2022-01-15,Wolves,Southampton,1.4,1.5,0.4,0.4,5,10,12.0,1.6,1.3,2.0,1.8,5,10,4.0
2021/22,2022-01-16,Liverpool,Brentford,1.6,2.0,1.6,1.2,5,10,14.0,1.2,1.1,1.0,1.8,5,10,5.0
2021/22,2022-01-16,West Ham,Leeds,1.8,1.4,2.2,1.6,5,10,4.0,0.8,1.2,1.6,3.4,5,10,14.0
2021/22,2022-01-18,Brighton,Chelsea,1.6,1.2,1.4,1.0,5,10,4.0,1.2,1.4,1.2,1.0,5,10,3.0
2021/22,2022-01-19,Brentford,Man United,0.6,1.1,0.6,2.2,5,10,3.0,1.6,1.5,1.4,1.0,5,10,4.0
2021/22,2022-01-19,Leicester,Tottenham,1.4,1.4,2.2,2.0,5,10,22.0,2.2,1.8,2.0,0.6,5,10,18.0
2021/22,2022-01-21,Watford,Norwich,0.2,0.4,0.8,2.2,5,10,6.0,0.6,0.8,0.4,2.6,5,10,6.0
2021/22,2022-01-22,Brentford,Wolves,0.6,1.0,0.8,2.4,5,10,3.0,2.0,1.5,1.0,0.4,5,10,7.0
2021/22,2022-01-22,Everton,Aston Villa,0.8,0.5,1.4,2.0,5,10,7.0,0.8,1.3,1.2,1.6,5,10,7.0
2021/22,2022-01-22,Leeds,Newcastle,1.2,1.2,1.8,3.4,5,10,6.0,0.4,0.8,0.6,2.6,5,10,7.0
2021/22,2022-01-22,Man United,West Ham,1.6,1.8,1.8,1.2,5,10,3.0,1.8,1.4,2.6,1.8,5,10,6.0
2021/22,2022-01-22,Southampton,Man City,1.6,1.0,2.2,1.8,5,10,7.0,3.0,3.0,2.8,0.8,5,10,7.0
2021/22,2022-01-23,Arsenal,Burnley,2.4,1.8,3.0,0.6,5,10,22.0,0.4,0.8,0.4,1.4,5,10,21.0
2021/22,2022-01-23,Chelsea,Tottenham,1.2,1.4,1.4,1.2,5,10,5.0,2.2,2.1,2.0,1.0,5,10,4.0
2021/22,2022-01-23,Crystal Palace,Liverpool,1.0,0.9,1.6,1.8,5,10,9.0,1.6,2.3,2.0,1.2,5,10,7.0
2021/22,2022-01-23,Leicester,Brighton,1.2,1.1,2.2,2.2,5,10,4.0,1.8,1.2,1.6,1.0,5,10,5.0
2021/22,2022-02-05,Burnley,Watford,0.4,0.9,0.4,1.4,5,10,13.0,0.2,0.4,0.6,2.2,5,10,15.0
2021/22,2022-02-08,Burnley,Man United,0.6,0.9,0.4,1.2,5,10,3.0,2.0,2.1,1.8,1.0,5,10,17.0
2021/22,2022-02-08,Newcastle,Everton,1.0,1.0,0.8,1.8,5,10,17.0,0.2,0.5,1.0,2.0,5,10,17.0
2021/22,2022-02-08,West Ham,Watford,1.8,1.4,2.2,1.4,5,10,17.0,0.4,0.5,0.4,1.8,5,10,3.0
2021/22,2022-02-09,Aston Villa,Leeds,1.4,1.6,1.4,1.4,5,10,18.0,1.2,1.1,1.4,3.0,5,10,18.0
2021/22,2022-02-09,Man City,Brentford,2.6,2.8,2.2,1.0,5,10,18.0,0.6,0.7,1.0,2.6,5,10,18.0
2021/22,2022-02-09,Norwich,Crystal Palace,1.2,0.8,1.0,2.2,5,10,19.0,0.8,0.8,1.4,2.0,5,10,17.0
2021/22,2022-02-09,Tottenham,Southampton,2.0,2.1,1.6,1.0,5,10,17.0,1.6,1.1,2.0,1.6,5,10,18.0
2021/22,2022-02-10,Liverpool,Leicester,1.6,2.3,2.0,1.2,5,10,18.0,1.4,1.2,2.2,2.0,5,10,18.0
2021/22,2022-02-10,Wolves,Arsenal,2.6,1.8,1.4,0.4,5,10,19.0,2.0,1.6,2.4,0.6,5,10,18.0
2021/22,2022-02-12,Brentford,Crystal Palace,0.0,0.7,0.6,2.8,5,10,3.0,1.0,0.9,1.6,1.6,5,10,3.0
2021/22,2022-02-12,Everton,Leeds,0.2,0.4,1.0,2.0,5,10,4.0,1.4,1.2,2.0,2.2,5,10,3.0
2021/22,2022-02-12,Man United,Southampton,1.6,2.1,1.4,1.0,5,10,4.0,1.6,1.4,2.0,1.6,5,10,3.0
2021/22,2022-02-12,Norwich,Man City,1.4,0.8,1.2,1.4,5,10,3.0,2.6,2.8,1.4,0.4,5,10,3.0
2021/22,2022-02-12,Watford,Brighton,0.4,0.2,0.2,1.2,5,10,4.0,1.4,1.3,1.4,1.2,5,10,20.0
2021/22,2022-02-13,Burnley,Liverpool,0.6,0.7,0.6,1.4,5,10,5.0,2.0,2.3,2.0,0.8,5,10,3.0
2021/22,2022-02-13,Leicester,West Ham,0.8,1.1,1.4,2.4,5,10,3.0,1.8,1.6,1.6,1.2,5,10,5.0
2021/22,2022-02-13,Newcastle,Aston Villa,1.6,1.2,1.2,1.4,5,10,5.0,1.0,1.4,1.6,2.0,5,10,4.0
2021/22,2022-02-13,Tottenham,Wolves,1.4,2.0,1.4,1.6,5,10,4.0,2.0,1.5,1.2,0.6,5,10,3.0
2021/22,2022-02-15,Man United,Brighton,1.8,1.9,1.6,1.0,5,10,3.0,1.8,1.5,1.6,1.0,5,10,3.0
2021/22,2022-02-19,Arsenal,Brentford,2.0,1.9,2.2,0.6,5,10,9.0,0.2,0.7,0.4,2.0,5,10,7.0
2021/22,2022-02-19,Aston Villa,Watford,1.0,1.1,1.4,1.6,5,10,6.0,0.4,0.2,0.2,1.4,5,10,7.0
2021/22,2022-02-19,Brighton,Burnley,1.2,1.4,1.0,1.0,5,10,4.0,0.6,0.6,0.4,1.0,5,10,6.0
2021/22,2022-02-19,Crystal Palace,Chelsea,0.6,1.0,1.0,1.6,5,10,7.0,1.2,1.4,1.2,1.0,5,10,27.0
2021/22,2022-02-19,Liverpool,Norwich,2.6,2.3,2.2,0.6,5,10,6.0,1.4,0.7,1.2,1.6,5,10,7.0
2021/22,2022-02-19,Man City,Tottenham,2.6,2.8,2.0,0.4,5,10,7.0,1.2,1.7,1.2,1.8,5,10,6.0
2021/22,2022-02-19,Southampton,Everton,1.6,1.4,2.0,1.6,5,10,7.0,0.6,0.7,1.4,1.8,5,10,7.0
2021/22,2022-02-19,West Ham,Newcastle,1.4,1.4,1.4,1.2,5,10,6.0,2.2,1.5,1.4,0.6,5,10,6.0
2021/22,2022-02-20,Leeds,Man United,1.4,1.1,1.8,2.0,5,10,8.0,2.2,1.9,1.6,0.6,5,10,5.0
2021/22,2022-02-20,Wolves,Leicester,2.4,1.7,1.6,0.6,5,10,7.0,1.0,1.2,1.2,1.6,5,10,7.0
2021/22,2022-02-23,Burnley,Tottenham,1.2,0.8,0.8,0.4,5,10,4.0,1.2,1.7,1.6,2.2,5,10,4.0
2021/22,2022-02-23,Liverpool,Leeds,3.0,2.3,2.4,0.4,5,10,4.0,0.8,0.8,1.6,2.6,5,10,3.0
2021/22,2022-02-23,Watford,Crystal Palace,0.8,0.5,0.2,1.2,5,10,4.0,0.6,1.0,0.6,1.2,5,10,4.0
2021/22,2022-02-24,Arsenal,Wolves,2.0,1.9,1.8,0.6,5,10,5.0,2.4,1.9,1.8,0.8,5,10,4.0
2021/22,2022-02-25,Southampton,Norwich,1.6,1.6,1.6,1.4,5,10,6.0,1.4,0.7,1.4,1.8,5,10,6.0
2021/22,2022-02-26,Brentford,Newcastle,0.2,0.4,0.6,1.8,5,10,7.0,2.2,1.5,1.4,0.6,5,10,7.0
2021/22,2022-02-26,Brighton,Aston Villa,1.0,1.3,0.8,1.4,5,10,7.0,1.0,1.1,1.2,1.4,5,10,7.0
2021/22,2022-02-26,Crystal Palace,Burnley,1.0,1.0,1.2,1.2,5,10,3.0,1.6,1.0,1.0,0.4,5,10,3.0
2021/22,2022-02-26,Everton,Man City,0.6,0.7,1.0,1.6,5,10,7.0,2.0,2.5,2.0,0.8,5,10,7.0
2021/22,2022-02-26,Leeds,Tottenham,0.2,0.7,1.0,3.4,5,10,3.0,0.6,1.4,1.0,2.0,5,10,3.0
2021/22,2022-02-26,Man United,Watford,2.2,1.9,1.8,0.8,5,10,6.0,0.8,0.5,0.4,1.4,5,10,3.0
2021/22,2022-02-27,West Ham,Wolves,1.0,1.4,1.2,1.4,5,10,8.0,1.8,1.9,1.4,1.0,5,10,3.0
2021/22,2022-03-01,Burnley,Leicester,1.6,1.1,1.2,0.6,5,10,3.0,0.4,0.9,1.2,2.0,5,10,9.0
2021/22,2022-03-05,Aston Villa,Southampton,1.4,1.1,1.2,1.0,5,10,7.0,2.2,1.9,1.8,0.8,5,10,8.0
2021/22,2022-03-05,Burnley,Chelsea,1.4,1.0,1.0,0.8,5,10,4.0,1.6,1.7,1.2,0.8,5,10,14.0
2021/22,2022-03-05,Leicester,Leeds,1.0,1.1,1.2,1.4,5,10,4.0,0.2,0.7,1.0,4.0,5,10,7.0
2021/22,2022-03-05,Liverpool,West Ham,3.0,2.3,3.0,0.4,5,10,10.0,1.6,1.7,1.0,0.8,5,10,6.0
2021/22,2022-03-05,Newcastle,Brighton,2.6,1.5,1.6,0.4,5,10,7.0,0.8,1.3,0.6,1.6,5,10,7.0
2021/22,2022-03-05,Norwich,Brentford,0.8,0.7,1.0,2.0,5,10,8.0,0.2,0.4,0.4,1.6,5,10,7.0
2021/22,2022-03-05,Wolves,Crystal Palace,1.2,1.9,1.0,1.0,5,10,6.0,1.2,1.0,1.2,0.8,5,10,7.0
2021/22,2022-03-06,Man City,Man United,2.0,2.5,2.0,0.8,5,10,8.0,1.8,1.9,1.6,0.8,5,10,8.0
2021/22,2022-03-06,Watford,Arsenal,0.8,0.6,0.4,1.4,5,10,8.0,2.0,2.2,1.2,0.8,5,10,10.0
2021/22,2022-03-07,Tottenham,Everton,1.2,1.6,1.8,1.6,5,10,9.0,0.6,0.7,0.8,1.4,5,10,9.0
2021/22,2022-03-10,Leeds,Aston Villa,0.0,0.7,0.4,3.6,5,10,5.0,1.4,1.4,1.8,1.0,5,10,5.0
2021/22,2022-03-10,Norwich,Chelsea,0.2,0.7,0.6,2.6,5,10,5.0,2.0,1.7,1.6,0.4,5,10,5.0
2021/22,2022-03-10,Southampton,Newcastle,2.0,1.8,1.6,1.4,5,10,5.0,2.6,1.8,1.8,0.6,5,10,5.0
2021/22,2022-03-10,Wolves,Watford,1.2,1.6,1.0,1.2,5,10,5.0,0.8,0.6,0.8,1.8,5,10,4.0
2021/22,2022-03-12,Brentford,Burnley,0.8,0.7,0.8,1.4,5,10,7.0,1.4,1.0,1.0,1.4,5,10,7.0
2021/22,2022-03-12,Brighton,Liverpool,0.6,1.0,0.6,1.8,5,10,7.0,3.0,2.3,2.6,0.2,5,10,7.0
2021/22,2022-03-12,Man United,Tottenham,1.6,1.6,1.6,1.4,5,10,6.0,1.8,1.6,2.4,1.0,5,10,5.0
2021/22,2022-03-13,Arsenal,Leicester,2.6,2.5,1.6,0.8,5,10,7.0,1.4,1.4,1.2,1.2,5,10,8.0
2021/22,2022-03-13,Chelsea,Newcastle,2.6,1.9,2.2,0.4,5,10,3.0,2.6,2.1,1.6,0.6,5,10,3.0
2021/22,2022-03-13,Everton,Wolves,0.6,0.4,0.8,2.2,5,10,6.0,1.2,1.8,1.4,1.2,5,10,3.0
2021/22,2022-03-13,Leeds,Norwich,0.0,0.7,0.4,3.6,5,10,3.0,0.0,0.7,0.6,3.0,5,10,3.0
2021/22,2022-03-13,Southampton,Watford,1.4,1.5,1.2,1.4,5,10,3.0,0.8,0.6,0.8,2.2,5,10,3.0
2021/22,2022-03-13,West Ham,Aston Villa,1.6,1.7,1.0,0.8,5,10,8.0,1.8,1.4,1.8,0.4,5,10,3.0
2021/22,2022-03-14,Crystal Palace,Man City,1.6,1.3,1.4,0.6,5,10,9.0,2.4,2.5,2.6,0.8,5,10,8.0
2021/22,2022-03-16,Arsenal,Liverpool,3.0,2.5,2.0,0.8,5,10,3.0,3.0,2.5,2.6,0.2,5,10,4.0
2021/22,2022-03-16,Brighton,Tottenham,0.0,0.9,0.2,2.2,5,10,4.0,1.8,1.5,2.8,1.2,5,10,4.0
2021/22,2022-03-17,Everton,Newcastle,0.6,0.4,0.6,1.8,5,10,4.0,2.0,2.1,1.4,0.8,5,10,4.0
2021/22,2022-03-18,Wolves,Leeds,1.2,1.8,1.2,1.0,5,10,5.0,0.6,0.7,0.4,3.0,5,10,5.0
2021/22,2022-03-19,Aston Villa,Arsenal,1.8,1.4,2.0,0.6,5,10,6.0,2.4,2.2,1.8,1.2,5,10,3.0
2021/22,2022-03-20,Leicester,Brentford,1.4,1.1,1.2,1.2,5,10,7.0,1.4,0.7,1.2,1.0,5,10,8.0
2021/22,2022-03-20,Tottenham,West Ham,1.8,1.5,2.6,0.8,5,10,4.0,1.6,1.7,1.2,1.0,5,10,7.0
2021/22,2022-04-02,Brighton,Norwich,0.0,0.6,0.2,2.2,5,10,17.0,0.0,0.7,0.8,2.6,5,10,20.0
2021/22,2022-04-02,Burnley,Man City,0.8,1.0,0.4,1.8,5,10,21.0,2.0,2.3,2.2,0.8,5,10,19.0
2021/22,2022-04-02,Chelsea,Brentford,3.0,2.1,2.2,0.2,5,10,20.0,1.2,0.7,1.4,1.4,5,10,13.0
2021/22,2022-04-02,Leeds,Southampton,1.2,0.7,1.0,2.2,5,10,15.0,1.2,1.4,1.2,1.6,5,10,20.0
2021/22,2022-04-02,Liverpool,Watford,3.0,2.8,2.8,0.2,5,10,17.0,0.8,0.8,1.0,2.4,5,10,20.0
2021/22,2022-04-02,Man United,Leicester,2.0,1.9,2.0,1.6,5,10,21.0,1.8,1.4,1.2,1.0,5,10,13.0
2021/22,2022-04-02,Wolves,Aston Villa,1.2,1.5,1.4,1.2,5,10,15.0,1.8,1.4,2.0,0.6,5,10,14.0
2021/22,2022-04-03,Tottenham,Newcastle,2.4,1.5,3.2,0.8,5,10,14.0,1.8,2.0,1.2,0.8,5,10,17.0
2021/22,2022-04-03,West Ham,Everton,1.4,1.4,1.0,1.2,5,10,14.0,0.6,0.6,0.2,1.8,5,10,17.0
2021/22,2022-04-04,Crystal Palace,Arsenal,1.6,1.1,1.4,0.6,5,10,21.0,2.4,2.2,1.6,1.0,5,10,16.0
2021/22,2022-04-06,Burnley,Everton,0.2,0.9,0.2,2.2,5,10,4.0,0.6,0.6,0.4,1.8,5,10,3.0
2021/22,2022-04-08,Newcastle,Wolves,1.2,1.9,1.0,1.8,5,10,5.0,1.8,1.5,1.8,1.2,5,10,6.0
2021/22,2022-04-09,Arsenal,Brighton,1.8,1.9,1.2,1.4,5,10,5.0,0.2,0.6,0.2,1.6,5,10,7.0
2021/22,2022-04-09,Aston Villa,Tottenham,1.2,1.3,1.8,1.0,5,10,7.0,2.4,1.8,3.4,1.0,5,10,6.0
2021/22,2022-04-09,Everton,Man United,0.6,0.6,0.8,2.2,5,10,3.0,1.6,1.9,1.8,1.8,5,10,7.0
2021/22,2022-04-09,Southampton,Chelsea,0.8,1.2,1.0,1.8,5,10,7.0,2.4,1.8,2.0,1.0,5,10,7.0
2021/22,2022-04-09,Watford,Leeds,0.8,0.8,0.8,2.0,5,10,7.0,1.4,0.8,1.2,1.6,5,10,7.0
2021/22,2022-04-10,Brentford,West Ham,1.8,1.0,2.0,1.2,5,10,8.0,1.8,1.4,1.2,1.2,5,10,7.0
2021/22,2022-04-10,Leicester,Crystal Palace,2.0,1.2,1.2,0.8,5,10,8.0,2.2,1.4,2.0,0.4,5,10,6.0
2021/22,2022-04-10,Man City,Liverpool,2.0,2.3,1.8,0.8,5,10,8.0,3.0,3.0,2.6,0.0,5,10,8.0
2021/22,2022-04-10,Norwich,Burnley,0.2,0.8,0.6,2.0,5,10,8.0,0.6,1.1,0.6,2.4,5,10,4.0
2021/22,2022-04-16,Man United,Norwich,1.0,1.6,1.0,1.6,5,10,7.0,0.8,0.8,1.0,1.6,5,10,6.0
2021/22,2022-04-16,Southampton,Arsenal,0.2,1.2,0.6,3.0,5,10,7.0,1.2,1.9,0.8,1.4,5,10,7.0
2021/22,2022-04-16,Tottenham,Brighton,2.4,2.1,3.2,1.0,5,10,7.0,0.8,0.8,0.6,1.4,5,10,7.0
2021/22,2022-04-16,Watford,Brentford,0.6,0.7,0.8,2.6,5,10,7.0,2.4,1.3,2.4,0.8,5,10,6.0
2021/22,2022-04-17,Newcastle,Leicester,1.2,1.9,0.8,1.6,5,10,9.0,2.0,1.5,1.2,1.0,5,10,7.0
2021/22,2022-04-17,West Ham,Burnley,1.2,1.4,1.0,1.6,5,10,7.0,0.6,1.0,0.6,2.4,5,10,7.0
2021/22,2022-04-19,Liverpool,Man United,2.6,2.8,1.8,0.4,5,10,9.0,1.4,1.6,1.6,2.0,5,10,3.0
2021/22,2022-04-20,Chelsea,Arsenal,2.4,2.0,3.0,1.0,5,10,11.0,0.6,1.8,0.4,1.6,5,10,4.0
2021/22,2022-04-20,Everton,Leicester,1.2,0.9,1.0,1.2,5,10,11.0,1.4,1.4,1.2,1.4,5,10,3.0
2021/22,2022-04-20,Man City,Brighton,2.2,2.1,1.8,0.6,5,10,10.0,1.4,1.0,0.6,1.0,5,10,4.0
2021/22,2022-04-20,Newcastle,Crystal Palace,1.2,1.9,0.8,1.6,5,10,3.0,1.6,1.3,1.4,0.6,5,10,10.0
2021/22,2022-04-21,Burnley,Southampton,0.8,1.1,0.8,1.8,5,10,4.0,0.8,1.4,0.8,2.2,5,10,5.0
2021/22,2022-04-23,Arsenal,Man United,1.2,1.8,1.2,1.6,5,10,3.0,1.4,1.5,1.4,2.0,5,10,4.0
2021/22,2022-04-23,Brentford,Tottenham,2.4,1.6,2.2,0.8,5,10,7.0,2.4,2.1,2.8,0.6,5,10,7.0
2021/22,2022-04-23,Leicester,Aston Villa,1.6,1.5,1.4,1.2,5,10,3.0,0.6,1.0,1.0,1.8,5,10,14.0
2021/22,2022-04-23,Man City,Watford,2.2,2.1,2.2,0.6,5,10,3.0,0.6,0.7,0.6,2.4,5,10,7.0
2021/22,2022-04-23,Norwich,Newcastle,0.8,0.5,1.2,1.6,5,10,7.0,1.8,1.9,1.0,1.4,5,10,3.0
2021/22,2022-04-24,Brighton,Southampton,1.4,0.7,0.6,1.2,5,10,4.0,0.8,1.1,0.6,2.2,5,10,3.0
2021/22,2022-04-24,Burnley,Wolves,1.4,1.1,1.2,1.4,5,10,3.0,1.8,1.5,1.8,1.0,5,10,16.0
2021/22,2022-04-24,Chelsea,West Ham,1.8,1.9,2.6,1.8,5,10,4.0,1.4,1.5,1.2,1.6,5,10,7.0
2021/22,2022-04-24,Liverpool,Everton,2.6,2.8,2.4,0.4,5,10,5.0,1.4,1.0,1.2,1.2,5,10,4.0
2021/22,2022-04-25,Crystal Palace,Leeds,1.4,1.3,1.2,0.6,5,10,5.0,2.0,1.0,1.8,1.4,5,10,16.0
2021/22,2022-04-28,Man United,Chelsea,0.8,1.4,1.0,2.2,5,10,5.0,1.8,2.2,2.2,1.6,5,10,4.0
2021/22,2022-04-30,Aston Villa,Norwich,0.2,1.0,0.4,1.8,5,10,7.0,0.8,0.4,1.0,1.6,5,10,7.0
2021/22,2022-04-30,Leeds,Man City,2.2,1.1,1.8,0.8,5,10,5.0,2.2,2.3,2.4,0.6,5,10,7.0
2021/22,2022-04-30,Newcastle,Liverpool,2.4,2.1,1.6,1.2,5,10,7.0,2.6,2.8,2.4,0.4,5,10,6.0
2021/22,2022-04-30,Southampton,Crystal Palace,1.0,1.1,0.8,2.2,5,10,6.0,1.0,1.3,0.8,0.6,5,10,5.0
2021/22,2022-04-30,Watford,Burnley,0.6,0.7,0.8,2.6,5,10,7.0,2.0,1.1,1.4,1.0,5,10,6.0
2021/22,2022-04-30,Wolves,Brighton,1.2,1.2,1.0,1.2,5,10,6.0,1.6,0.8,1.0,1.2,5,10,6.0
2021/22,2022-05-01,Everton,Chelsea,0.8,0.7,1.0,1.6,5,10,7.0,1.4,2.2,2.2,1.8,5,10,3.0
2021/22,2022-05-01,Tottenham,Leicester,2.0,1.9,2.4,0.6,5,10,8.0,1.2,1.5,1.0,1.0,5,10,8.0
2021/22,2022-05-01,West Ham,Arsenal,0.8,1.2,0.8,1.6,5,10,7.0,1.2,1.8,1.6,1.8,5,10,8.0
2021/22,2022-05-02,Man United,Brentford,0.8,1.2,1.0,2.2,5,10,4.0,2.0,1.7,1.8,0.8,5,10,9.0
2021/22,2022-05-07,Brentford,Southampton,2.0,1.6,1.6,1.0,5,10,5.0,0.8,0.8,0.8,2.4,5,10,7.0
2021/22,2022-05-07,Brighton,Man United,2.0,1.1,1.6,1.2,5,10,7.0,1.4,1.2,1.6,2.0,5,10,5.0
2021/22,2022-05-07,Burnley,Aston Villa,2.0,1.3,1.2,0.8,5,10,7.0,0.8,1.3,0.6,1.4,5,10,7.0
2021/22,2022-05-07,Chelsea,Wolves,1.4,1.9,2.0,1.2,5,10,6.0,0.6,0.9,0.8,1.8,5,10,7.0
2021/22,2022-05-07,Crystal Palace,Watford,1.4,1.5,1.2,0.8,5,10,7.0,0.0,0.4,0.6,2.8,5,10,7.0
2021/22,2022-05-07,Liverpool,Tottenham,2.6,2.8,2.2,0.4,5,10,7.0,2.0,2.2,2.4,0.6,5,10,6.0
2021/22,2022-05-08,Arsenal,Leeds,1.8,1.8,2.0,1.4,5,10,7.0,1.6,1.1,1.4,1.4,5,10,8.0
2021/22,2022-05-08,Leicester,Everton,1.0,1.5,1.0,1.4,5,10,7.0,1.4,1.0,1.0,1.2,5,10,7.0
2021/22,2022-05-08,Man City,Newcastle,2.6,2.3,3.2,0.6,5,10,8.0,2.4,1.8,1.4,0.4,5,10,8.0
2021/22,2022-05-08,Norwich,West Ham,0.8,0.4,0.8,1.6,5,10,8.0,0.8,1.1,0.8,1.4,5,10,7.0
2021/22,2022-05-10,Aston Villa,Liverpool,1.4,1.6,1.2,1.4,5,10,3.0,2.2,2.6,2.0,0.6,5,10,3.0
2021/22,2022-05-11,Leeds,Chelsea,1.0,1.1,1.0,1.4,5,10,3.0,1.0,1.7,1.2,1.6,5,10,4.0
2021/22,2022-05-11,Leicester,Norwich,0.4,1.2,0.8,1.6,5,10,3.0,0.6,0.4,0.8,2.4,5,10,3.0
2021/22,2022-05-11,Watford,Everton,0.0,0.4,0.6,2.6,5,10,4.0,2.0,1.3,1.0,0.8,5,10,3.0
2021/22,2022-05-11,Wolves,Man City,0.8,1.0,0.8,1.6,5,10,4.0,2.6,2.3,3.8,0.6,5,10,3.0
2021/22,2022-05-12,Tottenham,Arsenal,1.6,2.0,1.6,0.6,5,10,5.0,2.4,1.8,2.2,1.2,5,10,4.0
2021/22,2022-05-15,Aston Villa,Crystal Palace,1.4,1.3,1.2,1.4,5,10,5.0,1.4,1.8,0.8,0.8,5,10,8.0
2021/22,2022-05-15,Everton,Brentford,1.6,1.4,0.8,0.8,5,10,4.0,2.0,1.9,1.4,0.8,5,10,8.0
2021/22,2022-05-15,Leeds,Brighton,0.8,1.1,0.8,1.8,5,10,4.0,2.0,1.4,2.0,1.0,5,10,8.0
2021/22,2022-05-15,Tottenham,Burnley,1.6,2.0,1.4,0.6,5,10,3.0,2.0,1.3,1.4,1.0,5,10,8.0
2021/22,2022-05-15,Watford,Leicester,0.2,0.4,0.6,2.0,5,10,4.0,1.0,1.2,1.2,1.2,5,10,4.0
2021/22,2022-05-15,West Ham,Man City,0.8,1.3,1.2,1.2,5,10,7.0,3.0,2.6,4.4,0.4,5,10,4.0
2021/22,2022-05-15,Wolves,Norwich,0.2,1.0,0.6,2.4,5,10,4.0,0.0,0.4,0.4,3.0,5,10,4.0
2021/22,2022-05-16,Newcastle,Arsenal,1.8,1.5,1.2,1.4,5,10,8.0,2.4,1.5,2.2,1.6,5,10,4.0
2021/22,2022-05-17,Southampton,Liverpool,0.8,0.5,0.8,1.8,5,10,10.0,2.6,2.6,2.0,0.4,5,10,7.0
2021/22,2022-05-19,Aston Villa,Burnley,1.6,1.1,1.4,0.8,5,10,4.0,1.8,1.3,1.2,1.0,5,10,4.0
2021/22,2022-05-19,Chelsea,Leicester,1.6,1.7,1.4,0.8,5,10,8.0,1.4,1.5,2.0,1.2,5,10,4.0
2021/22,2022-05-19,Everton,Crystal Palace,1.4,1.4,1.0,1.2,5,10,4.0,1.6,1.6,0.8,0.6,5,10,4.0
2021/22,2022-05-22,Arsenal,Everton,1.8,1.5,1.4,1.6,5,10,6.0,2.0,1.4,1.6,1.2,5,10,3.0
2021/22,2022-05-22,Brentford,Leeds,2.0,2.2,1.6,1.2,5,10,7.0,0.4,1.2,0.4,2.0,5,10,7.0
2021/22,2022-05-22,Brighton,West Ham,1.6,1.5,2.0,1.2,5,10,7.0,1.0,1.1,1.6,1.2,5,10,7.0
2021/22,2022-05-22,Burnley,Newcastle,1.4,1.4,1.0,1.2,5,10,3.0,1.8,1.5,1.2,1.2,5,10,6.0
2021/22,2022-05-22,Chelsea,Watford,1.2,1.5,1.4,1.0,5,10,3.0,0.2,0.4,0.6,2.6,5,10,7.0
2021/22,2022-05-22,Crystal Palace,Man United,1.6,1.5,1.2,1.0,5,10,3.0,0.8,1.1,1.0,2.4,5,10,15.0
2021/22,2022-05-22,Leicester,Southampton,1.4,1.3,2.2,1.4,5,10,3.0,0.2,0.5,0.8,2.2,5,10,5.0
2021/22,2022-05-22,Liverpool,Wolves,2.6,2.6,1.6,0.6,5,10,5.0,0.4,1.1,0.8,2.4,5,10,7.0
2021/22,2022-05-22,Man City,Aston Villa,2.6,2.4,4.2,0.8,5,10,7.0,1.6,0.9,1.6,1.0,5,10,3.0
2021/22,2022-05-22,Norwich,Tottenham,0.2,0.5,0.2,2.6,5,10,7.0,2.2,2.3,1.6,0.4,5,10,7.0
2022/23,2022-08-05,Crystal Palace,Arsenal,2.0,1.5,1.4,1.0,5,10,60.0,1.8,1.5,1.8,1.6,5,10,60.0
2022/23,2022-08-06,Bournemouth,Aston Villa,,,,,0,0,,1.0,0.9,1.6,1.6,5,10,60.0
2022/23,2022-08-06,Everton,Chelsea,1.4,1.4,1.6,2.2,5,10,60.0,1.6,1.5,1.6,1.0,5,10,60.0
2022/23,2022-08-06,Fulham,Liverpool,,,,,0,0,,2.6,2.6,1.8,0.8,5,10,60.0
2022/23,2022-08-06,Leeds,Wolves,0.8,1.5,0.8,2.2,5,10,60.0,0.4,0.8,1.0,2.8,5,10,60.0
2022/23,2022-08-06,Newcastle,Nott'm Forest,1.8,1.8,1.4,1.4,5,10,60.0,,,,,0,0,
2022/23,2022-08-06,Tottenham,Southampton,2.6,2.3,2.6,0.4,5,10,60.0,0.2,0.5,1.0,2.6,5,10,60.0
2022/23,2022-08-07,Leicester,Brentford,2.0,1.5,2.8,1.0,5,10,60.0,1.4,1.9,1.4,1.4,5,10,60.0
2022/23,2022-08-07,Man United,Brighton,0.8,1.1,1.0,1.8,5,10,60.0,2.2,1.8,2.6,0.8,5,10,60.0
2022/23,2022-08-07,West Ham,Man City,0.8,1.1,1.6,1.6,5,10,60.0,2.6,2.4,3.8,1.0,5,10,60.0
2022/23,2022-08-13,Arsenal,Leicester,1.8,1.8,1.8,1.4,5,10,8.0,2.2,1.3,3.0,1.0,5,10,6.0
2022/23,2022-08-13,Aston Villa,Everton,0.4,0.9,1.0,1.8,5,10,7.0,0.8,1.4,1.2,2.2,5,10,7.0
2022/23,2022-08-13,Brentford,Man United,1.4,1.7,1.8,1.8,5,10,6.0,0.8,0.8,1.0,1.6,5,10,6.0
2022/23,2022-08-13,Brighton,Newcastle,2.6,2.1,2.6,0.6,5,10,6.0,1.8,2.1,1.2,1.4,5,10,7.0
2022/23,2022-08-13,Man City,Bournemouth,2.6,2.6,3.4,1.0,5,10,6.0,3.0,3.0,2.0,0.0,1,1,7.0
2022/23,2022-08-13,Southampton,Leeds,0.0,0.5,0.8,3.0,5,10,7.0,1.4,1.5,1.2,1.6,5,10,7.0
2022/23,2022-08-13,Wolves,Fulham,0.4,0.5,1.2,2.6,5,10,7.0,1.0,1.0,2.0,2.0,1,1,7.0
2022/23,2022-08-14,Chelsea,Tottenham,2.2,1.8,1.8,0.8,5,10,8.0,2.6,2.3,2.8,0.4,5,10,8.0
2022/23,2022-08-14,Nott'm Forest,West Ham,0.0,0.0,0.0,2.0,1,1,8.0,0.8,0.8,1.6,1.8,5,10,7.0
2022/23,2022-08-15,Liverpool,Crystal Palace,2.2,2.4,2.0,1.2,5,10,9.0,1.4,1.4,1.0,1.2,5,10,10.0
2022/23,2022-08-20,Bournemouth,Arsenal,1.5,1.5,1.0,2.0,2,2,7.0,1.8,2.1,2.2,1.6,5,10,7.0
2022/23,2022-08-20,Crystal Palace,Aston Villa,1.0,1.2,1.0,1.4,5,10,5.0,1.0,1.2,1.2,1.6,5,10,7.0
2022/23,2022-08-20,Everton,Nott'm Forest,0.6,1.1,1.4,2.6,5,10,7.0,1.5,1.5,0.5,1.0,2,2,6.0
2022/23,2022-08-20,Fulham,Brentford,1.0,1.0,1.0,1.0,2,2,7.0,2.0,2.0,2.6,1.2,5,10,7.0
2022/23,2022-08-20,Leicester,Southampton,1.6,1.3,2.8,1.8,5,10,7.0,0.2,0.5,1.0,3.0,5,10,7.0
2022/23,2022-08-20,Tottenham,Wolves,2.6,2.1,3.0,0.6,5,10,6.0,0.4,0.6,0.8,2.2,5,10,7.0
2022/23,2022-08-21,Leeds,Chelsea,1.6,1.3,1.4,1.6,5,10,8.0,2.2,1.6,1.8,0.8,5,10,7.0
2022/23,2022-08-21,Newcastle,Man City,2.0,2.2,1.2,1.2,5,10,8.0,2.6,2.6,3.2,1.0,5,10,8.0
2022/23,2022-08-21,West Ham,Brighton,0.8,0.8,1.4,1.6,5,10,7.0,2.2,2.1,2.0,0.6,5,10,8.0
2022/23,2022-08-22,Man United,Liverpool,0.6,0.7,0.8,2.2,5,10,9.0,2.2,2.2,2.0,1.2,5,10,7.0
2022/23,2022-08-27,Arsenal,Fulham,2.4,2.4,2.8,1.0,5,10,7.0,1.6666666666666667,1.6666666666666667,1.6666666666666667,1.3333333333333333,3,3,7.0
2022/23,2022-08-27,Brentford,Everton,1.4,1.7,2.4,1.8,5,10,7.0,0.8,1.1,1.2,2.2,5,10,7.0
2022/23,2022-08-27,Brighton,Leeds,2.2,2.1,1.6,0.6,5,10,6.0,2.2,1.5,2.0,1.0,5,10,6.0
2022/23,2022-08-27,Chelsea,Leicester,1.6,1.6,1.2,1.4,5,10,6.0,1.0,1.2,2.0,2.0,5,10,7.0
2022/23,2022-08-27,Liverpool,Bournemouth,1.6,2.1,1.8,1.4,5,10,5.0,1.0,1.0,0.6666666666666666,2.3333333333333335,3,3,7.0
2022/23,2022-08-27,Man City,Crystal Palace,2.2,2.6,2.8,1.4,5,10,6.0,1.4,1.5,1.4,1.4,5,10,7.0
2022/23,2022-08-27,Southampton,Man United,0.8,0.8,1.4,2.6,5,10,7.0,0.6,1.0,0.6,2.4,5,10,5.0
2022/23,2022-08-28,Aston Villa,West Ham,0.8,1.2,1.2,2.0,5,10,8.0,0.2,0.5,0.6,2.0,5,10,7.0
2022/23,2022-08-28,Nott'm Forest,Tottenham,1.3333333333333333,1.3333333333333333,0.6666666666666666,1.0,3,3,8.0,2.6,2.1,2.6,0.6,5,10,8.0
2022/23,2022-08-28,Wolves,Newcastle,0.4,0.3,0.6,1.4,5,10,8.0,2.2,2.0,1.8,0.8,5,10,7.0
2022/23,2022-08-30,Crystal Palace,Brentford,1.4,1.5,1.4,1.6,5,10,3.0,1.0,1.5,2.0,1.6,5,10,3.0
2022/23,2022-08-30,Fulham,Brighton,1.25,1.25,1.5,1.5,4,4,3.0,2.6,2.1,1.6,0.4,5,10,3.0
2022/23,2022-08-30,Leeds,Everton,2.0,1.2,1.8,1.0,5,10,3.0,0.4,1.2,0.8,2.0,5,10,3.0
2022/23,2022-08-30,Southampton,Chelsea,0.8,0.5,1.2,2.4,5,10,3.0,2.0,1.6,1.4,1.4,5,10,3.0
2022/23,2022-08-31,Arsenal,Aston Villa,3.0,2.4,3.2,0.8,5,10,4.0,0.6,1.1,1.0,2.0,5,10,3.0
2022/23,2022-08-31,Bournemouth,Wolves,0.75,0.75,0.5,4.0,4,4,4.0,0.4,0.4,0.6,1.4,5,10,3.0
2022/23,2022-08-31,Liverpool,Newcastle,1.6,2.1,3.2,1.2,5,10,4.0,1.8,1.8,1.6,1.0,5,10,3.0
2022/23,2022-08-31,Man City,Nott'm Forest,2.6,2.6,3.2,1.4,5,10,4.0,1.0,1.0,0.5,1.25,4,4,3.0
2022/23,2022-08-31,West Ham,Tottenham,0.6,0.8,0.4,1.6,5,10,3.0,2.6,2.4,2.8,0.6,5,10,3.0
2022/23,2022-09-01,Leicester,Man United,0.8,1.1,2.0,2.2,5,10,5.0,1.2,1.0,0.8,1.6,5,10,5.0
2022/23,2022-09-03,Aston Villa,Man City,0.6,0.8,0.8,1.8,5,10,3.0,2.6,2.6,3.8,1.0,5,10,3.0
2022/23,2022-09-03,Brentford,Leeds,1.2,1.3,2.0,1.4,5,10,4.0,1.6,1.2,1.6,1.0,5,10,4.0
2022/23,2022-09-03,Chelsea,West Ham,1.4,1.5,1.2,1.6,5,10,4.0,0.8,0.8,0.4,1.2,5,10,3.0
2022/23,2022-09-03,Everton,Liverpool,0.6,1.0,0.8,1.2,5,10,4.0,1.6,2.1,3.0,1.2,5,10,3.0
2022/23,2022-09-03,Newcastle,Crystal Palace,1.2,1.5,1.4,1.2,5,10,3.0,1.0,1.5,1.4,1.8,5,10,4.0
2022/23,2022-09-03,Nott'm Forest,Bournemouth,0.8,0.8,0.4,2.2,5,5,3.0,0.8,0.8,0.4,3.2,5,5,3.0
2022/23,2022-09-03,Tottenham,Fulham,2.2,2.4,2.0,0.8,5,10,3.0,1.6,1.6,1.6,1.4,5,5,4.0
2022/23,2022-09-03,Wolves,Southampton,0.6,0.5,0.4,0.8,5,10,3.0,1.4,0.8,1.4,1.8,5,10,4.0
2022/23,2022-09-04,Brighton,Leicester,2.0,2.1,1.2,0.6,5,10,5.0,0.2,1.1,1.2,2.2,5,10,3.0
2022/23,2022-09-04,Man United,Arsenal,1.8,1.3,1.0,1.4,5,10,3.0,3.0,2.4,2.6,0.8,5,10,4.0
2022/23,2022-09-16,Aston Villa,Southampton,0.8,0.6,1.0,1.6,5,10,13.0,1.4,0.7,1.2,1.2,5,10,13.0
2022/23,2022-09-16,Nott'm Forest,Fulham,0.8,0.6666666666666666,0.8,2.4,5,6,13.0,1.4,1.3333333333333333,1.4,1.4,5,6,13.0
2022/23,2022-09-17,Newcastle,Bournemouth,0.8,1.3,1.0,1.2,5,10,14.0,0.8,1.1666666666666667,0.6,3.6,5,6,14.0
2022/23,2022-09-17,Tottenham,Leicester,2.2,2.4,1.6,0.8,5,10,14.0,0.0,1.1,1.2,2.8,5,10,13.0
2022/23,2022-09-17,Wolves,Man City,1.2,0.8,0.4,0.4,5,10,14.0,2.2,2.4,3.6,1.2,5,10,14.0
2022/23,2022-09-18,Brentford,Arsenal,1.6,1.5,2.6,1.4,5,10,15.0,2.4,2.1,2.4,1.4,5,10,14.0
2022/23,2022-09-18,Everton,West Ham,0.8,0.8,0.8,1.0,5,10,15.0,0.8,0.8,0.6,1.2,5,10,15.0
2022/23,2022-10-01,Arsenal,Tottenham,2.4,2.1,2.2,1.0,5,10,13.0,2.6,2.6,2.4,0.8,5,10,14.0
2022/23,2022-10-01,Bournemouth,Brentford,1.0,1.1428571428571428,0.8,3.0,5,7,14.0,1.0,1.5,1.8,2.0,5,10,13.0
2022/23,2022-10-01,Crystal Palace,Chelsea,1.2,1.3,1.4,1.4,5,10,28.0,1.4,1.8,1.4,1.8,5,10,28.0
2022/23,2022-10-01,Fulham,Newcastle,1.8,1.5714285714285714,2.0,1.8,5,7,15.0,0.8,1.4,1.2,1.4,5,10,14.0
2022/23,2022-10-01,Liverpool,Brighton,1.6,1.9,2.6,0.8,5,10,28.0,2.0,2.3,1.8,0.8,5,10,27.0
2022/23,2022-10-01,Southampton,Everton,1.2,0.7,0.8,1.0,5,10,15.0,1.4,1.0,0.8,0.6,5,10,13.0
2022/23,2022-10-01,West Ham,Wolves,0.8,0.8,0.6,1.2,5,10,13.0,1.0,0.7,0.4,1.0,5,10,14.0
2022/23,2022-10-02,Leeds,Aston Villa,1.0,1.2,1.6,1.8,5,10,29.0,0.8,0.9,0.8,1.4,5,10,16.0
2022/23,2022-10-02,Man City,Man United,2.2,2.4,3.4,1.2,5,10,15.0,2.4,1.6,1.4,1.2,5,10,28.0
2022/23,2022-10-03,Leicester,Nott'm Forest,0.0,0.8,1.2,3.2,5,10,16.0,0.2,0.5714285714285714,1.0,3.0,5,7,17.0
2022/23,2022-10-08,Bournemouth,Leicester,1.2,1.125,0.8,2.4,5,8,7.0,0.6,0.8,1.8,2.8,5,10,5.0
2022/23,2022-10-08,Brighton,Tottenham,2.0,2.1,2.4,1.4,5,10,7.0,2.0,2.3,2.4,1.4,5,10,7.0
2022/23,2022-10-08,Chelsea,Wolves,1.8,2.0,1.4,1.6,5,10,7.0,1.0,0.7,0.4,1.2,5,10,7.0
2022/23,2022-10-08,Man City,Southampton,2.6,2.4,4.0,1.2,5,10,6.0,0.6,0.7,0.6,1.2,5,10,7.0
2022/23,2022-10-08,Newcastle,Brentford,1.2,1.7,1.4,1.0,5,10,7.0,1.2,1.3,1.4,1.4,5,10,7.0
2022/23,2022-10-09,Arsenal,Liverpool,2.4,2.4,2.2,1.2,5,10,8.0,1.6,1.9,3.0,1.2,5,10,8.0
2022/23,2022-10-09,Crystal Palace,Leeds,1.0,1.0,1.4,1.6,5,10,8.0,1.0,1.3,1.2,1.4,5,10,7.0
2022/23,2022-10-09,Everton,Man United,1.8,1.3,1.0,0.6,5,10,8.0,2.4,1.5,2.0,1.6,5,10,7.0
2022/23,2022-10-09,West Ham,Fulham,1.4,0.8,1.0,0.8,5,10,8.0,1.2,1.375,1.6,2.2,5,8,8.0
2022/23,2022-10-10,Nott'm Forest,Aston Villa,0.0,0.5,0.8,3.6,5,8,7.0,1.0,0.9,0.6,0.8,5,10,8.0
2022/23,2022-10-14,Brentford,Brighton,1.0,1.0,1.4,2.2,5,10,6.0,1.4,1.8,2.0,1.6,5,10,6.0
2022/23,2022-10-15,Fulham,Bournemouth,1.2,1.2222222222222223,1.6,2.4,5,9,6.0,1.8,1.3333333333333333,1.2,0.8,5,9,7.0
2022/23,2022-10-15,Leicester,Crystal Palace,0.6,0.7,1.8,2.8,5,10,7.0,1.0,1.2,1.2,1.6,5,10,6.0
2022/23,2022-10-15,Tottenham,Everton,2.0,2.3,2.2,1.4,5,10,7.0,1.6,1.0,1.0,0.8,5,10,6.0
2022/23,2022-10-15,Wolves,Nott'm Forest,0.8,0.6,0.2,1.6,5,10,7.0,0.2,0.5555555555555556,1.0,3.4,5,9,5.0
2022/23,2022-10-16,Aston Villa,Chelsea,1.2,0.9,0.8,0.8,5,10,6.0,2.4,2.0,2.0,1.0,5,10,8.0
2022/23,2022-10-16,Leeds,Arsenal,0.4,1.3,0.8,1.8,5,10,7.0,2.4,2.7,2.4,1.4,5,10,7.0
2022/23,2022-10-16,Liverpool,Man City,1.6,1.6,3.2,1.4,5,10,7.0,2.6,2.6,4.0,0.8,5,10,8.0
2022/23,2022-10-16,Man United,Newcastle,2.4,1.5,2.0,1.6,5,10,7.0,1.6,1.7,2.2,1.0,5,10,8.0
2022/23,2022-10-16,Southampton,West Ham,0.6,0.7,0.6,1.8,5,10,8.0,1.4,1.0,1.4,1.0,5,10,7.0
2022/23,2022-10-18,Brighton,Nott'm Forest,0.8,1.7,1.8,2.0,5,10,4.0,0.2,0.5,1.0,2.4,5,10,3.0
2022/23,2022-10-18,Crystal Palace,Wolves,1.2,1.3,0.8,0.8,5,10,3.0,1.2,0.9,0.4,1.6,5,10,3.0
2022/23,2022-10-19,Bournemouth,Southampton,1.8,1.3,1.6,1.2,5,10,4.0,0.2,0.8,0.4,1.8,5,10,3.0
2022/23,2022-10-19,Brentford,Chelsea,1.4,1.3,1.6,2.0,5,10,5.0,2.4,2.2,2.0,0.8,5,10,3.0
2022/23,2022-10-19,Liverpool,West Ham,1.6,1.6,1.6,1.4,5,10,3.0,1.4,1.1,1.4,1.0,5,10,3.0
2022/23,2022-10-19,Man United,Tottenham,2.0,1.6,1.8,1.6,5,10,3.0,2.4,2.3,2.4,1.2,5,10,4.0
2022/23,2022-10-19,Newcastle,Everton,1.8,1.5,2.0,0.6,5,10,3.0,1.4,1.0,0.8,1.0,5,10,4.0
2022/23,2022-10-20,Fulham,Aston Villa,0.8,1.2,1.6,2.6,5,10,5.0,1.2,0.9,0.6,0.8,5,10,4.0
2022/23,2022-10-20,Leicester,Leeds,0.8,0.5,1.8,2.6,5,10,5.0,0.4,1.2,0.8,1.8,5,10,4.0
2022/23,2022-10-22,Chelsea,Man United,2.6,2.0,1.8,0.4,5,10,3.0,2.0,1.9,2.0,1.6,5,10,3.0
2022/23,2022-10-22,Everton,Crystal Palace,1.2,1.0,0.8,1.2,5,10,3.0,1.6,1.3,1.0,0.8,5,10,4.0
2022/23,2022-10-22,Man City,Brighton,2.0,2.3,2.8,1.0,5,10,6.0,1.0,1.5,1.6,1.6,5,10,4.0
2022/23,2022-10-22,Nott'm Forest,Liverpool,0.4,0.6,0.6,1.8,5,10,4.0,1.6,1.6,1.4,1.2,5,10,3.0
2022/23,2022-10-23,Aston Villa,Brentford,1.0,0.9,0.4,1.2,5,10,3.0,1.0,1.3,0.6,1.6,5,10,4.0
2022/23,2022-10-23,Leeds,Fulham,0.2,0.9,0.6,2.0,5,10,3.0,1.4,1.4,2.0,2.2,5,10,3.0
2022/23,2022-10-23,Southampton,Arsenal,0.8,1.1,0.6,1.6,5,10,4.0,2.4,2.7,2.2,1.2,5,10,7.0
2022/23,2022-10-23,Tottenham,Newcastle,1.8,2.0,2.0,1.4,5,10,4.0,2.2,1.5,2.2,0.6,5,10,4.0
2022/23,2022-10-23,Wolves,Leicester,0.6,0.9,0.4,2.0,5,10,5.0,1.4,0.7,1.8,1.6,5,10,3.0
2022/23,2022-10-24,West Ham,Bournemouth,1.4,1.1,1.2,0.8,5,10,5.0,1.2,1.0,1.0,1.0,5,10,5.0
2022/23,2022-10-29,Bournemouth,Tottenham,1.0,1.0,0.8,1.2,5,10,5.0,1.2,1.9,1.0,1.4,5,10,6.0
2022/23,2022-10-29,Brentford,Wolves,1.0,1.0,0.6,1.8,5,10,6.0,0.6,0.8,0.4,2.2,5,10,6.0
2022/23,2022-10-29,Brighton,Chelsea,0.4,1.2,0.8,1.8,5,10,7.0,2.2,1.8,1.6,0.4,5,10,7.0
2022/23,2022-10-29,Crystal Palace,Southampton,1.4,1.3,1.0,1.4,5,10,7.0,1.0,1.1,0.8,1.6,5,10,6.0
2022/23,2022-10-29,Fulham,Everton,1.4,1.6,2.0,2.2,5,10,6.0,1.2,1.3,1.2,1.2,5,10,7.0
2022/23,2022-10-29,Leicester,Man City,2.0,1.0,2.2,0.4,5,10,6.0,2.4,2.3,3.2,1.0,5,10,7.0
2022/23,2022-10-29,Liverpool,Leeds,1.4,1.5,1.4,1.4,5,10,7.0,0.2,0.6,0.6,1.6,5,10,6.0
2022/23,2022-10-29,Newcastle,Aston Villa,2.6,1.7,2.4,0.6,5,10,6.0,1.0,0.9,1.0,1.2,5,10,6.0
2022/23,2022-10-30,Arsenal,Nott'm Forest,2.6,2.5,2.2,0.8,5,10,7.0,1.0,0.6,0.4,1.2,5,10,8.0
2022/23,2022-10-30,Man United,West Ham,1.6,2.0,1.6,1.6,5,10,8.0,2.0,1.4,1.6,0.6,5,10,6.0
2022/23,2022-11-05,Everton,Leicester,0.8,1.3,0.8,1.0,5,10,7.0,1.4,1.0,1.4,0.6,5,10,7.0
2022/23,2022-11-05,Leeds,Bournemouth,0.6,0.8,1.0,1.8,5,10,7.0,0.8,1.0,1.2,1.8,5,10,7.0
2022/23,2022-11-05,Man City,Fulham,2.4,2.3,2.8,1.0,5,10,7.0,1.6,1.4,1.8,1.4,5,10,7.0
2022/23,2022-11-05,Nott'm Forest,Brentford,1.0,0.5,0.4,1.4,5,10,6.0,1.0,1.1,0.8,2.0,5,10,7.0
2022/23,2022-11-05,Wolves,Brighton,0.8,0.9,0.6,2.0,5,10,7.0,0.8,1.4,1.0,1.4,5,10,7.0
2022/23,2022-11-06,Aston Villa,Man United,0.8,0.9,1.0,2.0,5,10,8.0,2.2,2.3,1.2,0.4,5,10,7.0
2022/23,2022-11-06,Chelsea,Arsenal,1.6,1.7,1.4,1.0,5,10,8.0,2.6,2.5,2.6,0.8,5,10,7.0
2022/23,2022-11-06,Southampton,Newcastle,1.0,0.8,0.6,1.4,5,10,8.0,2.6,1.9,2.4,0.4,5,10,8.0
2022/23,2022-11-06,Tottenham,Liverpool,1.8,1.9,1.4,1.2,5,10,8.0,1.2,1.4,1.0,1.2,5,10,8.0
2022/23,2022-11-06,West Ham,Crystal Palace,1.4,1.4,1.2,0.8,5,10,7.0,2.0,1.5,1.0,1.0,5,10,8.0
2022/23,2022-11-12,Bournemouth,Everton,0.2,1.0,1.4,2.4,5,10,7.0,0.8,1.2,0.6,1.0,5,10,7.0
2022/23,2022-11-12,Liverpool,Southampton,1.8,1.7,1.0,0.8,5,10,6.0,1.0,0.8,0.8,1.4,5,10,6.0
2022/23,2022-11-12,Man City,Brentford,2.4,2.5,2.0,0.6,5,10,7.0,1.2,1.1,1.0,1.4,5,10,7.0
2022/23,2022-11-12,Newcastle,Chelsea,2.6,2.1,2.2,0.4,5,10,6.0,1.0,1.7,0.8,1.2,5,10,6.0
2022/23,2022-11-12,Nott'm Forest,Crystal Palace,1.0,0.6,0.6,1.6,5,10,7.0,2.0,1.5,1.0,1.0,5,10,6.0
2022/23,2022-11-12,Tottenham,Leeds,1.2,1.6,1.4,1.6,5,10,6.0,1.2,0.8,1.6,2.0,5,10,7.0
2022/23,2022-11-12,West Ham,Leicester,0.8,1.1,0.8,1.0,5,10,6.0,2.0,1.3,1.6,0.2,5,10,7.0
2022/23,2022-11-12,Wolves,Arsenal,0.8,0.8,1.0,2.0,5,10,7.0,2.6,2.5,2.2,0.6,5,10,6.0
2022/23,2022-11-13,Brighton,Aston Villa,1.4,1.4,1.6,1.6,5,10,8.0,1.2,1.2,1.4,2.0,5,10,7.0
2022/23,2022-11-13,Fulham,Man United,1.6,1.4,1.8,1.2,5,10,8.0,1.6,2.0,1.0,0.8,5,10,7.0
2022/23,2022-12-26,Arsenal,West Ham,2.6,2.5,2.0,0.2,5,10,44.0,0.6,1.0,0.6,1.2,5,10,44.0
2022/23,2022-12-26,Aston Villa,Liverpool,1.8,1.5,1.8,1.8,5,10,43.0,1.8,1.7,1.4,1.0,5,10,44.0
2022/23,2022-12-26,Brentford,Tottenham,1.2,1.3,1.0,1.6,5,10,44.0,1.2,1.8,1.8,2.2,5,10,44.0
2022/23,2022-12-26,Crystal Palace,Fulham,1.8,1.5,1.0,1.2,5,10,44.0,1.4,1.1,1.6,1.2,5,10,43.0
2022/23,2022-12-26,Everton,Wolves,0.8,1.1,0.6,1.2,5,10,44.0,0.2,0.7,0.8,2.4,5,10,44.0
2022/23,2022-12-26,Leicester,Newcastle,2.4,1.6,2.0,0.2,5,10,44.0,3.0,2.4,2.4,0.4,5,10,44.0
2022/23,2022-12-26,Southampton,Brighton,0.8,0.5,0.8,1.8,5,10,44.0,1.4,1.1,1.8,1.6,5,10,43.0
2022/23,2022-12-27,Chelsea,Bournemouth,0.4,1.4,0.4,1.4,5,10,45.0,0.6,1.2,1.6,2.0,5,10,45.0
2022/23,2022-12-27,Man United,Nott'm Forest,2.0,2.0,1.4,1.0,5,10,44.0,1.6,0.9,0.8,1.4,5,10,45.0
2022/23,2022-12-28,Leeds,Man City,1.2,0.8,2.2,2.6,5,10,46.0,1.8,2.2,1.4,1.0,5,10,46.0
2022/23,2022-12-30,Liverpool,Leicester,1.8,1.7,1.8,1.2,5,10,4.0,1.8,1.6,1.6,0.8,5,10,4.0
2022/23,2022-12-30,West Ham,Brentford,0.6,1.0,0.8,1.6,5,10,4.0,1.2,1.1,1.4,2.0,5,10,4.0
2022/23,2022-12-31,Bournemouth,Crystal Palace,0.6,0.9,1.6,2.2,5,10,4.0,1.2,1.4,0.6,1.6,5,10,5.0
2022/23,2022-12-31,Brighton,Arsenal,1.8,1.4,2.4,1.8,5,10,5.0,2.6,2.5,2.4,0.4,5,10,5.0
2022/23,2022-12-31,Fulham,Southampton,1.4,1.4,1.6,1.2,5,10,5.0,0.2,0.5,0.8,2.4,5,10,5.0
2022/23,2022-12-31,Man City,Everton,2.4,2.2,2.0,1.0,5,10,3.0,0.8,1.0,0.8,1.4,5,10,5.0
2022/23,2022-12-31,Newcastle,Leeds,3.0,2.6,2.8,0.4,5,10,5.0,1.2,0.7,2.4,2.8,5,10,3.0
2022/23,2022-12-31,Wolves,Man United,0.8,0.7,1.0,2.2,5,10,5.0,2.0,2.0,1.6,1.0,5,10,4.0
2022/23,2023-01-01,Nott'm Forest,Chelsea,1.4,0.9,0.8,2.0,5,10,5.0,0.8,1.7,0.8,1.4,5,10,5.0
2022/23,2023-01-01,Tottenham,Aston Villa,1.4,1.6,2.2,2.2,5,10,6.0,1.8,1.4,2.0,1.8,5,10,6.0
2022/23,2023-01-02,Brentford,Liverpool,1.8,1.4,1.8,1.2,5,10,3.0,2.4,1.9,2.2,1.2,5,10,3.0
2022/23,2023-01-03,Arsenal,Newcastle,3.0,2.8,3.0,0.6,5,10,3.0,2.6,2.6,2.4,0.2,5,10,3.0
2022/23,2023-01-03,Everton,Brighton,0.4,0.8,0.4,1.6,5,10,3.0,1.8,1.1,2.6,2.0,5,10,3.0
2022/23,2023-01-03,Leicester,Fulham,1.2,1.6,1.0,1.2,5,10,4.0,1.4,1.4,1.4,1.0,5,10,3.0
2022/23,2023-01-03,Man United,Bournemouth,2.4,2.0,1.6,0.8,5,10,3.0,0.6,0.8,1.6,2.2,5,10,3.0
2022/23,2023-01-04,Aston Villa,Wolves,1.8,1.4,1.6,1.8,5,10,3.0,0.8,0.7,1.0,1.6,5,10,4.0
2022/23,2023-01-04,Crystal Palace,Tottenham,1.8,1.6,1.0,1.0,5,10,4.0,1.4,1.3,2.0,2.2,5,10,3.0
2022/23,2023-01-04,Leeds,West Ham,1.4,0.8,2.0,2.2,5,10,4.0,0.0,1.0,0.4,2.0,5,10,5.0
2022/23,2023-01-04,Southampton,Nott'm Forest,0.0,0.5,0.8,2.6,5,10,4.0,1.0,1.0,0.8,2.2,5,10,3.0
2022/23,2023-01-05,Chelsea,Man City,0.8,1.5,0.8,1.4,5,10,4.0,2.0,2.2,1.6,1.0,5,10,5.0
2022/23,2023-01-12,Fulham,Chelsea,1.8,1.7,1.6,1.0,5,10,9.0,0.8,1.2,0.6,0.8,5,10,7.0
2022/23,2023-01-13,Aston Villa,Leeds,2.0,1.4,1.8,1.2,5,10,9.0,1.0,0.8,2.0,2.4,5,10,9.0
2022/23,2023-01-14,Brentford,Bournemouth,2.2,1.6,2.2,1.2,5,10,12.0,0.6,0.7,1.2,2.2,5,10,11.0
2022/23,2023-01-14,Brighton,Liverpool,1.8,1.3,2.6,2.0,5,10,11.0,2.4,1.8,2.2,1.4,5,10,12.0
2022/23,2023-01-14,Everton,Southampton,0.2,0.5,0.6,2.4,5,10,11.0,0.0,0.5,0.8,2.6,5,10,10.0
2022/23,2023-01-14,Man United,Man City,2.4,2.3,2.0,0.8,5,10,11.0,2.0,2.2,1.6,1.0,5,10,9.0
2022/23,2023-01-14,Nott'm Forest,Leicester,1.6,1.3,1.0,1.2,5,10,10.0,1.2,1.3,1.0,1.2,5,10,11.0
2022/23,2023-01-14,Wolves,West Ham,0.8,0.8,1.0,1.6,5,10,10.0,0.2,0.8,0.8,2.2,5,10,10.0
2022/23,2023-01-15,Chelsea,Crystal Palace,0.8,0.9,0.8,1.0,5,10,3.0,1.2,1.6,0.8,1.8,5,10,11.0
2022/23,2023-01-15,Newcastle,Fulham,2.2,2.4,1.6,0.2,5,10,12.0,2.4,2.0,1.8,0.8,5,10,3.0
2022/23,2023-01-15,Tottenham,Arsenal,1.4,1.6,2.2,1.8,5,10,11.0,2.6,2.6,2.0,0.6,5,10,12.0
2022/23,2023-01-18,Crystal Palace,Man United,0.6,1.3,0.4,1.8,5,10,3.0,3.0,2.3,2.2,0.4,5,10,4.0
2022/23,2023-01-19,Man City,Tottenham,1.4,1.9,1.4,1.2,5,10,5.0,1.4,1.3,2.0,1.8,5,10,4.0
2022/23,2023-01-21,Bournemouth,Nott'm Forest,0.6,0.4,0.6,1.8,5,10,7.0,2.0,1.5,1.0,0.8,5,10,7.0
2022/23,2023-01-21,Crystal Palace,Newcastle,0.8,1.3,0.6,1.8,5,10,3.0,2.2,2.4,1.0,0.0,5,10,6.0
2022/23,2023-01-21,Leicester,Brighton,0.6,1.3,0.6,1.6,5,10,7.0,1.8,1.6,2.6,1.6,5,10,7.0
2022/23,2023-01-21,Liverpool,Chelsea,1.8,1.8,1.8,1.8,5,10,7.0,1.4,0.9,1.0,0.8,5,10,6.0
2022/23,2023-01-21,Southampton,Aston Villa,0.6,0.8,1.0,2.0,5,10,7.0,2.0,1.6,1.6,1.2,5,10,8.0
2022/23,2023-01-21,West Ham,Everton,0.2,0.5,0.6,2.0,5,10,7.0,0.2,0.5,0.8,2.4,5,10,7.0
2022/23,2023-01-22,Arsenal,Man United,2.6,2.6,2.2,0.6,5,10,7.0,2.6,2.3,2.0,0.4,5,10,4.0
2022/23,2023-01-22,Leeds,Brentford,0.4,0.8,1.4,2.2,5,10,9.0,2.6,1.9,2.2,0.8,5,10,8.0
2022/23,2023-01-22,Man City,Wolves,2.0,1.9,2.0,1.2,5,10,3.0,1.4,1.1,0.8,1.0,5,10,8.0
2022/23,2023-01-23,Fulham,Tottenham,2.4,1.9,1.6,0.6,5,10,8.0,0.8,1.0,1.6,2.0,5,10,4.0
2022/23,2023-02-03,Chelsea,Fulham,1.0,0.9,0.6,0.8,5,10,13.0,1.8,1.6,1.0,0.8,5,10,11.0
2022/23,2023-02-04,Aston Villa,Leicester,2.0,1.9,1.4,1.0,5,10,14.0,0.2,1.3,0.6,2.0,5,10,14.0
2022/23,2023-02-04,Brentford,Southampton,2.2,1.7,1.8,0.6,5,10,13.0,0.6,0.7,0.8,1.6,5,10,14.0
2022/23,2023-02-04,Brighton,Bournemouth,2.0,1.7,2.8,1.6,5,10,14.0,0.2,0.4,0.2,2.0,5,10,14.0
2022/23,2023-02-04,Everton,Arsenal,0.2,0.5,0.8,2.2,5,10,14.0,2.6,2.6,2.4,1.0,5,10,13.0
2022/23,2023-02-04,Man United,Crystal Palace,2.0,2.0,1.8,1.0,5,10,13.0,1.0,1.1,0.6,1.2,5,10,14.0
2022/23,2023-02-04,Newcastle,West Ham,1.8,2.4,0.8,0.0,5,10,14.0,0.8,0.7,1.0,1.6,5,10,14.0
2022/23,2023-02-04,Wolves,Liverpool,1.4,0.8,0.8,1.2,5,10,13.0,1.4,1.6,1.2,1.6,5,10,14.0
2022/23,2023-02-05,Nott'm Forest,Leeds,1.6,1.6,1.0,1.0,5,10,15.0,0.6,0.9,0.8,1.4,5,10,14.0
2022/23,2023-02-05,Tottenham,Man City,1.2,1.3,1.4,1.6,5,10,13.0,2.0,2.2,2.0,1.0,5,10,14.0
2022/23,2023-02-08,Man United,Leeds,2.0,2.2,2.0,1.2,5,10,4.0,0.6,0.9,0.6,1.0,5,10,3.0
2022/23,2023-02-11,Arsenal,Brentford,2.0,2.3,1.8,1.0,5,10,7.0,2.6,1.9,2.0,0.2,5,10,7.0
2022/23,2023-02-11,Bournemouth,Newcastle,0.2,0.4,0.2,1.8,5,10,7.0,1.4,2.2,0.4,0.2,5,10,7.0
2022/23,2023-02-11,Crystal Palace,Brighton,0.4,1.1,0.4,1.6,5,10,7.0,2.0,1.9,2.4,1.4,5,10,7.0
2022/23,2023-02-11,Fulham,Nott'm Forest,1.4,1.4,0.6,0.6,5,10,8.0,2.2,1.8,1.2,0.4,5,10,6.0
2022/23,2023-02-11,Leicester,Tottenham,0.8,1.3,1.4,1.8,5,10,7.0,1.8,1.6,1.6,1.2,5,10,6.0
2022/23,2023-02-11,Southampton,Wolves,0.6,0.4,0.6,1.6,5,10,7.0,1.4,1.1,1.0,1.0,5,10,7.0
2022/23,2023-02-11,West Ham,Chelsea,1.0,0.8,1.0,1.2,5,10,7.0,1.0,0.9,0.4,0.6,5,10,8.0
2022/23,2023-02-12,Leeds,Man United,0.6,1.0,1.0,1.4,5,10,4.0,1.6,2.0,1.8,1.6,5,10,4.0
2022/23,2023-02-12,Man City,Aston Villa,1.8,1.9,1.8,1.0,5,10,7.0,2.0,1.9,1.6,1.2,5,10,8.0
2022/23,2023-02-13,Liverpool,Everton,0.8,1.3,0.6,2.0,5,10,9.0,0.8,0.8,0.8,1.8,5,10,9.0
2022/23,2023-02-15,Arsenal,Man City,1.6,2.3,1.2,0.8,5,10,4.0,1.8,1.9,2.2,1.2,5,10,3.0
2022/23,2023-02-18,Aston Villa,Arsenal,1.4,1.6,1.4,1.8,5,10,6.0,1.4,2.0,1.4,1.4,5,10,3.0
2022/23,2023-02-18,Brentford,Crystal Palace,2.2,2.0,1.8,0.4,5,10,7.0,0.6,0.9,0.6,1.0,5,10,7.0
2022/23,2023-02-18,Brighton,Fulham,2.2,2.0,2.2,0.8,5,10,7.0,1.4,1.6,0.8,0.6,5,10,7.0
2022/23,2023-02-18,Chelsea,Southampton,1.2,1.0,0.6,0.6,5,10,7.0,0.6,0.3,0.6,1.6,5,10,7.0
2022/23,2023-02-18,Everton,Leeds,0.6,0.5,0.6,2.0,5,10,5.0,0.4,0.7,0.6,1.4,5,10,6.0
2022/23,2023-02-18,Newcastle,Liverpool,1.4,2.0,0.6,0.4,5,10,7.0,0.8,1.6,0.6,1.8,5,10,5.0
2022/23,2023-02-18,Nott'm Forest,Man City,2.0,1.5,1.0,0.6,5,10,7.0,2.4,1.9,2.6,1.0,5,10,3.0
2022/23,2023-02-18,Wolves,Bournemouth,2.0,1.4,1.4,1.0,5,10,7.0,0.4,0.5,0.4,1.6,5,10,7.0
2022/23,2023-02-19,Man United,Leicester,1.6,2.3,1.8,1.4,5,10,7.0,1.4,1.3,2.0,1.6,5,10,8.0
2022/23,2023-02-19,Tottenham,West Ham,1.2,1.3,1.0,2.0,5,10,8.0,1.2,0.6,1.2,1.0,5,10,8.0
2022/23,2023-02-24,Fulham,Wolves,1.4,1.9,0.6,0.4,5,10,6.0,1.8,1.3,1.2,1.0,5,10,6.0
2022/23,2023-02-25,Bournemouth,Man City,1.0,0.8,0.6,1.0,5,10,7.0,2.0,2.0,2.0,0.8,5,10,7.0
2022/23,2023-02-25,Crystal Palace,Liverpool,0.8,0.7,0.8,1.0,5,10,7.0,1.4,1.9,0.8,1.2,5,10,7.0
2022/23,2023-02-25,Everton,Aston Villa,1.2,0.7,0.6,1.2,5,10,7.0,1.2,1.6,1.6,2.4,5,10,7.0
2022/23,2023-02-25,Leeds,Southampton,0.4,0.4,0.4,1.2,5,10,7.0,1.2,0.6,0.8,1.4,5,10,7.0
2022/23,2023-02-25,Leicester,Arsenal,1.4,1.3,2.0,2.0,5,10,6.0,1.4,2.0,1.8,1.8,5,10,7.0
2022/23,2023-02-25,West Ham,Nott'm Forest,1.0,0.6,0.8,1.0,5,10,6.0,1.6,1.6,1.0,0.8,5,10,7.0
2022/23,2023-02-26,Tottenham,Chelsea,1.8,1.6,1.4,1.6,5,10,7.0,1.2,1.0,0.4,0.4,5,10,8.0
2022/23,2023-03-01,Arsenal,Everton,1.4,2.0,1.4,1.4,5,10,4.0,1.2,0.7,0.4,1.2,5,10,4.0
2022/23,2023-03-01,Liverpool,Wolves,1.6,1.7,0.8,0.6,5,10,4.0,1.4,1.4,1.2,1.2,5,10,5.0
2022/23,2023-03-04,Arsenal,Bournemouth,2.0,2.0,2.2,1.2,5,10,3.0,1.0,0.8,0.8,1.4,5,10,7.0
2022/23,2023-03-04,Aston Villa,Crystal Palace,1.2,1.6,1.6,2.2,5,10,7.0,0.8,0.8,0.6,0.8,5,10,7.0
2022/23,2023-03-04,Brighton,West Ham,1.6,1.7,1.4,0.8,5,10,14.0,1.6,0.9,1.6,0.8,5,10,7.0
2022/23,2023-03-04,Chelsea,Leeds,0.6,1.0,0.2,0.8,5,10,6.0,0.8,0.7,0.6,1.2,5,10,7.0
2022/23,2023-03-04,Man City,Newcastle,2.0,2.0,2.2,1.0,5,10,7.0,1.2,1.7,0.6,0.8,5,10,14.0
2022/23,2023-03-04,Southampton,Leicester,0.6,0.6,0.4,1.4,5,10,7.0,1.4,1.0,2.0,1.8,5,10,7.0
2022/23,2023-03-04,Wolves,Tottenham,1.4,1.4,1.2,1.0,5,10,3.0,2.4,1.6,1.4,0.8,5,10,6.0
2022/23,2023-03-05,Liverpool,Man United,2.0,1.7,1.2,0.6,5,10,4.0,2.0,2.3,2.2,1.2,5,10,14.0
2022/23,2023-03-05,Nott'm Forest,Everton,1.0,1.5,0.6,1.6,5,10,8.0,1.2,0.7,0.4,1.6,5,10,4.0
2022/23,2023-03-06,Brentford,Fulham,1.8,2.0,1.4,0.4,5,10,16.0,1.6,2.0,0.8,0.4,5,10,10.0
2022/23,2023-03-11,Bournemouth,Liverpool,0.8,0.5,1.0,1.8,5,10,7.0,2.6,1.7,2.6,0.0,5,10,6.0
2022/23,2023-03-11,Crystal Palace,Man City,0.6,0.8,0.6,1.0,5,10,7.0,2.6,2.2,2.6,0.8,5,10,7.0
2022/23,2023-03-11,Everton,Brentford,0.8,0.8,0.6,2.0,5,10,6.0,1.8,2.2,1.6,0.8,5,10,5.0
2022/23,2023-03-11,Leeds,Brighton,0.8,0.7,0.6,1.2,5,10,7.0,1.6,1.7,1.6,0.8,5,10,7.0
2022/23,2023-03-11,Leicester,Chelsea,1.2,0.7,1.6,1.6,5,10,7.0,1.0,1.0,0.4,0.8,5,10,7.0
2022/23,2023-03-11,Tottenham,Nott'm Forest,1.8,1.5,1.2,1.0,5,10,7.0,1.0,1.3,0.8,1.8,5,10,6.0
2022/23,2023-03-12,Fulham,Arsenal,1.6,1.7,1.2,0.8,5,10,6.0,2.4,2.0,2.6,1.4,5,10,8.0
2022/23,2023-03-12,Man United,Southampton,2.0,2.0,1.8,2.0,5,10,7.0,1.2,0.9,0.6,1.2,5,10,8.0
2022/23,2023-03-12,Newcastle,Wolves,0.6,1.4,0.4,1.2,5,10,8.0,1.4,1.4,0.8,1.0,5,10,8.0
2022/23,2023-03-12,West Ham,Aston Villa,1.0,0.9,1.2,1.6,5,10,8.0,1.2,1.6,1.6,2.2,5,10,8.0
2022/23,2023-03-15,Brighton,Crystal Palace,1.6,1.8,1.6,0.8,5,10,4.0,0.6,0.5,0.4,0.8,5,10,4.0
2022/23,2023-03-15,Southampton,Brentford,1.4,1.0,0.6,0.6,5,10,3.0,1.6,1.9,1.6,1.0,5,10,4.0
2022/23,2023-03-17,Nott'm Forest,Newcastle,0.4,1.3,0.8,2.4,5,10,6.0,1.0,1.4,0.8,1.4,5,10,5.0
2022/23,2023-03-18,Aston Villa,Bournemouth,1.4,1.7,1.4,1.6,5,10,6.0,1.4,0.8,1.2,1.6,5,10,7.0
2022/23,2023-03-18,Brentford,Leicester,1.6,2.1,1.4,1.0,5,10,3.0,0.6,0.7,1.0,1.8,5,10,7.0
2022/23,2023-03-18,Chelsea,Everton,1.4,1.2,1.0,1.0,5,10,7.0,1.4,1.0,0.8,1.6,5,10,7.0
2022/23,2023-03-18,Southampton,Tottenham,1.4,1.0,0.4,0.6,5,10,3.0,1.8,1.8,1.6,1.2,5,10,7.0
2022/23,2023-03-18,Wolves,Leeds,0.8,1.4,0.6,1.2,5,10,6.0,0.8,0.7,0.6,1.2,5,10,7.0
2022/23,2023-03-19,Arsenal,Crystal Palace,3.0,2.2,3.0,0.8,5,10,7.0,0.4,0.5,0.2,0.8,5,10,4.0
2022/23,2023-04-01,Arsenal,Leeds,3.0,2.2,3.0,0.6,5,10,13.0,1.4,0.9,1.4,1.2,5,10,14.0
2022/23,2023-04-01,Bournemouth,Fulham,1.2,0.8,1.0,2.0,5,10,14.0,1.4,1.4,1.2,1.4,5,10,20.0
2022/23,2023-04-01,Brighton,Brentford,1.6,1.8,1.6,0.8,5,10,17.0,1.6,1.9,1.4,1.0,5,10,14.0
2022/23,2023-04-01,Chelsea,Aston Villa,1.4,1.3,1.2,1.2,5,10,14.0,2.0,1.7,1.8,1.0,5,10,14.0
2022/23,2023-04-01,Crystal Palace,Leicester,0.2,0.5,0.2,1.4,5,10,13.0,0.2,0.8,0.4,1.8,5,10,14.0
2022/23,2023-04-01,Man City,Liverpool,2.6,2.2,2.2,0.6,5,10,21.0,2.0,1.4,2.2,0.2,5,10,21.0
2022/23,2023-04-01,Nott'm Forest,Wolves,0.4,1.2,1.0,2.4,5,10,15.0,0.8,1.3,1.0,1.8,5,10,14.0
2022/23,2023-04-02,Newcastle,Man United,1.4,1.4,1.0,1.4,5,10,16.0,1.6,1.8,1.4,1.8,5,10,21.0
2022/23,2023-04-02,West Ham,Southampton,1.0,1.0,1.2,1.6,5,10,21.0,1.0,1.1,0.8,1.2,5,10,15.0
2022/23,2023-04-03,Everton,Tottenham,1.0,1.1,1.0,2.0,5,10,16.0,2.0,1.6,2.0,1.0,5,10,16.0
2022/23,2023-04-04,Bournemouth,Brighton,1.2,1.1,1.2,2.2,5,10,3.0,1.6,1.9,2.0,1.2,5,10,3.0
2022/23,2023-04-04,Chelsea,Liverpool,1.4,1.3,1.2,1.4,5,10,3.0,1.4,1.4,2.0,1.0,5,10,3.0
2022/23,2023-04-04,Leeds,Nott'm Forest,1.4,0.9,1.6,1.8,5,10,3.0,0.4,1.0,1.0,2.4,5,10,3.0
2022/23,2023-04-04,Leicester,Aston Villa,0.2,0.8,0.6,1.6,5,10,3.0,2.6,1.9,1.8,0.2,5,10,3.0
2022/23,2023-04-05,Man United,Brentford,1.4,1.5,1.0,1.8,5,10,3.0,1.6,1.7,1.8,1.4,5,10,4.0
2022/23,2023-04-05,West Ham,Newcastle,1.4,1.3,1.2,1.4,5,10,3.0,1.8,1.6,1.2,1.2,5,10,3.0
2022/23,2023-04-08,Aston Villa,Nott'm Forest,2.6,1.9,1.8,0.4,5,10,4.0,0.4,0.7,1.2,2.0,5,10,4.0
2022/23,2023-04-08,Brentford,Newcastle,1.0,1.4,1.2,1.2,5,10,3.0,2.4,1.8,2.2,1.0,5,10,3.0
2022/23,2023-04-08,Fulham,West Ham,0.8,1.1,1.0,1.8,5,10,7.0,1.4,1.2,1.4,2.0,5,10,3.0
2022/23,2023-04-08,Leicester,Bournemouth,0.2,0.8,0.8,1.8,5,10,4.0,1.2,1.1,1.0,1.8,5,10,4.0
2022/23,2023-04-08,Man United,Everton,1.4,1.5,0.8,1.8,5,10,3.0,1.2,1.2,1.2,1.8,5,10,5.0
2022/23,2023-04-08,Southampton,Man City,1.0,0.8,0.8,1.2,5,10,6.0,2.6,2.5,2.4,0.6,5,10,7.0
2022/23,2023-04-08,Tottenham,Brighton,1.6,1.7,1.8,1.2,5,10,5.0,2.2,1.9,2.4,1.0,5,10,4.0
2022/23,2023-04-08,Wolves,Chelsea,0.8,1.1,1.0,1.8,5,10,7.0,1.6,1.1,1.2,1.0,5,10,4.0
2022/23,2023-04-09,Leeds,Crystal Palace,1.4,1.1,1.8,2.0,5,10,5.0,0.6,0.7,0.6,1.6,5,10,8.0
2022/23,2023-04-09,Liverpool,Arsenal,1.4,1.5,2.0,1.0,5,10,5.0,3.0,2.2,3.6,0.8,5,10,8.0
2022/23,2023-04-15,Aston Villa,Newcastle,2.6,1.9,2.0,0.4,5,10,7.0,3.0,1.8,2.6,0.8,5,10,7.0
2022/23,2023-04-15,Chelsea,Brighton,1.0,1.0,1.0,1.2,5,10,7.0,1.6,1.6,1.8,1.4,5,10,7.0
2022/23,2023-04-15,Everton,Fulham,1.2,1.2,1.2,1.4,5,10,7.0,0.2,0.8,0.8,2.0,5,10,7.0
2022/23,2023-04-15,Man City,Leicester,3.0,2.5,3.0,0.6,5,10,7.0,0.2,0.7,0.8,1.8,5,10,7.0
2022/23,2023-04-15,Southampton,Crystal Palace,0.4,0.8,0.8,2.0,5,10,7.0,1.2,0.9,1.6,1.6,5,10,6.0
2022/23,2023-04-15,Tottenham,Bournemouth,1.6,2.0,1.8,1.4,5,10,7.0,1.8,1.3,0.8,1.2,5,10,7.0
2022/23,2023-04-15,Wolves,Brentford,1.4,1.4,1.2,1.4,5,10,7.0,1.0,1.3,1.4,1.4,5,10,7.0
2022/23,2023-04-16,Nott'm Forest,Man United,0.2,0.6,0.8,2.0,5,10,8.0,1.4,1.7,0.6,1.8,5,10,8.0
2022/23,2023-04-16,West Ham,Arsenal,1.4,1.5,0.8,2.0,5,10,8.0,2.6,2.3,3.2,1.2,5,10,7.0
2022/23,2023-04-17,Leeds,Liverpool,1.4,1.1,2.0,2.8,5,10,8.0,1.0,1.5,2.0,1.4,5,10,8.0
2022/23,2023-04-21,Arsenal,Southampton,2.2,2.3,3.0,1.2,5,10,5.0,0.2,0.8,0.8,2.4,5,10,6.0
2022/23,2023-04-22,Brentford,Aston Villa,0.4,1.0,1.0,1.8,5,10,7.0,3.0,2.2,2.4,0.2,5,10,7.0
2022/23,2023-04-22,Crystal Palace,Everton,1.8,1.2,2.0,1.4,5,10,7.0,1.0,0.9,1.0,1.6,5,10,7.0
2022/23,2023-04-22,Fulham,Leeds,0.6,1.1,1.2,2.0,5,10,7.0,1.2,1.0,1.8,3.6,5,10,5.0
2022/23,2023-04-22,Leicester,Wolves,0.2,0.4,0.8,1.8,5,10,7.0,1.4,1.4,1.4,1.4,5,10,7.0
2022/23,2023-04-22,Liverpool,Nott'm Forest,1.0,1.8,1.8,1.6,5,10,5.0,0.2,0.3,0.6,1.8,5,10,6.0
2022/23,2023-04-23,Bournemouth,West Ham,1.8,1.6,1.2,1.6,5,10,8.0,1.6,1.3,1.2,1.6,5,10,7.0
2022/23,2023-04-23,Newcastle,Tottenham,2.4,1.7,2.2,1.2,5,10,8.0,1.6,1.7,2.2,1.8,5,10,8.0
2022/23,2023-04-25,Aston Villa,Fulham,2.6,2.3,2.0,0.4,5,10,3.0,1.2,1.4,1.2,1.6,5,10,3.0
2022/23,2023-04-25,Leeds,Leicester,0.6,1.0,1.2,3.6,5,10,3.0,0.6,0.4,1.0,1.8,5,10,3.0
2022/23,2023-04-25,Wolves,Crystal Palace,1.4,1.1,1.4,1.4,5,10,3.0,2.0,1.2,2.0,1.2,5,10,3.0
2022/23,2023-04-26,Chelsea,Brentford,0.4,0.9,0.6,1.4,5,10,11.0,0.4,1.0,1.0,1.8,5,10,4.0
2022/23,2023-04-26,Man City,Arsenal,3.0,2.5,2.8,0.6,5,10,11.0,1.8,2.4,3.0,1.8,5,10,5.0
2022/23,2023-04-26,Nott'm Forest,Brighton,0.2,0.3,0.8,2.0,5,10,4.0,2.0,1.8,1.8,1.2,5,10,11.0
2022/23,2023-04-26,West Ham,Liverpool,2.0,1.5,1.8,1.4,5,10,3.0,1.6,1.8,2.4,1.8,5,10,4.0
2022/23,2023-04-27,Everton,Newcastle,0.6,1.0,0.8,1.6,5,10,5.0,2.4,1.9,3.0,1.2,5,10,4.0
2022/23,2023-04-27,Southampton,Bournemouth,0.4,0.9,1.4,2.6,5,10,6.0,1.8,1.5,1.2,1.8,5,10,4.0
2022/23,2023-04-27,Tottenham,Man United,1.0,1.4,1.8,2.8,5,10,4.0,2.0,2.0,1.0,0.4,5,10,11.0
2022/23,2023-04-29,Brentford,Nott'm Forest,0.8,1.2,0.8,1.2,5,10,3.0,0.6,0.5,1.2,2.0,5,10,3.0
2022/23,2023-04-29,Brighton,Wolves,1.4,1.5,1.8,1.8,5,10,3.0,2.0,1.4,1.4,0.6,5,10,4.0
2022/23,2023-04-29,Crystal Palace,West Ham,2.0,1.1,1.8,0.8,5,10,4.0,1.4,1.4,1.8,1.8,5,10,3.0
2022/23,2023-04-30,Bournemouth,Leeds,1.8,1.5,1.0,1.6,5,10,3.0,0.8,1.1,1.2,3.0,5,10,5.0
2022/23,2023-04-30,Fulham,Man City,1.2,1.3,1.2,1.2,5,10,5.0,3.0,2.8,3.2,0.8,5,10,4.0
2022/23,2023-04-30,Liverpool,Tottenham,2.2,1.8,2.6,1.2,5,10,4.0,1.0,1.5,1.6,2.6,5,10,3.0
2022/23,2023-04-30,Man United,Aston Villa,2.0,1.8,1.4,0.8,5,10,3.0,2.6,2.6,1.8,0.4,5,10,5.0
2022/23,2023-04-30,Newcastle,Southampton,2.4,2.1,3.4,1.4,5,10,3.0,0.2,0.6,0.8,2.2,5,10,3.0
2022/23,2023-05-01,Leicester,Everton,0.8,0.5,1.0,1.6,5,10,6.0,0.4,0.7,0.6,2.0,5,10,4.0
2022/23,2023-05-02,Arsenal,Chelsea,1.2,2.1,2.4,2.4,5,10,6.0,0.2,0.8,0.2,1.4,5,10,6.0
2022/23,2023-05-03,Liverpool,Fulham,2.6,2.0,3.4,1.8,5,10,3.0,1.2,1.0,1.2,1.2,5,10,3.0
2022/23,2023-05-03,Man City,West Ham,3.0,2.8,3.4,1.0,5,10,3.0,1.4,1.4,2.2,1.6,5,10,4.0
2022/23,2023-05-04,Brighton,Man United,1.8,1.7,2.4,1.2,5,10,5.0,2.6,2.0,1.6,0.4,5,10,4.0
2022/23,2023-05-06,Bournemouth,Chelsea,2.4,1.8,1.8,1.4,5,10,6.0,0.2,0.8,0.4,1.6,5,10,4.0
2022/23,2023-05-06,Liverpool,Brentford,3.0,2.0,3.2,1.4,5,10,3.0,1.4,1.2,1.2,1.2,5,10,7.0
2022/23,2023-05-06,Man City,Leeds,3.0,2.8,3.2,0.8,5,10,3.0,0.2,0.8,1.0,3.6,5,10,6.0
2022/23,2023-05-06,Tottenham,Crystal Palace,0.8,1.2,2.0,3.2,5,10,6.0,2.0,1.3,2.2,1.2,5,10,7.0
2022/23,2023-05-06,Wolves,Aston Villa,1.8,1.3,1.2,1.6,5,10,7.0,2.0,2.3,1.4,0.4,5,10,6.0
2022/23,2023-05-07,Newcastle,Arsenal,2.4,2.4,3.0,1.4,5,10,7.0,1.2,2.1,2.2,2.4,5,10,5.0
2022/23,2023-05-07,West Ham,Man United,0.8,1.1,2.0,2.2,5,10,4.0,2.0,1.7,1.4,0.6,5,10,3.0
2022/23,2023-05-08,Brighton,Everton,1.8,2.0,2.2,1.2,5,10,4.0,0.4,0.8,0.8,2.2,5,10,7.0
2022/23,2023-05-08,Fulham,Leicester,1.2,0.7,1.2,1.2,5,10,5.0,1.0,0.6,1.2,1.6,5,10,7.0
2022/23,2023-05-08,Nott'm Forest,Southampton,0.6,0.5,1.2,2.0,5,10,9.0,0.2,0.6,1.0,2.6,5,10,8.0
2022/23,2023-05-13,Aston Villa,Tottenham,1.4,2.0,1.0,0.6,5,10,7.0,0.8,1.2,1.8,3.0,5,10,7.0
2022/23,2023-05-13,Chelsea,Nott'm Forest,0.6,1.1,1.0,1.8,5,10,7.0,1.2,0.7,2.0,2.2,5,10,5.0
2022/23,2023-05-13,Crystal Palace,Bournemouth,1.4,1.3,1.2,1.2,5,10,7.0,1.8,1.8,1.8,2.0,5,10,7.0
2022/23,2023-05-13,Leeds,Newcastle,0.2,0.8,1.0,3.0,5,10,7.0,1.8,2.4,2.6,1.6,5,10,6.0
2022/23,2023-05-13,Man United,Wolves,1.4,1.4,1.0,0.8,5,10,6.0,1.8,1.6,1.2,1.6,5,10,7.0
2022/23,2023-05-13,Southampton,Fulham,0.2,0.3,1.4,2.6,5,10,5.0,1.2,0.9,1.6,1.6,5,10,5.0
2022/23,2023-05-14,Arsenal,Brighton,1.6,2.1,2.2,2.0,5,10,7.0,1.8,1.7,2.2,1.8,5,10,6.0
2022/23,2023-05-14,Brentford,West Ham,1.4,1.2,1.0,1.0,5,10,8.0,1.2,1.4,1.8,1.8,5,10,7.0
2022/23,2023-05-14,Everton,Man City,1.0,1.1,1.8,2.0,5,10,6.0,3.0,3.0,2.8,0.8,5,10,8.0
2022/23,2023-05-15,Leicester,Liverpool,1.0,0.6,1.8,2.4,5,10,7.0,3.0,2.0,2.2,1.2,5,10,9.0
2022/23,2023-05-18,Newcastle,Brighton,2.0,2.2,3.0,1.4,5,10,5.0,1.8,1.9,2.4,1.6,5,10,4.0
2022/23,2023-05-20,Bournemouth,Man United,1.2,1.5,1.2,2.0,5,10,7.0,1.4,1.7,1.0,0.8,5,10,7.0
2022/23,2023-05-20,Fulham,Crystal Palace,1.2,1.2,1.6,1.4,5,10,7.0,1.4,1.6,1.2,1.2,5,10,7.0
2022/23,2023-05-20,Liverpool,Aston Villa,3.0,2.3,2.2,0.8,5,10,5.0,1.4,2.2,0.8,0.8,5,10,7.0
2022/23,2023-05-20,Nott'm Forest,Arsenal,1.4,0.8,2.4,2.2,5,10,7.0,1.4,1.8,1.8,2.2,5,10,6.0
2022/23,2023-05-20,Tottenham,Brentford,0.8,1.2,1.6,2.8,5,10,7.0,2.0,1.2,1.4,0.6,5,10,6.0
2022/23,2023-05-20,Wolves,Everton,1.2,1.3,0.8,2.0,5,10,7.0,1.0,1.0,1.6,2.0,5,10,6.0
2022/23,2023-05-21,Brighton,Southampton,1.8,1.6,2.4,1.8,5,10,3.0,0.2,0.2,1.4,2.6,5,10,8.0
2022/23,2023-05-21,Man City,Chelsea,3.0,3.0,2.8,0.6,5,10,7.0,0.8,0.9,1.4,2.0,5,10,8.0
2022/23,2023-05-21,West Ham,Leeds,0.6,1.3,1.0,2.2,5,10,7.0,0.4,0.8,1.2,2.2,5,10,8.0
2022/23,2023-05-22,Newcastle,Leicester,2.0,2.2,2.6,1.4,5,10,4.0,1.0,0.6,1.6,2.4,5,10,7.0
2022/23,2023-05-24,Brighton,Man City,1.8,1.8,1.8,2.0,5,10,3.0,3.0,3.0,2.2,0.4,5,10,3.0
2022/23,2023-05-25,Man United,Chelsea,1.8,1.9,0.8,0.4,5,10,5.0,0.8,0.6,1.2,1.8,5,10,4.0
2022/23,2023-05-28,Arsenal,Wolves,1.2,1.5,1.2,1.8,5,10,8.0,1.4,1.4,0.8,1.8,5,10,8.0
2022/23,2023-05-28,Aston Villa,Brighton,1.4,2.0,0.8,0.8,5,10,8.0,1.4,1.6,1.8,2.2,5,10,4.0
2022/23,2023-05-28,Brentford,Man City,2.4,1.4,1.8,0.6,5,10,8.0,2.6,2.8,2.0,0.4,5,10,4.0
2022/23,2023-05-28,Chelsea,Newcastle,0.8,0.5,1.4,2.2,5,10,3.0,1.6,2.0,1.8,1.2,5,10,6.0
2022/23,2023-05-28,Crystal Palace,Nott'm Forest,1.4,1.7,1.6,1.6,5,10,8.0,2.0,1.1,2.2,1.6,5,10,8.0
2022/23,2023-05-28,Everton,Bournemouth,1.0,0.8,1.8,2.2,5,10,8.0,1.2,1.5,1.2,1.4,5,10,8.0
2022/23,2023-05-28,Leeds,Tottenham,0.4,0.5,1.2,2.4,5,10,7.0,0.8,0.9,1.6,2.2,5,10,8.0
2022/23,2023-05-28,Leicester,West Ham,0.6,0.6,1.2,2.2,5,10,6.0,1.2,1.3,1.4,2.0,5,10,7.0
2022/23,2023-05-28,Man United,Fulham,1.8,2.2,1.4,0.6,5,10,3.0,1.4,1.3,2.0,1.6,5,10,8.0
2022/23,2023-05-28,Southampton,Liverpool,0.0,0.2,1.0,2.6,5,10,7.0,2.6,2.4,2.0,0.8,5,10,8.0
