Season,Date,HomeTeam,AwayTeam,FTHG,FTAG,FTR,split,p_H,p_D,p_A,home_points_mean_5,home_points_mean_10,home_goals_for_mean_5,home_goals_against_mean_5,home_history_count_5,home_history_count_10,home_rest_days,away_points_mean_5,away_points_mean_10,away_goals_for_mean_5,away_goals_against_mean_5,away_history_count_5,away_history_count_10,away_rest_days,book_p_H,book_p_D,book_p_A,fixture_id
2023/24,2023-08-11,Burnley,Man City,0,3,A,validation,0.119497117374695,0.1470133052245904,0.7334895774007145,,,,,0,0,,2.0,2.5,1.4,0.6,5,10,60.0,0.11806956662093454,0.17173755144863206,0.7101928819304333,2023/24|2023-08-11|Burnley|Man City
2023/24,2023-08-12,Arsenal,Nott'm Forest,2,1,H,validation,0.4950221350439472,0.2138773375491391,0.2911005274069136,1.8,1.5,2.0,1.0,5,10,60.0,1.6,1.1,1.8,1.6,5,10,60.0,0.8017715332926084,0.13515577275503968,0.06307269395235185,2023/24|2023-08-12|Arsenal|Nott'm Forest
2023/24,2023-08-12,Bournemouth,West Ham,1,1,D,validation,0.438278058917298,0.2044025824416916,0.3573193586410104,0.6,1.2,1.0,1.6,5,10,60.0,1.2,1.3,1.0,1.6,5,10,60.0,0.35051546391752575,0.27835051546391754,0.3711340206185567,2023/24|2023-08-12|Bournemouth|West Ham
2023/24,2023-08-12,Brighton,Luton,4,1,H,validation,0.5170084639033481,0.2279076500611974,0.2550838860354545,1.4,1.6,1.8,1.6,5,10,60.0,,,,,0,0,,0.7196336410554626,0.17402049865523006,0.10634586028930725,2023/24|2023-08-12|Brighton|Luton
2023/24,2023-08-12,Everton,Fulham,0,1,A,validation,0.3206379907034479,0.2338547875009321,0.4455072217956199,1.6,1.0,1.8,1.4,5,10,60.0,1.4,1.3,2.0,1.6,5,10,60.0,0.43220338983050843,0.2796610169491525,0.288135593220339,2023/24|2023-08-12|Everton|Fulham
2023/24,2023-08-12,Newcastle,Aston Villa,5,1,H,validation,0.4133343986151573,0.1916519457435447,0.3950136556412979,1.2,1.8,1.4,1.2,5,10,60.0,1.4,2.0,1.0,1.0,5,10,60.0,0.5413887799136916,0.2526480972930561,0.20596312279325227,2023/24|2023-08-12|Newcastle|Aston Villa
2023/24,2023-08-12,Sheffield United,Crystal Palace,0,1,A,validation,0.1714612660337008,0.172304790156424,0.6562339438098751,,,,,0,0,,1.6,1.8,1.8,1.4,5,10,60.0,0.31549771029163654,0.28681610026512416,0.39768618944323936,2023/24|2023-08-12|Sheffield United|Crystal Palace
2023/24,2023-08-13,Brentford,Tottenham,2,2,D,validation,0.4279591834610196,0.2213884609497014,0.3506523555892789,2.4,1.6,1.6,0.6,5,10,60.0,1.2,1.1,2.0,2.0,5,10,60.0,0.3411487662537115,0.2759291491757961,0.3829220845704924,2023/24|2023-08-13|Brentford|Tottenham
2023/24,2023-08-13,Chelsea,Liverpool,1,1,D,validation,0.1546604379667138,0.1896626256369847,0.6556769363963015,1.0,0.6,1.4,1.8,5,10,60.0,2.2,2.4,2.0,1.0,5,10,60.0,0.3255813953488372,0.27770177838577287,0.39671682626538984,2023/24|2023-08-13|Chelsea|Liverpool
2023/24,2023-08-14,Man United,Wolves,1,0,H,validation,0.7058711400675864,0.1392218713912886,0.1549069885411249,2.4,2.2,1.8,0.6,5,10,60.0,0.8,1.4,0.4,2.8,5,10,60.0,0.7196336410554626,0.17402049865523006,0.10634586028930725,2023/24|2023-08-14|Man United|Wolves
2023/24,2023-08-18,Nott'm Forest,Sheffield United,2,1,H,validation,0.53700099046004,0.3136774773339399,0.1493215322060201,1.6,1.1,1.8,1.6,5,10,6.0,0.0,0.0,0.0,1.0,1,1,6.0,0.48519443453442745,0.27827327863003926,0.23653228683553335,2023/24|2023-08-18|Nott'm Forest|Sheffield United
2023/24,2023-08-19,Fulham,Brentford,0,3,A,validation,0.4462463861637848,0.2573749765113023,0.2963786373249129,2.0,1.6,2.2,1.4,5,10,7.0,2.0,1.7,1.6,0.8,5,10,6.0,0.3515188335358444,0.28760631834750905,0.3608748481166464,2023/24|2023-08-19|Fulham|Brentford
2023/24,2023-08-19,Liverpool,Bournemouth,3,1,H,validation,0.6796028216182108,0.1729918323956756,0.1474053459861135,1.8,2.4,2.0,1.2,5,10,6.0,0.2,1.3,0.4,1.6,5,10,7.0,0.7913043478260869,0.13565217391304346,0.07304347826086957,2023/24|2023-08-19|Liverpool|Bournemouth
2023/24,2023-08-19,Man City,Newcastle,1,0,H,validation,0.5012319460725401,0.2164968256324301,0.2822712282950298,2.0,2.5,1.6,0.4,5,10,8.0,1.8,1.8,2.4,1.0,5,10,7.0,0.5709391949757351,0.2383671139023694,0.19069369112189552,2023/24|2023-08-19|Man City|Newcastle
2023/24,2023-08-19,Tottenham,Man United,2,0,H,validation,0.3130096961233873,0.2639024014905546,0.4230879023860581,1.4,1.1,1.8,1.6,5,10,6.0,3.0,2.2,2.0,0.4,5,10,5.0,0.33849557522123896,0.26327433628318586,0.39823008849557523,2023/24|2023-08-19|Tottenham|Man United
2023/24,2023-08-19,Wolves,Brighton,1,4,A,validation,0.32076283485306,0.2456188712081297,0.4336182939388102,0.8,1.3,0.4,1.8,5,10,5.0,1.4,1.6,2.0,1.8,5,10,7.0,0.23725953425582186,0.249746878164023,0.5129935875801553,2023/24|2023-08-19|Wolves|Brighton
2023/24,2023-08-20,Aston Villa,Everton,4,0,H,validation,0.5064784976354876,0.2535204691398622,0.2400010332246503,1.4,1.7,1.2,1.8,5,10,8.0,1.4,0.9,1.4,1.2,5,10,8.0,0.5546995377503853,0.2357473035439137,0.20955315870570107,2023/24|2023-08-20|Aston Villa|Everton
2023/24,2023-08-20,West Ham,Chelsea,3,1,H,validation,0.5174933755086168,0.2452311209496636,0.2372755035417194,1.4,1.1,1.2,1.2,5,10,8.0,0.6,0.6,1.0,1.8,5,10,7.0,0.25339366515837103,0.27149321266968324,0.4751131221719457,2023/24|2023-08-20|West Ham|Chelsea
2023/24,2023-08-21,Crystal Palace,Arsenal,0,1,A,validation,0.46493065646149,0.2345605697442105,0.3005087737942994,1.6,1.8,1.2,0.8,5,10,9.0,1.8,1.5,1.8,1.0,5,10,9.0,0.17204301075268816,0.23655913978494622,0.5913978494623655,2023/24|2023-08-21|Crystal Palace|Arsenal
2023/24,2023-08-25,Chelsea,Luton,3,0,H,validation,0.6110733830777914,0.246878620424624,0.1420479964975847,0.4,0.6,0.8,2.0,5,10,5.0,0.0,0.0,1.0,4.0,1,1,13.0,0.7397444519166108,0.17350369872225962,0.08675184936112981,2023/24|2023-08-25|Chelsea|Luton
2023/24,2023-08-26,Arsenal,Fulham,2,2,D,validation,0.5542828652224078,0.2213912322225273,0.2243259025550649,1.8,1.7,1.6,1.0,5,10,5.0,1.4,1.3,1.2,1.4,5,10,7.0,0.7913043478260869,0.13565217391304346,0.07304347826086957,2023/24|2023-08-26|Arsenal|Fulham
2023/24,2023-08-26,Bournemouth,Tottenham,0,2,A,validation,0.3797756939251758,0.2491303904834814,0.3710939155913428,0.2,1.0,0.4,1.6,5,10,7.0,1.4,1.1,2.0,1.6,5,10,7.0,0.24982124483353968,0.25315219476465356,0.49702656040180676,2023/24|2023-08-26|Bournemouth|Tottenham
2023/24,2023-08-26,Brentford,Crystal Palace,1,1,D,validation,0.5483822317827544,0.2300103844291829,0.2216073837880626,2.6,2.0,2.2,0.6,5,10,7.0,1.6,1.5,1.2,0.8,5,10,5.0,0.44510940714419295,0.2814662427529456,0.27342435010286137,2023/24|2023-08-26|Brentford|Crystal Palace
2023/24,2023-08-26,Brighton,West Ham,1,3,A,validation,0.5958820771075016,0.2166358315660788,0.1874820913264196,2.0,1.9,2.6,1.2,5,10,7.0,1.4,1.3,1.6,1.4,5,10,6.0,0.619757688723206,0.1996272134203169,0.18061509785647717,2023/24|2023-08-26|Brighton|West Ham
2023/24,2023-08-26,Everton,Wolves,0,1,A,validation,0.4755589305759052,0.2327724568150898,0.291668612609005,0.8,0.9,0.4,1.8,5,10,6.0,0.2,1.0,0.4,2.6,5,10,7.0,0.41395531164249316,0.2885143081144649,0.2975303802430419,2023/24|2023-08-26|Everton|Wolves
2023/24,2023-08-26,Man United,Nott'm Forest,3,2,H,validation,0.5112363369515279,0.2371955811260659,0.2515680819224061,2.4,1.9,1.6,0.8,5,10,7.0,1.6,1.4,1.4,1.2,5,10,8.0,0.7250755287009064,0.1570996978851964,0.1178247734138973,2023/24|2023-08-26|Man United|Nott'm Forest
2023/24,2023-08-27,Burnley,Aston Villa,1,3,A,validation,0.1175428142883938,0.3792025570003968,0.5032546287112093,0.0,0.0,0.0,3.0,1,1,16.0,2.0,1.7,2.0,1.6,5,10,7.0,0.2792207792207792,0.2792207792207792,0.44155844155844154,2023/24|2023-08-27|Burnley|Aston Villa
2023/24,2023-08-27,Newcastle,Liverpool,1,2,A,validation,0.382653655548517,0.2170596309775212,0.4002867134739618,1.6,1.8,2.0,0.8,5,10,8.0,1.8,2.4,2.4,1.4,5,10,8.0,0.4310344827586207,0.25287356321839083,0.3160919540229885,2023/24|2023-08-27|Newcastle|Liverpool
2023/24,2023-08-27,Sheffield United,Man City,1,2,A,validation,0.1196805591965878,0.2752161735783444,0.6051032672250677,0.0,0.0,0.5,1.5,2,2,9.0,2.0,2.5,1.2,0.4,5,10,8.0,0.07280080889787664,0.11830131445904954,0.8088978766430739,2023/24|2023-08-27|Sheffield United|Man City
2023/24,2023-09-01,Luton,West Ham,1,2,A,validation,0.1206401923452783,0.3770557891566213,0.5023040184981004,0.0,0.0,0.5,3.5,2,2,7.0,2.0,1.3,2.2,1.2,5,10,6.0,0.20017356089094587,0.25021695111368236,0.5496094879953717,2023/24|2023-09-01|Luton|West Ham
2023/24,2023-09-02,Brentford,Bournemouth,2,2,D,validation,0.6955206497030056,0.180007804684692,0.1244715456123023,2.2,2.1,2.0,0.8,5,10,7.0,0.2,0.7,0.4,1.6,5,10,7.0,0.5496094879953717,0.25021695111368236,0.20017356089094587,2023/24|2023-09-02|Brentford|Bournemouth
2023/24,2023-09-02,Brighton,Newcastle,3,1,H,validation,0.4625969284787475,0.2454913313279478,0.2919117401933045,1.4,1.6,2.2,1.6,5,10,7.0,1.0,1.5,1.4,1.0,5,10,6.0,0.37903383532172885,0.24936436534324266,0.37160179933502835,2023/24|2023-09-02|Brighton|Newcastle
2023/24,2023-09-02,Burnley,Tottenham,2,5,A,validation,0.1303664738153845,0.3611421046601652,0.5084914215244504,0.0,0.0,0.5,3.0,2,2,6.0,2.0,1.4,2.2,1.2,5,10,7.0,0.26001405481377377,0.23401264933239635,0.5059732958538299,2023/24|2023-09-02|Burnley|Tottenham
2023/24,2023-09-02,Chelsea,Nott'm Forest,0,1,A,validation,0.3811091837379304,0.2611731774830623,0.3577176387790072,1.0,0.9,1.4,1.8,5,10,8.0,1.4,1.4,1.4,1.4,5,10,7.0,0.6775907883082374,0.21080602302922938,0.11160318866253321,2023/24|2023-09-02|Chelsea|Nott'm Forest
2023/24,2023-09-02,Man City,Fulham,5,1,H,validation,0.6888431660931302,0.170940825175757,0.1402160087311127,2.0,2.5,1.4,0.6,5,10,6.0,1.0,1.1,1.2,1.8,5,10,7.0,0.8168266285480907,0.11946089442515825,0.06371247702675106,2023/24|2023-09-02|Man City|Fulham
2023/24,2023-09-02,Sheffield United,Everton,2,2,D,validation,0.3056058465889748,0.3174313018156102,0.376962851595415,0.0,0.0,0.6666666666666666,1.6666666666666667,3,3,6.0,0.8,0.9,0.4,1.4,5,10,7.0,0.3276209677419355,0.2923387096774194,0.3800403225806452,2023/24|2023-09-02|Sheffield United|Everton
2023/24,2023-09-03,Arsenal,Man United,3,1,H,validation,0.4558228468288737,0.2293404879664456,0.3148366652046806,2.0,1.7,2.0,0.8,5,10,8.0,2.4,2.1,2.0,1.2,5,10,8.0,0.540711462450593,0.24901185770750991,0.21027667984189727,2023/24|2023-09-03|Arsenal|Man United
2023/24,2023-09-03,Crystal Palace,Wolves,3,2,H,validation,0.6048925861310079,0.1985978107860517,0.1965096030829403,1.2,1.3,1.0,1.0,5,10,8.0,0.8,1.0,0.6,2.2,5,10,8.0,0.49507489008152494,0.2865433454714281,0.2183817644470468,2023/24|2023-09-03|Crystal Palace|Wolves
2023/24,2023-09-03,Liverpool,Aston Villa,3,0,H,validation,0.5832220615037873,0.2111913564179573,0.2055865820782552,1.8,2.4,2.2,1.6,5,10,7.0,2.0,1.7,2.2,1.6,5,10,7.0,0.5769230769230769,0.2115384615384615,0.2115384615384615,2023/24|2023-09-03|Liverpool|Aston Villa
2023/24,2023-09-16,Aston Villa,Crystal Palace,3,1,H,validation,0.4529114236742711,0.2592696699514704,0.2878189063742585,1.8,1.6,2.0,2.0,5,10,13.0,1.6,1.5,1.2,1.0,5,10,13.0,0.49799419006778256,0.2642135841748513,0.23779222575736617,2023/24|2023-09-16|Aston Villa|Crystal Palace
2023/24,2023-09-16,Fulham,Luton,1,0,H,validation,0.643952632599558,0.243829043639865,0.1122183237605769,0.8,1.1,1.0,2.4,5,10,14.0,0.0,0.0,0.6666666666666666,3.0,3,3,15.0,0.5717651950932151,0.2546261002148451,0.17360870469193984,2023/24|2023-09-16|Fulham|Luton
2023/24,2023-09-16,Man United,Brighton,1,3,A,validation,0.362682798673726,0.2570238437831351,0.3802933575431388,1.8,1.8,1.4,1.6,5,10,13.0,1.8,1.6,2.6,1.6,5,10,14.0,0.4378230465186987,0.23532988750380054,0.32684706597750074,2023/24|2023-09-16|Man United|Brighton
2023/24,2023-09-16,Newcastle,Brentford,1,0,H,validation,0.3315498287557926,0.2327102265384029,0.4357399447058044,0.8,1.2,1.6,1.6,5,10,14.0,1.8,2.1,1.8,1.0,5,10,14.0,0.6175562417291575,0.22496691662990734,0.15747684164093514,2023/24|2023-09-16|Newcastle|Brentford
2023/24,2023-09-16,Tottenham,Sheffield United,2,1,H,validation,0.7149006566007964,0.2109149783011232,0.0741843650980804,2.6,1.7,3.0,1.0,5,10,14.0,0.25,0.25,1.0,1.75,4,4,14.0,0.7397444519166108,0.17350369872225962,0.08675184936112981,2023/24|2023-09-16|Tottenham|Sheffield United
2023/24,2023-09-16,West Ham,Man City,1,3,A,validation,0.2822847772272313,0.2404442728856223,0.4772709498871463,2.0,1.6,2.0,1.2,5,10,15.0,2.4,2.5,2.2,0.6,5,10,14.0,0.13544369486248053,0.21069019200830302,0.6538661131292164,2023/24|2023-09-16|West Ham|Man City
2023/24,2023-09-16,Wolves,Liverpool,1,3,A,validation,0.1666034017749215,0.2255019068758821,0.6078946913491963,0.6,1.0,0.8,2.6,5,10,13.0,2.2,2.4,2.6,1.4,5,10,13.0,0.15778019586507072,0.18933623503808486,0.6528835690968444,2023/24|2023-09-16|Wolves|Liverpool
2023/24,2023-09-17,Bournemouth,Chelsea,0,0,D,validation,0.390454273621548,0.2585538496773364,0.3509918767011156,0.4,0.8,0.8,1.8,5,10,15.0,1.0,0.9,1.2,1.2,5,10,15.0,0.21928755908581452,0.25320403489108717,0.5275084060230983,2023/24|2023-09-17|Bournemouth|Chelsea
2023/24,2023-09-17,Everton,Arsenal,0,1,A,validation,0.2094270485512305,0.2449761497271126,0.5455968017216568,0.8,0.9,0.6,1.6,5,10,15.0,2.6,1.9,2.6,0.8,5,10,14.0,0.15789473684210528,0.2105263157894737,0.6315789473684211,2023/24|2023-09-17|Everton|Arsenal
2023/24,2023-09-18,Nott'm Forest,Burnley,1,1,D,validation,0.7728812258559532,0.1650742119256729,0.0620445622183739,1.4,1.7,1.4,1.4,5,10,16.0,0.0,0.0,1.0,3.6666666666666665,3,3,16.0,0.43374642516682554,0.2726406101048618,0.2936129647283127,2023/24|2023-09-18|Nott'm Forest|Burnley
2023/24,2023-09-23,Brentford,Everton,1,3,A,validation,0.667112735355677,0.1813961208913889,0.1514911437529341,1.2,1.8,1.6,1.2,5,10,7.0,0.2,0.9,0.4,1.8,5,10,6.0,0.5256916996047432,0.24901185770750986,0.225296442687747,2023/24|2023-09-23|Brentford|Everton
2023/24,2023-09-23,Burnley,Man United,0,1,A,validation,0.1727796677502711,0.2678942391102479,0.559326093139481,0.25,0.25,1.0,3.0,4,4,5.0,1.2,1.8,1.2,2.0,5,10,7.0,0.2258485639686684,0.2258485639686684,0.5483028720626633,2023/24|2023-09-23|Burnley|Man United
2023/24,2023-09-23,Crystal Palace,Fulham,0,0,D,validation,0.5512024831588067,0.2162553363597834,0.2325421804814099,1.4,1.5,1.2,1.4,5,10,7.0,1.4,1.4,1.0,2.0,5,10,7.0,0.4959022086400889,0.2785803583831088,0.22551743297680232,2023/24|2023-09-23|Crystal Palace|Fulham
2023/24,2023-09-23,Luton,Wolves,1,1,D,validation,0.2444726799627387,0.3019669035250616,0.4535604165121997,0.0,0.0,0.5,2.5,4,4,7.0,0.6,0.7,1.0,2.2,5,10,7.0,0.29127725856697817,0.27842679127725856,0.43029595015576316,2023/24|2023-09-23|Luton|Wolves
2023/24,2023-09-23,Man City,Nott'm Forest,2,0,H,validation,0.6555345589457494,0.1931708219884854,0.151294619065765,3.0,2.5,2.8,0.6,5,10,7.0,1.4,1.5,1.4,1.4,5,10,5.0,0.8263659342796034,0.11083025471514679,0.06280381100524984,2023/24|2023-09-23|Man City|Nott'm Forest
2023/24,2023-09-24,Arsenal,Tottenham,2,2,D,validation,0.431018531243666,0.2496412406797677,0.3193402280765661,2.6,2.2,1.8,0.8,5,10,7.0,2.6,1.9,2.6,1.0,5,10,8.0,0.5645371577574968,0.21773142112125163,0.21773142112125163,2023/24|2023-09-24|Arsenal|Tottenham
2023/24,2023-09-24,Brighton,Bournemouth,3,1,H,validation,0.6930255099379408,0.1951293546612492,0.1118451354008099,2.4,1.9,3.0,1.4,5,10,8.0,0.6,0.6,0.8,1.6,5,10,7.0,0.6942607775720708,0.1798466014281936,0.12589262099973553,2023/24|2023-09-24|Brighton|Bournemouth
2023/24,2023-09-24,Chelsea,Aston Villa,0,1,A,validation,0.3875376730318755,0.2343728661517629,0.3780894608163615,1.0,1.0,1.0,1.0,5,10,7.0,1.8,1.6,2.2,2.0,5,10,8.0,0.49702656040180676,0.25315219476465356,0.24982124483353968,2023/24|2023-09-24|Chelsea|Aston Villa
2023/24,2023-09-24,Liverpool,West Ham,3,1,H,validation,0.6029724100165209,0.2082510386207,0.1887765513627791,2.6,2.4,2.4,0.8,5,10,8.0,2.0,1.6,2.0,1.4,5,10,8.0,0.6756756756756757,0.1891891891891892,0.13513513513513511,2023/24|2023-09-24|Liverpool|West Ham
2023/24,2023-09-24,Sheffield United,Newcastle,0,8,A,validation,0.1940355333928464,0.2447399820860081,0.5612244845211455,0.2,0.2,1.0,1.8,5,5,8.0,1.2,1.2,1.6,1.4,5,10,8.0,0.13633645604943193,0.20091688259916285,0.6627466613514053,2023/24|2023-09-24|Sheffield United|Newcastle
2023/24,2023-09-30,Aston Villa,Brighton,6,1,H,validation,0.4188657466301494,0.2523253219556122,0.3288089314142383,2.4,1.9,2.2,1.0,5,10,6.0,2.4,1.9,2.8,1.4,5,10,6.0,0.3731343283582089,0.25373134328358204,0.3731343283582089,2023/24|2023-09-30|Aston Villa|Brighton
2023/24,2023-09-30,Bournemouth,Arsenal,0,4,A,validation,0.2067680980279033,0.2460491850205718,0.5471827169515249,0.4,0.3,0.8,2.0,5,10,6.0,2.2,2.0,1.8,1.0,5,10,6.0,0.17191011235955056,0.21011235955056176,0.6179775280898876,2023/24|2023-09-30|Bournemouth|Arsenal
2023/24,2023-09-30,Everton,Luton,1,2,A,validation,0.6839870303079629,0.2203948931663709,0.0956180765256661,0.8,1.1,1.0,1.8,5,10,7.0,0.2,0.2,0.6,2.2,5,5,7.0,0.6043404859191113,0.24968804286658017,0.14597147121430842,2023/24|2023-09-30|Everton|Luton
2023/24,2023-09-30,Man United,Crystal Palace,0,1,A,validation,0.5493314191234936,0.2236016727772831,0.2270669080992233,1.2,2.1,1.2,2.0,5,10,7.0,1.0,1.3,1.0,1.4,5,10,7.0,0.6102722850464338,0.2252195337671363,0.16450818118642999,2023/24|2023-09-30|Man United|Crystal Palace
2023/24,2023-09-30,Newcastle,Burnley,2,0,H,validation,0.8136402247875496,0.1415920196566607,0.0447677555557895,1.2,1.5,2.2,1.2,5,10,6.0,0.2,0.2,0.8,2.6,5,5,7.0,0.7296439901304195,0.16496298907296442,0.10539302079661615,2023/24|2023-09-30|Newcastle|Burnley
2023/24,2023-09-30,Tottenham,Liverpool,2,1,H,validation,0.3864493703528787,0.2526685190847274,0.360882110562394,2.6,2.0,2.6,1.0,5,10,6.0,3.0,2.4,2.8,0.8,5,10,6.0,0.3253262719878949,0.23586154719122376,0.4388121808208814,2023/24|2023-09-30|Tottenham|Liverpool
2023/24,2023-09-30,West Ham,Sheffield United,2,0,H,validation,0.7654437138565319,0.1737798711542438,0.0607764149892242,1.8,1.6,2.0,1.8,5,10,6.0,0.2,0.16666666666666666,1.0,3.2,5,6,6.0,0.6538661131292164,0.21069019200830302,0.13544369486248053,2023/24|2023-09-30|West Ham|Sheffield United
2023/24,2023-09-30,Wolves,Man City,2,1,H,validation,0.172149183527823,0.2396809598659617,0.5881698566062152,0.8,0.8,1.2,2.2,5,10,7.0,3.0,2.5,2.6,0.6,5,10,7.0,0.11895780672759089,0.16550651370795255,0.7155356795644564,2023/24|2023-09-30|Wolves|Man City
2023/24,2023-10-01,Nott'm Forest,Brentford,1,1,D,validation,0.4038787098757458,0.2454598283460811,0.350661461778173,1.4,1.5,1.2,1.4,5,10,8.0,1.0,1.5,1.4,1.4,5,10,8.0,0.34416118421052627,0.30530427631578944,0.3505345394736841,2023/24|2023-10-01|Nott'm Forest|Brentford
2023/24,2023-10-02,Fulham,Chelsea,0,2,A,validation,0.4794570617901574,0.2616484962635713,0.2588944419462713,1.0,1.5,0.8,2.0,5,10,9.0,0.8,0.7,0.8,1.0,5,10,8.0,0.2642238998342847,0.2717731541152642,0.46400294605045117,2023/24|2023-10-02|Fulham|Chelsea
2023/24,2023-10-03,Luton,Burnley,1,2,A,validation,0.5200363556351907,0.2822529901647231,0.1977106542000862,0.8,0.6666666666666666,0.8,1.6,5,6,3.0,0.2,0.16666666666666666,0.8,2.4,5,6,3.0,0.3258041871412644,0.31494404756988886,0.35925176528884667,2023/24|2023-10-03|Luton|Burnley
2023/24,2023-10-07,Burnley,Chelsea,1,4,A,validation,0.2634085589599674,0.2934711973520596,0.443120243687973,0.8,0.5714285714285714,1.0,2.0,5,7,4.0,1.4,0.9,1.0,0.4,5,10,5.0,0.20897040592517244,0.24746495438507263,0.543564639689755,2023/24|2023-10-07|Burnley|Chelsea
2023/24,2023-10-07,Crystal Palace,Nott'm Forest,0,0,D,validation,0.4884047490737258,0.2369297705034471,0.2746654804228271,1.6,1.6,1.2,1.2,5,10,7.0,1.0,1.3,1.0,1.4,5,10,6.0,0.43088803088803085,0.30579150579150577,0.2633204633204633,2023/24|2023-10-07|Crystal Palace|Nott'm Forest
2023/24,2023-10-07,Everton,Bournemouth,3,0,H,validation,0.606322051527828,0.2171232351627456,0.1765547133094264,0.8,0.8,1.2,1.4,5,10,7.0,0.4,0.3,0.6,2.2,5,10,7.0,0.491838642410297,0.26094772416768536,0.2472136334220177,2023/24|2023-10-07|Everton|Bournemouth
2023/24,2023-10-07,Fulham,Sheffield United,3,1,H,validation,0.70406726804563,0.1964410935168673,0.0994916384375027,1.0,1.2,0.8,1.8,5,10,5.0,0.2,0.14285714285714285,0.8,3.2,5,7,7.0,0.5895128762022959,0.25131864722308406,0.1591684765746199,2023/24|2023-10-07|Fulham|Sheffield United
2023/24,2023-10-07,Luton,Tottenham,0,1,A,validation,0.1789237472567325,0.229828025379193,0.5912482273640745,0.8,0.5714285714285714,1.0,1.4,5,7,4.0,2.6,2.0,2.6,1.2,5,10,7.0,0.15622341933654663,0.1973348454777431,0.6464417351857102,2023/24|2023-10-07|Luton|Tottenham
2023/24,2023-10-07,Man United,Brentford,2,1,H,validation,0.4558376704137667,0.2320279129146945,0.3121344166715387,1.2,1.8,1.2,1.8,5,10,7.0,0.6,1.6,1.0,1.6,5,10,6.0,0.5716905706876048,0.2273150602495952,0.20099436906279997,2023/24|2023-10-07|Man United|Brentford
2023/24,2023-10-08,Arsenal,Man City,1,0,H,validation,0.41306841893993,0.2409282406826483,0.3460033403774215,2.2,2.0,2.4,1.0,5,10,8.0,2.4,2.2,2.6,1.0,5,10,8.0,0.3239263803680982,0.2846625766871166,0.3914110429447853,2023/24|2023-10-08|Arsenal|Man City
2023/24,2023-10-08,Brighton,Liverpool,2,2,D,validation,0.3573891092488116,0.2701481357148728,0.3724627550363156,1.8,1.9,2.2,2.4,5,10,8.0,2.4,2.1,2.4,1.0,5,10,8.0,0.31714719271623676,0.2503793626707132,0.4324734446130501,2023/24|2023-10-08|Brighton|Liverpool
2023/24,2023-10-08,West Ham,Newcastle,2,2,D,validation,0.3097756510403224,0.2704220805907943,0.4198022683688832,1.8,1.6,1.8,1.6,5,10,8.0,1.8,1.7,2.6,1.0,5,10,8.0,0.2961082910321489,0.25267907501410036,0.45121263395375066,2023/24|2023-10-08|West Ham|Newcastle
2023/24,2023-10-08,Wolves,Aston Villa,1,1,D,validation,0.204223965863005,0.2465317630176838,0.5492442711193111,1.4,0.8,1.4,1.6,5,10,8.0,2.4,2.2,2.6,1.2,5,10,8.0,0.27055702917771884,0.2785145888594165,0.4509283819628648,2023/24|2023-10-08|Wolves|Aston Villa
2023/24,2023-10-21,Bournemouth,Wolves,1,2,A,validation,0.2924574173205437,0.2789692586651047,0.4285733240143516,0.4,0.3,0.6,2.4,5,10,14.0,1.0,0.9,1.4,1.8,5,10,13.0,0.40106951871657753,0.2807486631016043,0.3181818181818181,2023/24|2023-10-21|Bournemouth|Wolves
2023/24,2023-10-21,Brentford,Burnley,3,0,H,validation,0.654314243646044,0.2066145571762632,0.1390711991776929,0.4,1.3,1.0,1.8,5,10,14.0,0.8,0.5,0.8,1.8,5,8,14.0,0.5198277142432793,0.25367592455072036,0.2264963612060003,2023/24|2023-10-21|Brentford|Burnley
2023/24,2023-10-21,Chelsea,Arsenal,2,2,D,validation,0.2789744917322255,0.2284576147228871,0.4925678935448874,1.4,1.2,1.2,0.6,5,10,14.0,2.6,2.3,2.2,0.6,5,10,13.0,0.29731830547998445,0.27982899339292655,0.42285270112708895,2023/24|2023-10-21|Chelsea|Arsenal
2023/24,2023-10-21,Liverpool,Everton,2,0,H,validation,0.5616242909452129,0.2292811113886034,0.2090945976661837,2.0,1.9,2.4,1.2,5,10,13.0,1.4,1.1,1.8,1.2,5,10,14.0,0.7099057574385776,0.16420428824231448,0.12588995431910777,2023/24|2023-10-21|Liverpool|Everton
2023/24,2023-10-21,Man City,Brighton,2,1,H,validation,0.5690664342996872,0.2031477333716224,0.2277858323286904,1.8,1.9,2.2,1.0,5,10,13.0,2.0,1.7,2.4,2.2,5,10,13.0,0.6747404844290658,0.17993079584775085,0.1453287197231834,2023/24|2023-10-21|Man City|Brighton
2023/24,2023-10-21,Newcastle,Crystal Palace,4,0,H,validation,0.5935529446788507,0.2130325065252072,0.193414548795942,2.0,1.5,2.8,1.0,5,10,13.0,1.6,1.4,1.0,1.0,5,10,14.0,0.6538661131292164,0.21069019200830302,0.13544369486248053,2023/24|2023-10-21|Newcastle|Crystal Palace
2023/24,2023-10-21,Nott'm Forest,Luton,2,2,D,validation,0.5734737291880551,0.2375839618633413,0.1889423089486037,1.2,1.3,0.6,0.8,5,10,14.0,0.8,0.5,0.8,1.2,5,8,14.0,0.5717651950932151,0.2546261002148451,0.17360870469193984,2023/24|2023-10-21|Nott'm Forest|Luton
2023/24,2023-10-21,Sheffield United,Man United,1,2,A,validation,0.1550513673087724,0.2437723388398666,0.601176293851361,0.2,0.125,0.8,3.4,5,8,14.0,1.2,1.8,1.0,1.6,5,10,14.0,0.1453287197231834,0.17993079584775085,0.6747404844290658,2023/24|2023-10-21|Sheffield United|Man United
2023/24,2023-10-22,Aston Villa,West Ham,4,1,H,validation,0.5543039197833999,0.20995870579929,0.23573737441731,2.0,2.0,2.2,1.2,5,10,14.0,1.4,1.7,1.6,1.8,5,10,14.0,0.5059732958538299,0.26001405481377377,0.23401264933239635,2023/24|2023-10-22|Aston Villa|West Ham
2023/24,2023-10-23,Tottenham,Fulham,2,0,H,validation,0.6711654868531325,0.1895225071752576,0.1393120059716098,2.6,2.3,2.4,1.2,5,10,16.0,1.4,1.2,1.0,1.6,5,10,16.0,0.631578947368421,0.21052631578947367,0.15789473684210525,2023/24|2023-10-23|Tottenham|Fulham
2023/24,2023-10-27,Crystal Palace,Tottenham,1,2,A,validation,0.2393785042261668,0.2248705118009977,0.5357509839728354,1.0,1.3,0.4,1.4,5,10,6.0,2.6,2.6,1.8,0.8,5,10,4.0,0.20958083832335328,0.25149700598802394,0.5389221556886227,2023/24|2023-10-27|Crystal Palace|Tottenham
2023/24,2023-10-28,Arsenal,Sheffield United,5,0,H,validation,0.8576774648257001,0.1030306352278895,0.0392918999464104,2.2,2.4,2.0,0.8,5,10,7.0,0.0,0.1111111111111111,0.6,3.4,5,9,7.0,0.8386342983253279,0.11148903024795534,0.04987667142671686,2023/24|2023-10-28|Arsenal|Sheffield United
2023/24,2023-10-28,Bournemouth,Burnley,2,1,H,validation,0.4603652980774743,0.2751556616061009,0.2644790403164247,0.2,0.3,0.4,2.4,5,10,7.0,0.6,0.4444444444444444,0.6,2.2,5,9,7.0,0.44134505158578524,0.2711119602598395,0.28754298815437523,2023/24|2023-10-28|Bournemouth|Burnley
2023/24,2023-10-28,Chelsea,Brentford,0,2,A,validation,0.464168971574677,0.2365427166694754,0.2992883117558476,1.6,1.3,1.6,0.8,5,10,7.0,0.8,1.3,1.2,1.4,5,10,7.0,0.5791106514994829,0.2388831437435367,0.18200620475698032,2023/24|2023-10-28|Chelsea|Brentford
2023/24,2023-10-28,Wolves,Newcastle,2,2,D,validation,0.1888207964638731,0.2730907798755793,0.5380884236605477,1.6,1.1,1.4,1.4,5,10,7.0,2.6,1.7,3.4,0.4,5,10,7.0,0.2247191011235955,0.23595505617977527,0.5393258426966292,2023/24|2023-10-28|Wolves|Newcastle
2023/24,2023-10-29,Aston Villa,Luton,3,1,H,validation,0.7468535435191156,0.1715201300172309,0.0816263264636535,2.6,2.2,3.0,0.8,5,10,7.0,1.0,0.5555555555555556,1.2,1.4,5,9,8.0,0.7553516819571866,0.1452599388379205,0.09938837920489296,2023/24|2023-10-29|Aston Villa|Luton
2023/24,2023-10-29,Brighton,Fulham,1,1,D,validation,0.5404817913821701,0.2515464515459303,0.2079717570718995,1.4,1.6,2.0,2.4,5,10,8.0,1.4,1.1,0.8,1.0,5,10,6.0,0.6057427559984266,0.2235479218565622,0.17070932214501117,2023/24|2023-10-29|Brighton|Fulham
2023/24,2023-10-29,Liverpool,Nott'm Forest,3,0,H,validation,0.6330865269663476,0.202996895475258,0.1639165775583942,2.0,2.1,2.2,1.2,5,10,8.0,0.8,1.1,0.8,1.2,5,10,8.0,0.7453672333028902,0.16722151842795277,0.08741124826915714,2023/24|2023-10-29|Liverpool|Nott'm Forest
2023/24,2023-10-29,Man United,Man City,0,3,A,validation,0.3631443868446518,0.2395813499471475,0.3972742632082007,1.8,1.8,1.2,1.2,5,10,8.0,1.8,2.1,1.6,1.0,5,10,8.0,0.18833095916429252,0.24780389363722696,0.5638651471984806,2023/24|2023-10-29|Man United|Man City
2023/24,2023-10-29,West Ham,Everton,0,1,A,validation,0.4581836201822059,0.2636954181216306,0.2781209616961635,0.8,1.4,1.4,2.4,5,10,7.0,1.2,1.0,1.4,1.2,5,10,8.0,0.44134505158578524,0.2711119602598395,0.28754298815437523,2023/24|2023-10-29|West Ham|Everton
2023/24,2023-11-04,Brentford,West Ham,3,2,H,validation,0.4935312667654175,0.2270352459826995,0.2794334872518829,1.4,1.3,1.6,1.2,5,10,7.0,0.8,1.4,1.2,2.0,5,10,6.0,0.46400294605045106,0.2642238998342846,0.27177315411526415,2023/24|2023-11-04|Brentford|West Ham
2023/24,2023-11-04,Burnley,Crystal Palace,0,2,A,validation,0.330235787248593,0.2761663715045852,0.3935978412468219,0.6,0.4,0.8,2.4,5,10,7.0,1.0,1.2,0.4,1.2,5,10,8.0,0.34437086092715236,0.29139072847682124,0.3642384105960265,2023/24|2023-11-04|Burnley|Crystal Palace
2023/24,2023-11-04,Everton,Brighton,1,1,D,validation,0.394147982094753,0.2377563551979377,0.3680956627073092,1.8,1.0,1.6,1.0,5,10,6.0,1.0,1.7,1.6,2.4,5,10,6.0,0.30579150579150577,0.2633204633204633,0.43088803088803085,2023/24|2023-11-04|Everton|Brighton
2023/24,2023-11-04,Fulham,Man United,0,1,A,validation,0.4643855217259554,0.2340419197939266,0.301572558480118,1.0,1.2,0.8,1.2,5,10,6.0,1.8,1.5,1.0,1.2,5,10,6.0,0.2990936555891239,0.26586102719033233,0.4350453172205438,2023/24|2023-11-04|Fulham|Man United
2023/24,2023-11-04,Man City,Bournemouth,6,1,H,validation,0.7965987990651715,0.1287639956554497,0.0746372052793786,1.8,2.4,1.6,0.8,5,10,6.0,0.6,0.6,0.8,2.6,5,10,7.0,0.8636363636363636,0.08636363636363636,0.05,2023/24|2023-11-04|Man City|Bournemouth
2023/24,2023-11-04,Newcastle,Arsenal,1,0,H,validation,0.4036225644751489,0.2384169710722848,0.3579604644525663,2.2,1.7,3.6,0.8,5,10,7.0,2.2,2.4,2.8,0.8,5,10,7.0,0.33876221498371334,0.29641693811074915,0.3648208469055374,2023/24|2023-11-04|Newcastle|Arsenal
2023/24,2023-11-04,Sheffield United,Wolves,2,1,H,validation,0.1759845765247364,0.3027992260377476,0.5212161974375158,0.0,0.1,0.4,4.0,5,10,7.0,1.8,1.2,1.6,1.2,5,10,7.0,0.25089605734767023,0.27240143369175623,0.4767025089605735,2023/24|2023-11-04|Sheffield United|Wolves
2023/24,2023-11-05,Luton,Liverpool,1,1,D,validation,0.1691764722494248,0.2293551823429676,0.6014683454076075,0.8,0.5,1.2,1.8,5,10,7.0,2.0,2.3,2.2,1.0,5,10,7.0,0.07885055185442974,0.14557024957740877,0.7755791985681615,2023/24|2023-11-05|Luton|Liverpool
2023/24,2023-11-05,Nott'm Forest,Aston Villa,2,0,H,validation,0.178952310517423,0.229346602774219,0.591701086708358,0.6,1.0,0.6,1.6,5,10,7.0,2.6,2.2,3.0,0.8,5,10,7.0,0.22777640975129282,0.255109578921448,0.5171140113272593,2023/24|2023-11-05|Nott'm Forest|Aston Villa
2023/24,2023-11-06,Tottenham,Chelsea,1,4,A,validation,0.604531318148431,0.2131121038158746,0.1823565780356944,2.6,2.6,1.8,0.8,5,10,10.0,1.4,1.2,1.6,1.2,5,10,9.0,0.4751131221719458,0.2533936651583711,0.2714932126696833,2023/24|2023-11-06|Tottenham|Chelsea
2023/24,2023-11-11,Arsenal,Burnley,3,1,H,validation,0.8101959216075793,0.1264691482908658,0.0633349301015549,2.0,2.1,2.4,0.6,5,10,7.0,0.6,0.4,0.8,2.4,5,10,7.0,0.8077654086342655,0.13616616888406188,0.05606842248167254,2023/24|2023-11-11|Arsenal|Burnley
2023/24,2023-11-11,Bournemouth,Newcastle,2,0,H,validation,0.1566158311306495,0.2774874858435776,0.5658966830257729,0.6,0.5,0.8,3.2,5,10,7.0,2.2,1.7,2.2,0.8,5,10,7.0,0.2027096301720981,0.2407176858293665,0.5565726839985353,2023/24|2023-11-11|Bournemouth|Newcastle
2023/24,2023-11-11,Crystal Palace,Everton,2,3,A,validation,0.4097335983975291,0.262753731509657,0.3275126700928139,1.4,1.2,0.8,1.2,5,10,7.0,1.4,1.1,1.2,1.0,5,10,7.0,0.3872529245663574,0.2964905203711174,0.3162565550625252,2023/24|2023-11-11|Crystal Palace|Everton
2023/24,2023-11-11,Man United,Luton,1,0,H,validation,0.5137030015841733,0.248784752519333,0.2375122458964938,1.8,1.5,1.0,1.2,5,10,7.0,0.4,0.6,1.0,1.8,5,10,6.0,0.7177033492822967,0.18181818181818185,0.10047846889952154,2023/24|2023-11-11|Man United|Luton
2023/24,2023-11-11,Wolves,Tottenham,2,1,H,validation,0.3236671150786371,0.2390007825938832,0.4373321023274796,1.6,1.2,1.6,1.4,5,10,7.0,2.4,2.5,1.6,1.2,5,10,5.0,0.3090466379471811,0.2554785540363364,0.43547480801648253,2023/24|2023-11-11|Wolves|Tottenham
2023/24,2023-11-12,Aston Villa,Fulham,3,1,H,validation,0.7280402195970921,0.1675723612825365,0.1043874191203713,2.0,2.2,2.8,1.2,5,10,7.0,0.8,0.9,0.8,1.4,5,10,8.0,0.6026768243366641,0.22528633671632445,0.1720368389470114,2023/24|2023-11-12|Aston Villa|Fulham
2023/24,2023-11-12,Brighton,Sheffield United,1,1,D,validation,0.6750931166104543,0.1928152186803026,0.132091664709243,0.6,1.5,1.2,2.4,5,10,8.0,0.6,0.4,0.8,2.6,5,10,8.0,0.7612985359643539,0.16549968173138127,0.0732017823042648,2023/24|2023-11-12|Brighton|Sheffield United
2023/24,2023-11-12,Chelsea,Man City,4,4,D,validation,0.2744920586924155,0.2423007170097815,0.483207224297803,2.0,1.4,2.4,1.2,5,10,6.0,1.8,2.4,2.4,1.0,5,10,8.0,0.1907841793091115,0.2578164585258263,0.5513993621650621,2023/24|2023-11-12|Chelsea|Man City
2023/24,2023-11-12,Liverpool,Brentford,3,0,H,validation,0.584265947051638,0.2079545369453434,0.2077795160030185,1.6,2.3,1.8,1.0,5,10,7.0,2.0,1.5,2.0,1.0,5,10,8.0,0.6687242798353908,0.18724279835390945,0.14403292181069957,2023/24|2023-11-12|Liverpool|Brentford
2023/24,2023-11-12,West Ham,Nott'm Forest,3,2,H,validation,0.4702501034818706,0.2458614286041376,0.2838884679139918,0.8,1.3,1.4,2.0,5,10,8.0,1.2,1.3,1.0,1.2,5,10,7.0,0.5059732958538299,0.26001405481377377,0.23401264933239635,2023/24|2023-11-12|West Ham|Nott'm Forest
2023/24,2023-11-25,Brentford,Arsenal,0,1,A,validation,0.2518259463484388,0.2517073137014614,0.4964667399500999,1.8,1.2,1.8,1.4,5,10,13.0,2.0,2.1,2.2,0.8,5,10,14.0,0.20958083832335328,0.25149700598802394,0.5389221556886227,2023/24|2023-11-25|Brentford|Arsenal
2023/24,2023-11-25,Burnley,West Ham,1,2,A,validation,0.2753287550067276,0.2556369345929474,0.4690343104003249,0.0,0.4,0.6,2.8,5,10,14.0,0.8,1.3,1.6,2.4,5,10,13.0,0.27548473795354195,0.2676137454405836,0.4569015166058745,2023/24|2023-11-25|Burnley|West Ham
2023/24,2023-11-25,Luton,Crystal Palace,2,1,H,validation,0.3885777509086391,0.240010672458248,0.3714115766331128,0.4,0.6,0.8,1.6,5,10,14.0,0.8,1.2,1.0,1.8,5,10,14.0,0.26279863481228666,0.28668941979522183,0.4505119453924914,2023/24|2023-11-25|Luton|Crystal Palace
2023/24,2023-11-25,Man City,Liverpool,1,1,D,validation,0.4623893969391104,0.2310269226275534,0.3065836804333361,2.0,2.2,3.0,1.4,5,10,13.0,2.2,2.3,2.2,0.6,5,10,13.0,0.5483028720626633,0.2258485639686684,0.2258485639686684,2023/24|2023-11-25|Man City|Liverpool
2023/24,2023-11-25,Newcastle,Chelsea,4,1,H,validation,0.4315499821748489,0.2392586816522358,0.3291913361729152,1.6,1.7,1.8,1.2,5,10,14.0,1.6,1.5,2.8,2.0,5,10,13.0,0.3706238801763534,0.2700259698427717,0.35935014998087494,2023/24|2023-11-25|Newcastle|Chelsea
2023/24,2023-11-25,Nott'm Forest,Brighton,2,3,A,validation,0.370585005952427,0.2516593761448465,0.3777556179027264,1.0,1.0,1.2,1.6,5,10,13.0,0.8,1.3,1.2,1.4,5,10,13.0,0.29609793420045905,0.2631981637337414,0.4407039020657995,2023/24|2023-11-25|Nott'm Forest|Brighton
2023/24,2023-11-25,Sheffield United,Bournemouth,1,3,A,validation,0.4267141322839229,0.2684722626933576,0.3048136050227195,0.8,0.5,1.0,2.4,5,10,13.0,1.2,0.8,1.2,2.4,5,10,14.0,0.2968388589051658,0.27139552814186585,0.4317656129529684,2023/24|2023-11-25|Sheffield United|Bournemouth
2023/24,2023-11-26,Everton,Man United,0,3,A,validation,0.4617029291819282,0.2382890803783813,0.3000079904396905,2.0,1.4,1.6,1.0,5,10,15.0,2.4,1.8,1.2,1.0,5,10,15.0,0.35051546391752575,0.27835051546391754,0.3711340206185567,2023/24|2023-11-26|Everton|Man United
2023/24,2023-11-26,Tottenham,Aston Villa,1,2,A,validation,0.3788120692855131,0.2325035104423106,0.3886844202721762,1.8,2.2,1.4,1.4,5,10,15.0,2.0,2.2,2.2,1.2,5,10,14.0,0.4120836560805577,0.249419054996127,0.3384972889233152,2023/24|2023-11-26|Tottenham|Aston Villa
2023/24,2023-11-27,Fulham,Wolves,3,2,H,validation,0.3506131738155163,0.2466570662793818,0.4027297599051019,0.8,0.9,1.0,1.6,5,10,15.0,1.6,1.5,1.6,1.4,5,10,16.0,0.39768618944323936,0.28681610026512416,0.31549771029163654,2023/24|2023-11-27|Fulham|Wolves
2023/24,2023-12-02,Arsenal,Wolves,2,1,H,validation,0.6699182067020722,0.1837579303641723,0.1463238629337555,2.0,2.3,2.2,0.8,5,10,7.0,1.4,1.2,1.8,1.8,5,10,5.0,0.7510668563300142,0.17069701280227595,0.07823613086770981,2023/24|2023-12-02|Arsenal|Wolves
2023/24,2023-12-02,Brentford,Luton,3,1,H,validation,0.4772106812941966,0.2576253960067058,0.2651639226990976,1.8,1.1,1.6,1.2,5,10,7.0,1.0,0.9,1.2,1.6,5,10,7.0,0.6471238938053098,0.20851769911504422,0.144358407079646,2023/24|2023-12-02|Brentford|Luton
2023/24,2023-12-02,Burnley,Sheffield United,5,0,H,validation,0.4737963550676959,0.2564918629061623,0.2697117820261417,0.0,0.4,0.6,2.4,5,10,7.0,0.8,0.5,1.0,2.4,5,10,7.0,0.5263157894736842,0.2631578947368421,0.21052631578947367,2023/24|2023-12-02|Burnley|Sheffield United
2023/24,2023-12-02,Newcastle,Man United,1,0,H,validation,0.5797462677605532,0.21354453891224,0.2067091933272068,2.0,2.0,2.2,1.0,5,10,7.0,2.4,1.8,1.4,0.8,5,10,6.0,0.49702656040180676,0.25315219476465356,0.24982124483353968,2023/24|2023-12-02|Newcastle|Man United
2023/24,2023-12-02,Nott'm Forest,Everton,0,1,A,validation,0.4672816130832191,0.2479772344068934,0.2847411525098874,0.8,1.0,1.6,2.2,5,10,7.0,1.4,1.4,1.0,1.6,5,10,6.0,0.34437086092715236,0.29139072847682124,0.3642384105960265,2023/24|2023-12-02|Nott'm Forest|Everton
2023/24,2023-12-03,Bournemouth,Aston Villa,2,2,D,validation,0.2400561882177131,0.2660922435492554,0.4938515682330315,1.8,1.1,1.8,2.0,5,10,8.0,2.4,2.2,2.4,1.2,5,10,7.0,0.2782732786300392,0.2365322868355333,0.48519443453442734,2023/24|2023-12-03|Bournemouth|Aston Villa
2023/24,2023-12-03,Chelsea,Brighton,3,2,H,validation,0.4045777985549065,0.2627258620450332,0.3326963394000602,1.0,1.2,2.2,2.6,5,10,8.0,1.2,1.6,1.4,1.4,5,10,8.0,0.5483028720626633,0.2258485639686684,0.2258485639686684,2023/24|2023-12-03|Chelsea|Brighton
2023/24,2023-12-03,Liverpool,Fulham,4,3,H,validation,0.6772305355130688,0.1779470529996333,0.1448224114872979,2.2,2.1,2.0,0.4,5,10,8.0,0.8,1.1,1.0,1.8,5,10,6.0,0.7512038523274479,0.14446227929373998,0.1043338683788122,2023/24|2023-12-03|Liverpool|Fulham
2023/24,2023-12-03,Man City,Tottenham,3,3,D,validation,0.596611537283446,0.2028039874469575,0.2005844752695966,2.2,2.0,3.2,1.4,5,10,8.0,1.2,1.9,1.4,1.8,5,10,7.0,0.7361963190184049,0.15828220858895706,0.10552147239263804,2023/24|2023-12-03|Man City|Tottenham
2023/24,2023-12-03,West Ham,Crystal Palace,1,1,D,validation,0.4836853049200758,0.2471858075134485,0.2691288875664757,1.2,1.3,1.6,2.2,5,10,8.0,0.6,1.1,1.2,2.2,5,10,8.0,0.4767025089605735,0.27240143369175623,0.25089605734767023,2023/24|2023-12-03|West Ham|Crystal Palace
2023/24,2023-12-05,Luton,Arsenal,3,4,A,validation,0.2028680748628192,0.2415912039392603,0.5555407211979204,0.8,0.9,1.0,1.8,5,10,3.0,2.4,2.3,2.2,0.6,5,10,3.0,0.05606842248167254,0.13616616888406188,0.8077654086342655,2023/24|2023-12-05|Luton|Arsenal
2023/24,2023-12-05,Wolves,Burnley,1,0,H,validation,0.5061769114535861,0.2548389500754651,0.2389841384709487,0.8,1.2,1.6,2.0,5,10,3.0,0.6,0.6,1.6,1.8,5,10,3.0,0.5116751269035532,0.2629441624365482,0.22538071065989848,2023/24|2023-12-05|Wolves|Burnley
2023/24,2023-12-06,Aston Villa,Man City,1,0,H,validation,0.4055772773779112,0.2499109577333048,0.3445117648887839,2.0,2.3,2.0,1.4,5,10,3.0,1.8,1.8,3.4,1.8,5,10,3.0,0.20304279823688326,0.22963173610123702,0.5673254656618798,2023/24|2023-12-06|Aston Villa|Man City
2023/24,2023-12-06,Brighton,Brentford,2,1,H,validation,0.4923547258944717,0.2453826070322108,0.2622626670733174,1.2,1.3,1.6,1.6,5,10,3.0,1.8,1.3,1.6,1.4,5,10,4.0,0.49702656040180676,0.24982124483353968,0.25315219476465356,2023/24|2023-12-06|Brighton|Brentford
2023/24,2023-12-06,Crystal Palace,Bournemouth,0,2,A,validation,0.4961318619183966,0.244728042355732,0.2591400957258714,0.8,0.9,1.4,1.6,5,10,3.0,2.0,1.1,2.0,2.0,5,10,3.0,0.42217898832684825,0.2714007782101167,0.306420233463035,2023/24|2023-12-06|Crystal Palace|Bournemouth
2023/24,2023-12-06,Fulham,Nott'm Forest,5,0,H,validation,0.52562356253233,0.2471124414118906,0.2272639960557793,0.8,1.1,1.6,2.2,5,10,3.0,0.6,0.7,1.2,2.0,5,10,4.0,0.47134935304990755,0.27726432532347506,0.2513863216266174,2023/24|2023-12-06|Fulham|Nott'm Forest
2023/24,2023-12-06,Man United,Chelsea,2,1,H,validation,0.4756390186538749,0.2253741457162432,0.2989868356298818,1.8,1.8,1.0,0.8,5,10,4.0,1.4,1.5,2.4,2.6,5,10,3.0,0.3308443879577409,0.2802446580347923,0.38891095400746684,2023/24|2023-12-06|Man United|Chelsea
2023/24,2023-12-06,Sheffield United,Liverpool,0,2,A,validation,0.1170504507827672,0.2490809259136016,0.633868623303631,0.8,0.4,0.8,3.0,5,10,4.0,2.2,2.1,2.4,1.0,5,10,3.0,0.07936507936507936,0.12698412698412698,0.7936507936507936,2023/24|2023-12-06|Sheffield United|Liverpool
2023/24,2023-12-07,Everton,Newcastle,3,0,H,validation,0.3114775337383835,0.2442223174797197,0.4443001487818969,2.0,1.6,1.2,1.2,5,10,5.0,2.0,2.3,1.6,1.0,5,10,5.0,0.2903225806451613,0.2903225806451613,0.4193548387096774,2023/24|2023-12-07|Everton|Newcastle
2023/24,2023-12-07,Tottenham,West Ham,1,2,A,validation,0.5435017144369682,0.2376206186893971,0.2188776668736347,0.8,1.7,1.6,2.4,5,10,4.0,1.4,1.1,1.6,1.6,5,10,4.0,0.5454545454545454,0.22727272727272724,0.22727272727272724,2023/24|2023-12-07|Tottenham|West Ham
2023/24,2023-12-09,Aston Villa,Arsenal,1,0,H,validation,0.4685551847722705,0.2244371798808451,0.3070076353468844,2.0,2.3,1.6,1.2,5,10,3.0,2.4,2.3,2.0,1.2,5,10,4.0,0.28668941979522183,0.26279863481228666,0.4505119453924914,2023/24|2023-12-09|Aston Villa|Arsenal
2023/24,2023-12-09,Brighton,Burnley,1,1,D,validation,0.5044536701043276,0.2616330576840198,0.2339132722116525,1.6,1.3,1.8,1.6,5,10,3.0,0.6,0.6,1.4,1.6,5,10,4.0,0.638655462184874,0.20168067226890757,0.1596638655462185,2023/24|2023-12-09|Brighton|Burnley
2023/24,2023-12-09,Crystal Palace,Liverpool,1,2,A,validation,0.2610423034084305,0.2459426587417018,0.4930150378498677,0.8,0.9,1.2,1.6,5,10,3.0,2.2,2.1,2.2,1.0,5,10,3.0,0.15789473684210528,0.2105263157894737,0.6315789473684211,2023/24|2023-12-09|Crystal Palace|Liverpool
2023/24,2023-12-09,Man United,Bournemouth,0,3,A,validation,0.5894093994345803,0.21221769209777,0.1983729084676497,2.4,2.1,1.4,0.4,5,10,3.0,2.0,1.3,2.0,1.8,5,10,3.0,0.6144269091716742,0.21994496748639608,0.16562812334192958,2023/24|2023-12-09|Man United|Bournemouth
2023/24,2023-12-09,Sheffield United,Brentford,1,0,H,validation,0.272894678284607,0.2802502188961197,0.4468551028192732,0.8,0.4,0.8,2.4,5,10,3.0,1.2,1.3,1.4,1.8,5,10,3.0,0.2219626168224299,0.24532710280373832,0.5327102803738317,2023/24|2023-12-09|Sheffield United|Brentford
2023/24,2023-12-09,Wolves,Nott'm Forest,1,1,D,validation,0.6203839088469687,0.2115200001322124,0.1680960910208188,1.2,1.5,1.4,1.6,5,10,4.0,0.6,0.6,1.2,2.4,5,10,3.0,0.5151610291323099,0.2647355288596593,0.22010344200803078,2023/24|2023-12-09|Wolves|Nott'm Forest
2023/24,2023-12-10,Everton,Chelsea,2,0,H,validation,0.4973450530323985,0.2330497926634176,0.2696051543041838,2.0,1.9,1.6,1.2,5,10,3.0,1.4,1.4,2.6,2.6,5,10,4.0,0.306420233463035,0.2714007782101167,0.42217898832684825,2023/24|2023-12-10|Everton|Chelsea
2023/24,2023-12-10,Fulham,West Ham,5,0,H,validation,0.480831155370625,0.2564141373832401,0.262754707246135,1.2,1.1,2.4,2.0,5,10,4.0,2.0,1.4,2.0,1.6,5,10,3.0,0.39988968560397137,0.2719249862107005,0.3281853281853282,2023/24|2023-12-10|Fulham|West Ham
2023/24,2023-12-10,Luton,Man City,1,2,A,validation,0.2542945507210141,0.2617521937550052,0.4839532555239805,0.8,0.8,1.4,2.0,5,10,5.0,1.2,1.5,2.8,2.0,5,10,4.0,0.05544072948328267,0.11781155015197567,0.8267477203647416,2023/24|2023-12-10|Luton|Man City
2023/24,2023-12-10,Tottenham,Newcastle,4,1,H,validation,0.4377661056116292,0.2351462590580852,0.3270876353302856,0.2,1.4,1.4,2.6,5,10,3.0,1.8,2.0,1.2,1.2,5,10,3.0,0.4426075521322562,0.250422693969566,0.3069697538981777,2023/24|2023-12-10|Tottenham|Newcastle
2023/24,2023-12-15,Nott'm Forest,Tottenham,0,2,A,validation,0.25010637299833,0.2523429265382318,0.4975507004634381,0.2,0.7,1.0,2.6,5,10,6.0,0.8,1.6,2.0,2.0,5,10,5.0,0.2258485639686684,0.2258485639686684,0.5483028720626633,2023/24|2023-12-15|Nott'm Forest|Tottenham
2023/24,2023-12-16,Burnley,Everton,0,2,A,validation,0.3517419047730826,0.2491158958135097,0.3991421994134077,0.8,0.7,1.6,1.4,5,10,7.0,2.4,1.9,1.8,1.0,5,10,6.0,0.26503340757238314,0.28062360801781744,0.4543429844097996,2023/24|2023-12-16|Burnley|Everton
2023/24,2023-12-16,Chelsea,Sheffield United,2,0,H,validation,0.6405972793744455,0.2114989601840627,0.1479037604414916,0.8,1.4,1.8,2.8,5,10,6.0,0.8,0.7,0.6,2.2,5,10,7.0,0.78031212484994,0.14645858343337334,0.07322929171668667,2023/24|2023-12-16|Chelsea|Sheffield United
2023/24,2023-12-16,Man City,Crystal Palace,2,2,D,validation,0.5758023294701062,0.225826992179479,0.1983706783504146,1.2,1.5,2.0,2.0,5,10,6.0,0.2,0.8,1.0,2.0,5,10,7.0,0.8075788165864264,0.11911787544649789,0.07330330796707563,2023/24|2023-12-16|Man City|Crystal Palace
2023/24,2023-12-16,Newcastle,Fulham,3,0,H,validation,0.3319002278134595,0.2734725130778953,0.3946272591086451,1.2,1.7,1.2,2.0,5,10,6.0,1.8,1.3,3.4,1.8,5,10,6.0,0.5198358413132695,0.24623803009575923,0.23392612859097128,2023/24|2023-12-16|Newcastle|Fulham
2023/24,2023-12-17,Arsenal,Brighton,2,0,H,validation,0.5948779327549968,0.223165026254671,0.1819570409903322,2.4,2.2,2.0,1.2,5,10,8.0,1.6,1.1,1.8,1.6,5,10,8.0,0.6544502617801047,0.18848167539267016,0.15706806282722513,2023/24|2023-12-17|Arsenal|Brighton
2023/24,2023-12-17,Brentford,Aston Villa,1,2,A,validation,0.3233419901091516,0.2311115072974995,0.4455465025933489,0.6,1.3,0.8,1.6,5,10,8.0,2.6,2.3,1.8,0.8,5,10,8.0,0.2961082910321489,0.25267907501410036,0.45121263395375066,2023/24|2023-12-17|Brentford|Aston Villa
2023/24,2023-12-17,Liverpool,Man United,0,0,D,validation,0.5516562709007551,0.2237304893716733,0.2246132397275716,2.6,2.1,2.4,1.0,5,10,8.0,1.8,1.8,1.2,1.0,5,10,8.0,0.7250755287009064,0.1570996978851964,0.1178247734138973,2023/24|2023-12-17|Liverpool|Man United
2023/24,2023-12-17,West Ham,Wolves,3,0,H,validation,0.3728392165174706,0.276168521557691,0.3509922619248384,2.0,1.4,1.6,2.0,5,10,7.0,1.4,1.5,1.4,1.4,5,10,8.0,0.44134505158578524,0.2711119602598395,0.28754298815437523,2023/24|2023-12-17|West Ham|Wolves
2023/24,2023-12-21,Crystal Palace,Brighton,1,1,D,validation,0.4031994549609638,0.2580972360528353,0.3387033089862009,0.4,0.6,1.0,1.8,5,10,5.0,1.4,1.1,1.6,1.8,5,10,4.0,0.28289473684210525,0.28289473684210525,0.43421052631578944,2023/24|2023-12-21|Crystal Palace|Brighton
2023/24,2023-12-22,Aston Villa,Sheffield United,1,1,D,validation,0.7488417718625952,0.1568373410940674,0.0943208870433374,2.6,2.3,1.6,0.8,5,10,5.0,0.6,0.7,0.4,2.4,5,10,6.0,0.7755791985681615,0.14557024957740877,0.07885055185442974,2023/24|2023-12-22|Aston Villa|Sheffield United
2023/24,2023-12-23,Fulham,Burnley,0,2,A,validation,0.5956697225957606,0.2465802074620884,0.1577500699421511,1.8,1.3,3.2,1.8,5,10,7.0,0.8,0.4,1.4,1.2,5,10,7.0,0.5670771224886585,0.2525383452149492,0.1803845322963923,2023/24|2023-12-23|Fulham|Burnley
2023/24,2023-12-23,Liverpool,Arsenal,1,1,D,validation,0.4815169853828877,0.2264460064585177,0.2920370081585946,2.2,2.2,1.8,1.0,5,10,6.0,2.4,2.2,1.8,1.0,5,10,6.0,0.39823008849557523,0.26327433628318586,0.33849557522123896,2023/24|2023-12-23|Liverpool|Arsenal
2023/24,2023-12-23,Luton,Newcastle,1,0,H,validation,0.2900930408009537,0.2636747131426507,0.4462322460563955,0.6,0.5,1.4,2.2,5,10,13.0,1.8,1.7,1.8,1.6,5,10,7.0,0.19961114711600778,0.22575070209548498,0.5746381507885073,2023/24|2023-12-23|Luton|Newcastle
2023/24,2023-12-23,Nott'm Forest,Bournemouth,2,3,A,validation,0.2159954805176125,0.2631965742923077,0.5208079451900797,0.2,0.6,0.6,2.4,5,10,8.0,2.6,1.6,2.4,0.6,5,10,14.0,0.34634974533106966,0.28013582342954163,0.3735144312393889,2023/24|2023-12-23|Nott'm Forest|Bournemouth
2023/24,2023-12-23,Tottenham,Everton,2,1,H,validation,0.4312783201480865,0.2402089041158472,0.3285127757360662,1.4,1.6,2.2,1.6,5,10,8.0,2.4,2.2,1.6,0.6,5,10,7.0,0.5393258426966292,0.2247191011235955,0.23595505617977527,2023/24|2023-12-23|Tottenham|Everton
2023/24,2023-12-23,West Ham,Man United,2,0,H,validation,0.3544160579634691,0.2606020723639236,0.3849818696726073,2.0,1.4,1.6,1.6,5,10,6.0,1.4,1.9,1.0,1.0,5,10,6.0,0.3673469387755102,0.26530612244897966,0.3673469387755102,2023/24|2023-12-23|West Ham|Man United
2023/24,2023-12-24,Wolves,Chelsea,2,1,H,validation,0.4468720069136092,0.2364822431632257,0.3166457499231651,0.8,1.2,1.0,1.8,5,10,7.0,1.2,1.4,1.4,2.0,5,10,8.0,0.2523117569352708,0.2523117569352708,0.4953764861294584,2023/24|2023-12-24|Wolves|Chelsea
2023/24,2023-12-26,Bournemouth,Fulham,3,0,H,validation,0.5138402552726632,0.2551435751859442,0.2310161695413927,2.6,1.9,2.6,1.0,5,10,3.0,1.2,1.0,2.6,1.8,5,10,3.0,0.4407039020657995,0.2631981637337414,0.29609793420045905,2023/24|2023-12-26|Bournemouth|Fulham
2023/24,2023-12-26,Burnley,Liverpool,0,2,A,validation,0.292413669932531,0.2408585996064293,0.4667277304610396,1.4,0.7,1.6,0.8,5,10,3.0,2.2,2.2,1.8,1.0,5,10,3.0,0.1453287197231834,0.17993079584775085,0.6747404844290658,2023/24|2023-12-26|Burnley|Liverpool
2023/24,2023-12-26,Man United,Aston Villa,3,2,H,validation,0.3450340545845571,0.2258762986550796,0.4290896467603632,0.8,1.6,0.4,1.4,5,10,3.0,2.2,2.3,1.4,0.8,5,10,4.0,0.36458333333333337,0.27083333333333337,0.36458333333333337,2023/24|2023-12-26|Man United|Aston Villa
2023/24,2023-12-26,Newcastle,Nott'm Forest,1,3,A,validation,0.6441452927180679,0.2011755358191204,0.1546791714628118,1.2,1.6,1.0,1.6,5,10,3.0,0.2,0.5,0.6,2.4,5,10,3.0,0.6221653026800774,0.21553070531642404,0.16230399200349846,2023/24|2023-12-26|Newcastle|Nott'm Forest
2023/24,2023-12-26,Sheffield United,Luton,2,3,A,validation,0.3772792058819156,0.2783295929248538,0.3443912011932306,0.8,0.8,0.4,2.0,5,10,4.0,1.2,0.8,1.6,2.0,5,10,3.0,0.41002004008016035,0.28577154308617236,0.30420841683366734,2023/24|2023-12-26|Sheffield United|Luton
2023/24,2023-12-27,Brentford,Wolves,1,4,A,validation,0.4898346682421115,0.2294839152302155,0.280681416527673,0.6,1.2,1.0,1.4,5,10,10.0,1.4,1.4,1.0,1.4,5,10,3.0,0.49469964664310956,0.27561837455830385,0.22968197879858654,2023/24|2023-12-27|Brentford|Wolves
2023/24,2023-12-27,Chelsea,Crystal Palace,2,1,H,validation,0.5157237377936444,0.2501655462874877,0.2341107159188679,1.2,1.1,1.4,1.6,5,10,3.0,0.6,0.6,1.0,1.6,5,10,6.0,0.5709391949757351,0.2383671139023694,0.19069369112189552,2023/24|2023-12-27|Chelsea|Crystal Palace
2023/24,2023-12-27,Everton,Man City,1,3,A,validation,0.5158317981014485,0.2158379021019447,0.2683302997966067,2.4,1.9,1.8,0.4,5,10,4.0,1.2,1.6,1.6,1.6,5,10,11.0,0.1639365659466162,0.2356588135482608,0.600404620505123,2023/24|2023-12-27|Everton|Man City
2023/24,2023-12-28,Arsenal,West Ham,0,2,A,validation,0.5568680642854926,0.2220842967662063,0.221047638948301,2.0,2.0,1.8,1.2,5,10,5.0,2.0,1.6,1.6,1.4,5,10,5.0,0.7046463956269218,0.17039631021523746,0.12495729415784079,2023/24|2023-12-28|Arsenal|West Ham
2023/24,2023-12-28,Brighton,Tottenham,4,2,H,validation,0.3269322605792175,0.2607780719614226,0.4122896674593598,1.0,1.1,1.2,1.6,5,10,7.0,2.0,1.6,2.4,1.4,5,10,5.0,0.3765084473049075,0.2614641995172969,0.3620273531777956,2023/24|2023-12-28|Brighton|Tottenham
2023/24,2023-12-30,Aston Villa,Burnley,3,2,H,validation,0.6352898326476785,0.209810545492261,0.1548996218600604,2.0,2.0,1.4,1.0,5,10,4.0,0.8,0.7,0.6,1.2,5,10,4.0,0.6942607775720708,0.1798466014281936,0.12589262099973553,2023/24|2023-12-30|Aston Villa|Burnley
2023/24,2023-12-30,Crystal Palace,Brentford,3,1,H,validation,0.3842562316654784,0.2495718510446755,0.3661719172898461,0.4,0.6,1.0,1.8,5,10,3.0,0.6,1.2,1.2,2.0,5,10,3.0,0.43220338983050843,0.288135593220339,0.2796610169491525,2023/24|2023-12-30|Crystal Palace|Brentford
2023/24,2023-12-30,Luton,Chelsea,2,3,A,validation,0.4276012380793387,0.2688274539868444,0.3035713079338169,1.2,1.1,1.8,2.2,5,10,4.0,1.2,1.3,1.2,1.4,5,10,3.0,0.1453287197231834,0.22491349480968856,0.629757785467128,2023/24|2023-12-30|Luton|Chelsea
2023/24,2023-12-30,Man City,Sheffield United,2,0,H,validation,0.6645350186444914,0.1975999724629842,0.1378650088925244,1.6,1.9,2.0,1.6,5,10,3.0,0.8,0.8,0.8,1.6,5,10,4.0,0.8807288790723358,0.08647156267255661,0.03279955825510768,2023/24|2023-12-30|Man City|Sheffield United
2023/24,2023-12-30,Nott'm Forest,Man United,2,1,H,validation,0.3488622495667284,0.2655660308221675,0.385571719611104,0.8,0.7,1.2,2.4,5,10,4.0,1.4,1.6,1.0,1.6,5,10,4.0,0.29609793420045905,0.2631981637337414,0.4407039020657995,2023/24|2023-12-30|Nott'm Forest|Man United
2023/24,2023-12-30,Wolves,Everton,3,0,H,validation,0.3325535158175671,0.2611181979548915,0.4063282862275414,2.0,1.4,1.6,1.2,5,10,3.0,1.8,1.9,1.8,1.0,5,10,3.0,0.3608748481166464,0.28760631834750905,0.3515188335358444,2023/24|2023-12-30|Wolves|Everton
2023/24,2023-12-31,Fulham,Arsenal,2,1,H,validation,0.3822494240893195,0.2471692934383137,0.3705812824723667,1.2,1.0,2.0,1.6,5,10,5.0,1.4,1.9,1.4,1.4,5,10,3.0,0.18005808325266215,0.21006776379477252,0.6098741529525653,2023/24|2023-12-31|Fulham|Arsenal
2023/24,2023-12-31,Tottenham,Bournemouth,3,1,H,validation,0.2911189944527089,0.2647860500022526,0.4440949555450385,1.8,1.3,2.2,1.6,5,10,3.0,2.6,2.2,2.6,0.8,5,10,5.0,0.5393258426966292,0.2247191011235955,0.23595505617977527,2023/24|2023-12-31|Tottenham|Bournemouth
2023/24,2024-01-01,Liverpool,Newcastle,4,2,H,validation,0.6406733714713579,0.1815241256443007,0.1778025028843413,2.2,2.2,1.4,0.4,5,10,6.0,0.6,1.3,1.0,2.2,5,10,6.0,0.6538661131292164,0.21069019200830302,0.13544369486248053,2023/24|2024-01-01|Liverpool|Newcastle
2023/24,2024-01-02,West Ham,Brighton,0,0,D,validation,0.499382341400274,0.2479563890916749,0.252661269508051,2.4,1.9,1.8,1.2,5,10,5.0,1.6,1.4,1.6,1.4,5,10,5.0,0.3930443068127679,0.2567889471176751,0.35016674606955694,2023/24|2024-01-02|West Ham|Brighton
2023/24,2024-01-12,Burnley,Luton,1,1,D,validation,0.3794030503455141,0.2566079297812965,0.3639890198731894,0.8,0.7,1.0,1.6,5,10,13.0,1.2,1.0,2.0,2.2,5,10,13.0,0.47368421052631576,0.2631578947368421,0.2631578947368421,2023/24|2024-01-12|Burnley|Luton
2023/24,2024-01-13,Chelsea,Fulham,1,0,H,validation,0.5095936558417176,0.2365591477888976,0.2538471963693847,1.8,1.6,1.6,1.4,5,10,14.0,1.2,1.2,1.4,1.8,5,10,13.0,0.5932203389830508,0.22598870056497172,0.18079096045197737,2023/24|2024-01-13|Chelsea|Fulham
2023/24,2024-01-13,Newcastle,Man City,2,3,A,validation,0.327865648798876,0.2515120576247061,0.420622293576418,0.6,1.2,1.4,2.4,5,10,12.0,2.0,1.9,1.8,1.0,5,10,14.0,0.17186279656351228,0.2183014736949925,0.6098357297414951,2023/24|2024-01-13|Newcastle|Man City
2023/24,2024-01-14,Everton,Aston Villa,0,0,D,validation,0.3903069584253211,0.2319065452363682,0.3777864963383106,1.2,1.6,1.2,1.6,5,10,15.0,2.0,2.0,1.8,1.4,5,10,15.0,0.33980582524271846,0.27184466019417475,0.3883495145631068,2023/24|2024-01-14|Everton|Aston Villa
2023/24,2024-01-14,Man United,Tottenham,2,2,D,validation,0.4164860959376715,0.2528058054990769,0.3307080985632515,0.8,1.6,0.8,1.8,5,10,15.0,2.4,1.3,2.6,1.4,5,10,14.0,0.4310344827586207,0.25287356321839083,0.3160919540229885,2023/24|2024-01-14|Man United|Tottenham
2023/24,2024-01-20,Arsenal,Crystal Palace,5,0,H,validation,0.5126502952456151,0.2198626153474744,0.2674870894069105,0.8,1.6,0.8,1.2,5,10,20.0,1.0,0.9,1.6,1.6,5,10,21.0,0.7296439901304195,0.16496298907296442,0.10539302079661615,2023/24|2024-01-20|Arsenal|Crystal Palace
2023/24,2024-01-20,Brentford,Nott'm Forest,3,2,H,validation,0.4060063257043431,0.2514976407989688,0.3424960334966881,0.0,0.9,0.8,2.4,5,10,21.0,1.4,1.0,1.6,1.6,5,10,21.0,0.49799419006778256,0.2642135841748513,0.23779222575736617,2023/24|2024-01-20|Brentford|Nott'm Forest
2023/24,2024-01-21,Bournemouth,Liverpool,0,4,A,validation,0.4670562410138191,0.2256517008593393,0.3072920581268414,2.4,2.2,2.4,1.0,5,10,21.0,2.2,2.2,1.8,0.8,5,10,20.0,0.22707034728406053,0.21193232413178983,0.5609973285841496,2023/24|2024-01-21|Bournemouth|Liverpool
2023/24,2024-01-21,Sheffield United,West Ham,2,2,D,validation,0.2671547416875204,0.2360894697439814,0.4967557885684983,0.8,0.8,0.8,1.6,5,10,22.0,2.0,2.0,1.4,1.0,5,10,19.0,0.2796610169491525,0.288135593220339,0.43220338983050843,2023/24|2024-01-21|Sheffield United|West Ham
2023/24,2024-01-22,Brighton,Wolves,0,0,D,validation,0.3963290878610722,0.2346455756989887,0.3690253364399391,1.2,1.4,1.2,1.2,5,10,20.0,2.0,1.6,2.0,1.2,5,10,23.0,0.5844322369042638,0.22270512491732916,0.19286263817840707,2023/24|2024-01-22|Brighton|Wolves
2023/24,2024-01-30,Aston Villa,Newcastle,1,3,A,validation,0.6057094997176805,0.2030752225811612,0.1912152777011583,1.6,2.1,1.6,1.4,5,10,16.0,0.6,0.9,1.6,2.2,5,10,17.0,0.5129935875801552,0.2372595342558218,0.24974687816402294,2023/24|2024-01-30|Aston Villa|Newcastle
2023/24,2024-01-30,Crystal Palace,Sheffield United,3,2,H,validation,0.4209165359423705,0.2787514259081504,0.300332038149479,1.0,0.6,1.4,2.2,5,10,10.0,0.4,0.6,1.0,2.0,5,10,9.0,0.5885015844273427,0.26482571299230423,0.14667270258035311,2023/24|2024-01-30|Crystal Palace|Sheffield United
2023/24,2024-01-30,Fulham,Everton,0,0,D,validation,0.3517174806371834,0.2350825499270836,0.4131999694357328,0.6,1.2,0.4,2.0,5,10,17.0,0.8,1.6,0.8,1.6,5,10,16.0,0.3872529245663574,0.2964905203711174,0.3162565550625252,2023/24|2024-01-30|Fulham|Everton
2023/24,2024-01-30,Luton,Brighton,4,0,H,validation,0.385261220494955,0.2674224447472189,0.347316334757826,1.4,1.1,1.6,1.6,5,10,18.0,1.2,1.4,1.0,1.0,5,10,8.0,0.2272727272727273,0.2272727272727273,0.5454545454545455,2023/24|2024-01-30|Luton|Brighton
2023/24,2024-01-30,Nott'm Forest,Arsenal,1,2,A,validation,0.2284628741209146,0.2586046895542363,0.5129324363248491,1.2,0.7,1.8,2.0,5,10,10.0,1.4,1.9,1.8,1.0,5,10,10.0,0.12727272727272726,0.19090909090909092,0.6818181818181818,2023/24|2024-01-30|Nott'm Forest|Arsenal
2023/24,2024-01-31,Liverpool,Chelsea,4,1,H,validation,0.6537996695614643,0.1810952019144448,0.1651051285240908,2.2,2.4,2.2,0.6,5,10,10.0,2.4,1.6,1.8,1.0,5,10,18.0,0.6018171661844011,0.2182108431661685,0.17997199064943042,2023/24|2024-01-31|Liverpool|Chelsea
2023/24,2024-01-31,Man City,Burnley,3,1,H,validation,0.6130034754901407,0.2184930474547568,0.1685034770551023,2.6,1.9,2.4,1.2,5,10,18.0,0.8,0.8,1.0,1.6,5,10,19.0,0.8760951188986232,0.0788485607008761,0.04505632040050063,2023/24|2024-01-31|Man City|Burnley
2023/24,2024-01-31,Tottenham,Brentford,3,2,H,validation,0.5560750404509067,0.2354012558602936,0.2085237036887996,2.0,1.4,2.2,1.6,5,10,17.0,0.6,0.9,1.2,2.4,5,10,11.0,0.5716905706876048,0.2273150602495952,0.20099436906279997,2023/24|2024-01-31|Tottenham|Brentford
2023/24,2024-02-01,West Ham,Bournemouth,1,1,D,validation,0.5377838478384644,0.2028286096764296,0.2593875424851059,2.2,2.1,1.8,0.4,5,10,11.0,1.8,1.9,2.0,1.8,5,10,11.0,0.39797395079594794,0.2547033285094067,0.3473227206946455,2023/24|2024-02-01|West Ham|Bournemouth
2023/24,2024-02-01,Wolves,Man United,3,4,A,validation,0.5251008618560004,0.2178202837102131,0.2570788544337865,2.0,1.7,1.8,1.0,5,10,10.0,1.0,1.4,1.2,1.6,5,10,18.0,0.36206590546056916,0.26450925871147135,0.3734248358279596,2023/24|2024-02-01|Wolves|Man United
2023/24,2024-02-03,Brighton,Crystal Palace,4,1,H,validation,0.5390291456587922,0.232678040394915,0.2282928139462928,1.2,1.3,1.0,1.4,5,10,4.0,1.4,0.9,1.6,2.2,5,10,4.0,0.5608856088560886,0.23837638376383766,0.2007380073800738,2023/24|2024-02-03|Brighton|Crystal Palace
2023/24,2024-02-03,Burnley,Fulham,2,2,D,validation,0.4405137460821964,0.2477717999417752,0.3117144539760285,0.8,0.8,1.2,1.8,5,10,3.0,0.8,1.3,0.4,1.4,5,10,4.0,0.3255813953488372,0.27770177838577287,0.39671682626538984,2023/24|2024-02-03|Burnley|Fulham
2023/24,2024-02-03,Everton,Tottenham,2,2,D,validation,0.3909348205380106,0.232082279620384,0.3769828998416054,0.4,1.4,0.4,1.6,5,10,4.0,2.0,1.7,2.4,2.0,5,10,3.0,0.3157894736842105,0.2631578947368421,0.42105263157894735,2023/24|2024-02-03|Everton|Tottenham
2023/24,2024-02-03,Newcastle,Luton,4,4,D,validation,0.4056285908385196,0.2721883849800115,0.322183024181469,0.6,1.2,1.6,2.4,5,10,4.0,2.0,1.3,2.2,1.2,5,10,4.0,0.6558682952734998,0.19883165161975572,0.14530005310674457,2023/24|2024-02-03|Newcastle|Luton
2023/24,2024-02-03,Sheffield United,Aston Villa,0,5,A,validation,0.296095188584377,0.2472918610141596,0.4566129504014633,0.4,0.5,1.4,2.2,5,10,4.0,1.0,1.8,1.4,1.8,5,10,4.0,0.1821247892074199,0.22765598650927488,0.5902192242833053,2023/24|2024-02-03|Sheffield United|Aston Villa
2023/24,2024-02-04,Arsenal,Liverpool,3,1,H,validation,0.3282581002234839,0.2374686221905663,0.4342732775859498,1.4,1.9,1.8,1.2,5,10,5.0,2.6,2.4,3.0,0.8,5,10,4.0,0.4308880308880309,0.2633204633204634,0.3057915057915058,2023/24|2024-02-04|Arsenal|Liverpool
2023/24,2024-02-04,Bournemouth,Nott'm Forest,1,1,D,validation,0.5947079471460117,0.2280696849543206,0.1772223678996675,1.4,2.0,1.6,2.0,5,10,3.0,1.2,0.7,2.0,2.0,5,10,5.0,0.5609973285841497,0.2270703472840606,0.21193232413178986,2023/24|2024-02-04|Bournemouth|Nott'm Forest
2023/24,2024-02-04,Chelsea,Wolves,2,4,A,validation,0.3596632093669372,0.285626374749409,0.3547104158836537,1.8,1.5,1.6,1.8,5,10,4.0,2.0,1.4,2.4,1.2,5,10,3.0,0.5883926183471516,0.23829901043059643,0.17330837122225196,2023/24|2024-02-04|Chelsea|Wolves
2023/24,2024-02-04,Man United,West Ham,3,0,H,validation,0.3597976573711722,0.2707854269459074,0.3694169156829203,1.4,1.4,2.0,2.2,5,10,3.0,1.8,1.9,1.4,0.6,5,10,3.0,0.5848930481283423,0.22560160427807488,0.18950534759358292,2023/24|2024-02-04|Man United|West Ham
2023/24,2024-02-05,Brentford,Man City,1,3,A,validation,0.2321823545645339,0.2766767544396585,0.4911408909958075,0.6,0.6,1.6,2.8,5,10,5.0,2.6,1.9,2.6,1.2,5,10,5.0,0.13380281690140844,0.19718309859154928,0.6690140845070423,2023/24|2024-02-05|Brentford|Man City
2023/24,2024-02-10,Fulham,Bournemouth,3,1,H,validation,0.3530046124829226,0.2333428062712174,0.41365258124586,1.0,1.1,0.8,1.4,5,10,7.0,1.0,1.8,1.2,1.8,5,10,6.0,0.3952569169960474,0.26877470355731226,0.3359683794466403,2023/24|2024-02-10|Fulham|Bournemouth
2023/24,2024-02-10,Liverpool,Burnley,3,1,H,validation,0.7239118205266535,0.1687289287711474,0.1073592507021991,2.4,2.3,3.0,1.2,5,10,6.0,0.4,0.9,1.2,2.2,5,10,7.0,0.8229954614220878,0.12036308623298032,0.05664145234493192,2023/24|2024-02-10|Liverpool|Burnley
2023/24,2024-02-10,Luton,Sheffield United,1,3,A,validation,0.686976748829858,0.1917619709381341,0.1212612802320079,1.6,1.4,2.8,2.0,5,10,7.0,0.2,0.5,1.2,3.0,5,10,7.0,0.5449330783938815,0.25430210325047803,0.20076481835564056,2023/24|2024-02-10|Luton|Sheffield United
2023/24,2024-02-10,Man City,Everton,2,0,H,validation,0.6108876426851791,0.2084919526418417,0.1806204046729791,3.0,2.1,2.8,1.0,5,10,5.0,0.6,1.5,0.6,1.6,5,10,7.0,0.8075788165864264,0.11911787544649789,0.07330330796707563,2023/24|2024-02-10|Man City|Everton
2023/24,2024-02-10,Nott'm Forest,Newcastle,2,3,A,validation,0.4177930938112447,0.2578983205199539,0.3243085856688013,1.4,0.8,1.8,1.6,5,10,6.0,0.8,1.0,2.4,3.0,5,10,7.0,0.28655297735532564,0.2521666200726866,0.4612804025719877,2023/24|2024-02-10|Nott'm Forest|Newcastle
2023/24,2024-02-10,Tottenham,Brighton,2,1,H,validation,0.547394374815255,0.2412578764440112,0.2113477487407336,1.6,1.8,2.4,2.2,5,10,7.0,1.6,1.3,1.6,1.4,5,10,7.0,0.5256916996047432,0.225296442687747,0.24901185770750986,2023/24|2024-02-10|Tottenham|Brighton
2023/24,2024-02-10,Wolves,Brentford,0,2,A,validation,0.7135539413235749,0.1775537169377272,0.1088923417386979,2.0,1.7,2.8,1.4,5,10,6.0,0.6,0.6,1.6,3.0,5,10,5.0,0.45434298440979953,0.2650334075723831,0.2806236080178174,2023/24|2024-02-10|Wolves|Brentford
2023/24,2024-02-11,Aston Villa,Man United,1,2,A,validation,0.5332305537022131,0.2312347783183611,0.2355346679794257,1.4,1.8,2.2,1.6,5,10,8.0,2.0,1.4,2.6,1.8,5,10,7.0,0.44113461720899344,0.25291718053315626,0.3059482022578503,2023/24|2024-02-11|Aston Villa|Man United
2023/24,2024-02-11,West Ham,Arsenal,0,6,A,validation,0.343155416154753,0.2382311483444146,0.4186134355008323,1.2,1.6,1.0,1.2,5,10,7.0,1.8,1.9,2.2,1.2,5,10,7.0,0.15854770503220061,0.21969658895916944,0.6217557060086298,2023/24|2024-02-11|West Ham|Arsenal
2023/24,2024-02-12,Crystal Palace,Chelsea,1,3,A,validation,0.3646510125039357,0.2786374391469048,0.3567115483491594,1.2,0.9,1.6,2.8,5,10,9.0,1.8,1.5,1.8,2.2,5,10,8.0,0.2285435630689207,0.2526007802340703,0.5188556566970092,2023/24|2024-02-12|Crystal Palace|Chelsea
2023/24,2024-02-17,Brentford,Liverpool,1,4,A,validation,0.1835831195449226,0.2474236465878772,0.5689932338672001,1.2,0.9,1.8,2.2,5,10,7.0,2.4,2.3,3.2,1.4,5,10,7.0,0.17320838460970087,0.2200106501970796,0.6067809651932196,2023/24|2024-02-17|Brentford|Liverpool
2023/24,2024-02-17,Burnley,Arsenal,0,5,A,validation,0.1530956692265618,0.252648451982546,0.5942558787908921,0.4,0.6,1.4,2.4,5,10,7.0,2.4,1.9,3.4,0.8,5,10,6.0,0.09531917627782954,0.1657724804831818,0.7389083432389886,2023/24|2024-02-17|Burnley|Arsenal
2023/24,2024-02-17,Fulham,Aston Villa,1,2,A,validation,0.3588023912220558,0.2465786711089427,0.3946189376690014,1.6,1.4,1.4,1.0,5,10,7.0,1.4,1.7,2.0,1.4,5,10,6.0,0.32346598706136054,0.2501470299941188,0.42638698294452065,2023/24|2024-02-17|Fulham|Aston Villa
2023/24,2024-02-17,Man City,Chelsea,1,1,D,validation,0.6343647186980363,0.2019237685674215,0.1637115127345422,3.0,2.3,2.6,0.8,5,10,7.0,1.8,1.5,2.0,2.2,5,10,5.0,0.7101928819304333,0.17173755144863206,0.11806956662093454,2023/24|2024-02-17|Man City|Chelsea
2023/24,2024-02-17,Newcastle,Bournemouth,2,2,D,validation,0.4789416643388902,0.2508955819713073,0.2701627536898024,1.4,1.0,2.8,2.8,5,10,7.0,0.4,1.5,0.8,2.4,5,10,7.0,0.5198277142432793,0.2264963612060003,0.25367592455072036,2023/24|2024-02-17|Newcastle|Bournemouth
2023/24,2024-02-17,Nott'm Forest,West Ham,2,0,H,validation,0.480197674808369,0.2284454273765553,0.2913568978150755,0.8,0.8,1.6,2.0,5,10,7.0,0.6,1.5,0.6,2.4,5,10,6.0,0.39988968560397137,0.2719249862107005,0.3281853281853282,2023/24|2024-02-17|Nott'm Forest|West Ham
2023/24,2024-02-17,Tottenham,Wolves,1,2,A,validation,0.4742580305520892,0.2450089253941176,0.2807330440537931,2.2,2.0,2.4,1.6,5,10,7.0,1.4,1.7,2.0,1.6,5,10,7.0,0.619757688723206,0.1996272134203169,0.18061509785647717,2023/24|2024-02-17|Tottenham|Wolves
2023/24,2024-02-18,Luton,Man United,1,2,A,validation,0.3966941876342416,0.2607849246346257,0.3425208877311327,1.0,1.1,2.4,2.2,5,10,8.0,2.0,1.7,2.4,1.6,5,10,7.0,0.23684210526315788,0.23684210526315788,0.5263157894736842,2023/24|2024-02-18|Luton|Man United
2023/24,2024-02-18,Sheffield United,Brighton,0,5,A,validation,0.3536796724797685,0.2758657882469938,0.3704545392732375,0.8,0.8,1.4,2.6,5,10,8.0,1.0,1.3,1.0,1.4,5,10,8.0,0.18950534759358292,0.22560160427807488,0.5848930481283423,2023/24|2024-02-18|Sheffield United|Brighton
2023/24,2024-02-19,Everton,Crystal Palace,1,1,D,validation,0.579183032632977,0.2074086169784557,0.2134083503885671,0.6,1.2,0.4,1.4,5,10,9.0,1.2,0.8,1.6,3.0,5,10,7.0,0.556783031374282,0.2629253203711887,0.18029164825452937,2023/24|2024-02-19|Everton|Crystal Palace
2023/24,2024-02-20,Man City,Brentford,1,0,H,validation,0.7247956326028347,0.1765026163064136,0.0987017510907516,2.6,2.3,2.4,1.0,5,10,3.0,1.2,0.6,1.8,2.4,5,10,3.0,0.8075788165864264,0.11911787544649789,0.07330330796707563,2023/24|2024-02-20|Man City|Brentford
2023/24,2024-02-21,Liverpool,Luton,4,1,H,validation,0.6556681567393625,0.1999663774064412,0.1443654658541963,2.4,2.3,3.2,1.2,5,10,4.0,1.0,1.1,2.2,2.0,5,10,3.0,0.7913043478260869,0.13565217391304346,0.07304347826086957,2023/24|2024-02-21|Liverpool|Luton
2023/24,2024-02-24,Arsenal,Newcastle,4,1,H,validation,0.6962017384714945,0.1833098653809811,0.1204883961475243,3.0,1.9,4.2,0.4,5,10,7.0,1.6,1.1,2.8,2.4,5,10,7.0,0.6997667444185273,0.18127290903032325,0.11896034655114963,2023/24|2024-02-24|Arsenal|Newcastle
2023/24,2024-02-24,Aston Villa,Nott'm Forest,4,2,H,validation,0.5551941311530699,0.2193633238595335,0.2254425449873965,1.4,1.7,1.8,1.2,5,10,7.0,0.8,1.1,1.6,1.8,5,10,7.0,0.6226312939902545,0.21169463995668653,0.16567406605305904,2023/24|2024-02-24|Aston Villa|Nott'm Forest
2023/24,2024-02-24,Bournemouth,Man City,0,1,A,validation,0.2616454108921248,0.2364070051734428,0.5019475839344324,0.6,1.5,1.0,2.2,5,10,7.0,2.6,2.6,2.0,0.6,5,10,4.0,0.13636363636363635,0.1818181818181818,0.6818181818181818,2023/24|2024-02-24|Bournemouth|Man City
2023/24,2024-02-24,Brighton,Everton,1,1,D,validation,0.5469670242569602,0.2360194888210942,0.2170134869219456,1.4,1.3,2.0,1.4,5,10,6.0,0.8,1.0,0.6,1.0,5,10,5.0,0.5215686274509804,0.2511764705882353,0.22725490196078432,2023/24|2024-02-24|Brighton|Everton
2023/24,2024-02-24,Crystal Palace,Burnley,3,0,H,validation,0.4913698309201458,0.2634388658098145,0.2451913032700395,0.8,0.9,1.2,3.0,5,10,5.0,0.4,0.6,1.0,2.8,5,10,7.0,0.48908296943231444,0.2724890829694323,0.23842794759825325,2023/24|2024-02-24|Crystal Palace|Burnley
2023/24,2024-02-24,Man United,Fulham,1,2,A,validation,0.5216357366636682,0.2560912109214869,0.2222730524148447,2.6,1.7,2.6,1.4,5,10,6.0,1.0,1.1,1.2,1.2,5,10,7.0,0.6067809651932196,0.2200106501970796,0.17320838460970087,2023/24|2024-02-24|Man United|Fulham
2023/24,2024-02-25,Wolves,Sheffield United,1,0,H,validation,0.6856662286921648,0.1813831727828896,0.1329505985249456,1.4,1.7,1.8,1.8,5,10,8.0,0.8,0.8,1.4,3.2,5,10,7.0,0.6627466613514053,0.20091688259916285,0.13633645604943193,2023/24|2024-02-25|Wolves|Sheffield United
2023/24,2024-02-26,West Ham,Brentford,4,2,H,validation,0.4670425983885631,0.264885881105203,0.2680715205062339,0.4,1.2,0.6,2.8,5,10,9.0,0.6,0.6,1.2,2.2,5,10,6.0,0.38118811881188125,0.2722772277227723,0.34653465346534656,2023/24|2024-02-26|West Ham|Brentford
2023/24,2024-03-02,Brentford,Chelsea,2,2,D,validation,0.3247908599090097,0.250581704555213,0.4246274355357772,0.6,0.6,1.2,2.4,5,10,5.0,1.4,1.6,1.6,2.0,5,10,14.0,0.3059482022578503,0.25291718053315626,0.44113461720899344,2023/24|2024-03-02|Brentford|Chelsea
2023/24,2024-03-02,Everton,West Ham,1,3,A,validation,0.467915711262485,0.2158512399657284,0.3162330487717866,0.8,0.8,0.8,1.2,5,10,7.0,0.8,1.5,1.0,2.8,5,10,5.0,0.46400294605045106,0.2642238998342846,0.27177315411526415,2023/24|2024-03-02|Everton|West Ham
2023/24,2024-03-02,Fulham,Brighton,3,0,H,validation,0.367044480677926,0.2643616302161128,0.3685938891059611,1.6,1.1,1.6,1.2,5,10,7.0,1.4,1.3,2.2,1.6,5,10,7.0,0.3734248358279596,0.26450925871147135,0.36206590546056916,2023/24|2024-03-02|Fulham|Brighton
2023/24,2024-03-02,Luton,Aston Villa,2,3,A,validation,0.3294023565293361,0.2712740806472156,0.3993235628234483,0.8,1.1,2.2,2.6,5,10,10.0,1.8,1.7,2.6,1.6,5,10,7.0,0.22056345980469233,0.22739042403674234,0.5520461161585652,2023/24|2024-03-02|Luton|Aston Villa
2023/24,2024-03-02,Newcastle,Wolves,3,0,H,validation,0.358430450517186,0.2747303963361839,0.36683915314663,1.6,1.1,2.6,2.6,5,10,7.0,1.8,1.9,2.0,1.8,5,10,6.0,0.49799419006778256,0.23779222575736617,0.2642135841748513,2023/24|2024-03-02|Newcastle|Wolves
2023/24,2024-03-02,Nott'm Forest,Liverpool,0,1,A,validation,0.2132482335339658,0.2354549228032307,0.5512968436628035,0.8,1.0,1.6,2.0,5,10,7.0,2.4,2.3,3.2,1.4,5,10,10.0,0.15854770503220061,0.21969658895916944,0.6217557060086298,2023/24|2024-03-02|Nott'm Forest|Liverpool
2023/24,2024-03-02,Tottenham,Crystal Palace,3,1,H,validation,0.584287182841899,0.2216597236706227,0.1940530934874783,1.6,2.0,2.0,1.8,5,10,14.0,1.4,1.2,1.8,2.0,5,10,7.0,0.6340391980175715,0.2196440639783735,0.14631673800405498,2023/24|2024-03-02|Tottenham|Crystal Palace
2023/24,2024-03-03,Burnley,Bournemouth,0,2,A,validation,0.2687703279425956,0.2802039256218941,0.4510257464355102,0.2,0.5,0.8,3.2,5,10,8.0,0.6,1.2,1.0,1.6,5,10,8.0,0.2522231204527081,0.26273241713823764,0.48504446240905413,2023/24|2024-03-03|Burnley|Bournemouth
2023/24,2024-03-03,Man City,Man United,3,1,H,validation,0.569169064019679,0.2104171724066391,0.2204137635736819,2.6,2.6,1.6,0.4,5,10,8.0,2.4,1.7,2.4,1.4,5,10,8.0,0.7512991833704529,0.1633259094283593,0.08537490720118782,2023/24|2024-03-03|Man City|Man United
2023/24,2024-03-04,Sheffield United,Arsenal,0,6,A,validation,0.0763664706667493,0.2235644731817852,0.7000690561514654,0.6,0.5,1.0,3.0,5,10,8.0,3.0,2.2,4.0,0.6,5,10,9.0,0.05606842248167254,0.13616616888406188,0.8077654086342655,2023/24|2024-03-04|Sheffield United|Arsenal
2023/24,2024-03-09,Arsenal,Brentford,2,1,H,validation,0.8388310295010917,0.114297694892293,0.0468712756066153,3.0,2.2,4.8,0.4,5,10,5.0,0.8,0.7,1.4,2.2,5,10,7.0,0.7780921584478578,0.13561034761519808,0.08629749393694423,2023/24|2024-03-09|Arsenal|Brentford
2023/24,2024-03-09,Bournemouth,Sheffield United,2,2,D,validation,0.7436647208557454,0.153830783695589,0.1025044954486654,1.0,1.2,1.2,1.4,5,10,6.0,0.6,0.5,0.6,3.6,5,10,5.0,0.7044320516583504,0.17845611975344877,0.11711182858820077,2023/24|2024-03-09|Bournemouth|Sheffield United
2023/24,2024-03-09,Crystal Palace,Luton,1,1,D,validation,0.455678971757627,0.2385931016680954,0.3057279265742776,0.8,1.1,1.4,2.2,5,10,7.0,0.2,1.1,1.8,3.2,5,10,7.0,0.5327102803738317,0.24532710280373832,0.2219626168224299,2023/24|2024-03-09|Crystal Palace|Luton
2023/24,2024-03-09,Man United,Everton,2,0,H,validation,0.6156491185332801,0.2216280048173216,0.1627228766493982,1.8,1.6,1.8,1.4,5,10,6.0,0.6,0.5,1.0,1.8,5,10,7.0,0.5086901229334463,0.2585841458245019,0.2327257312420517,2023/24|2024-03-09|Man United|Everton
2023/24,2024-03-09,Wolves,Fulham,2,1,H,validation,0.4360513494903144,0.2619548142886414,0.3019938362210442,1.8,1.9,1.4,1.6,5,10,7.0,2.0,1.4,2.2,1.2,5,10,7.0,0.37815975733063706,0.27805864509605666,0.3437815975733064,2023/24|2024-03-09|Wolves|Fulham
2023/24,2024-03-10,Aston Villa,Tottenham,0,4,A,validation,0.4658994877743904,0.2440681159755097,0.2900323962500999,2.4,1.7,3.0,1.4,5,10,8.0,2.0,2.0,2.2,1.6,5,10,8.0,0.3983453347632909,0.2370154741841581,0.3646391910525509,2023/24|2024-03-10|Aston Villa|Tottenham
2023/24,2024-03-10,Brighton,Nott'm Forest,1,0,H,validation,0.5475747958513811,0.2296676580927466,0.2227575460558721,1.4,1.3,2.2,1.4,5,10,8.0,0.8,1.0,1.4,1.8,5,10,8.0,0.5263157894736842,0.23684210526315788,0.23684210526315788,2023/24|2024-03-10|Brighton|Nott'm Forest
2023/24,2024-03-10,Liverpool,Man City,1,1,D,validation,0.4742785028681943,0.2206961408686167,0.305025356263189,2.4,2.5,2.6,1.2,5,10,8.0,2.6,2.8,1.6,0.4,5,10,7.0,0.3160919540229885,0.25287356321839083,0.4310344827586207,2023/24|2024-03-10|Liverpool|Man City
2023/24,2024-03-10,West Ham,Burnley,2,2,D,validation,0.6299814382954155,0.2170923668533727,0.1529261948512117,1.2,1.5,1.4,2.8,5,10,8.0,0.2,0.5,0.6,3.0,5,10,7.0,0.5652658981033842,0.23599851245816286,0.19873558943845293,2023/24|2024-03-10|West Ham|Burnley
2023/24,2024-03-11,Chelsea,Newcastle,3,2,H,validation,0.5190132196115446,0.2417883830428664,0.2391983973455891,1.0,1.7,1.8,2.4,5,10,9.0,1.6,1.1,2.6,2.4,5,10,9.0,0.49799419006778256,0.23779222575736617,0.2642135841748513,2023/24|2024-03-11|Chelsea|Newcastle
2023/24,2024-03-13,Bournemouth,Luton,4,3,H,validation,0.5060839316912636,0.2338076899602302,0.2601083783485061,1.0,1.0,1.4,1.6,5,10,4.0,0.2,0.9,1.2,2.6,5,10,4.0,0.6342525399129173,0.20029027576197386,0.16545718432510886,2023/24|2024-03-13|Bournemouth|Luton
2023/24,2024-03-16,Burnley,Brentford,2,1,H,validation,0.3252925864469336,0.2830777109955483,0.391629702557518,0.2,0.3,0.6,3.0,5,10,6.0,0.2,0.7,1.2,2.6,5,10,7.0,0.29287673824614513,0.2644026109166588,0.4427206508371961,2023/24|2024-03-16|Burnley|Brentford
2023/24,2024-03-16,Fulham,Tottenham,3,0,H,validation,0.335275251681484,0.2532549195828412,0.4114698287356749,1.8,1.4,2.0,1.2,5,10,7.0,2.0,2.0,2.4,1.2,5,10,6.0,0.2691120392228073,0.24786635191574355,0.483021608861449,2023/24|2024-03-16|Fulham|Tottenham
2023/24,2024-03-16,Luton,Nott'm Forest,1,1,D,validation,0.4008311520444447,0.2692648091503313,0.329904038805224,0.2,0.6,1.6,2.8,5,10,3.0,0.6,1.0,1.2,1.8,5,10,6.0,0.33980582524271846,0.27184466019417475,0.3883495145631068,2023/24|2024-03-16|Luton|Nott'm Forest
2023/24,2024-03-17,West Ham,Aston Villa,1,1,D,validation,0.4093294311590033,0.2662457578639478,0.3244248109770489,1.4,1.3,1.8,2.6,5,10,7.0,1.8,1.6,2.0,2.2,5,10,7.0,0.3603859807401887,0.25275070115911896,0.38686331810069224,2023/24|2024-03-17|West Ham|Aston Villa
2023/24,2024-03-30,Aston Villa,Wolves,2,0,H,validation,0.4795972852982082,0.233157696798948,0.2872450179028436,2.0,1.7,2.0,2.0,5,10,13.0,1.8,1.9,1.0,1.4,5,10,21.0,0.5918858330143802,0.2187107004210181,0.1894034665646017,2023/24|2024-03-30|Aston Villa|Wolves
2023/24,2024-03-30,Bournemouth,Everton,2,1,H,validation,0.563156838062213,0.2343610974926021,0.2024820644451848,1.6,1.0,2.0,1.6,5,10,17.0,0.4,0.5,0.6,1.8,5,10,21.0,0.4350453172205438,0.26586102719033233,0.2990936555891239,2023/24|2024-03-30|Bournemouth|Everton
2023/24,2024-03-30,Brentford,Man United,1,1,D,validation,0.3155861550370594,0.2320007184300726,0.4524131265328679,0.2,0.7,1.2,2.2,5,10,14.0,1.8,1.9,1.6,1.4,5,10,21.0,0.31714719271623676,0.2503793626707132,0.4324734446130501,2023/24|2024-03-30|Brentford|Man United
2023/24,2024-03-30,Chelsea,Burnley,2,2,D,validation,0.7072986759168252,0.1808814089417758,0.1118199151413988,1.6,1.7,2.2,2.0,5,10,19.0,0.8,0.6,0.8,2.6,5,10,14.0,0.7403078121955972,0.1591661796220534,0.10052600818234952,2023/24|2024-03-30|Chelsea|Burnley
2023/24,2024-03-30,Newcastle,West Ham,4,3,H,validation,0.4191426318089208,0.2792357780655968,0.3016215901254824,1.4,1.1,2.2,2.2,5,10,19.0,1.6,1.1,2.0,1.6,5,10,13.0,0.5215686274509804,0.22725490196078432,0.2511764705882353,2023/24|2024-03-30|Newcastle|West Ham
2023/24,2024-03-30,Nott'm Forest,Crystal Palace,1,1,D,validation,0.3934352302539219,0.2415802933086476,0.3649844764374305,0.8,0.8,1.0,1.4,5,10,14.0,1.0,1.1,1.4,1.6,5,10,21.0,0.43220338983050843,0.288135593220339,0.2796610169491525,2023/24|2024-03-30|Nott'm Forest|Crystal Palace
2023/24,2024-03-30,Sheffield United,Fulham,3,3,D,validation,0.1555981682484822,0.2691200721015252,0.5752817596499925,0.8,0.5,1.0,3.0,5,10,21.0,1.8,1.7,2.0,1.0,5,10,14.0,0.21158844213423023,0.238036997401009,0.5503745604647607,2023/24|2024-03-30|Sheffield United|Fulham
2023/24,2024-03-30,Tottenham,Luton,2,1,H,validation,0.6057665043082708,0.2117620523025103,0.1824714433892188,1.8,1.7,2.0,1.4,5,10,14.0,0.4,0.7,1.6,2.6,5,10,14.0,0.7942238267148014,0.1191335740072202,0.08664259927797834,2023/24|2024-03-30|Tottenham|Luton
2023/24,2024-03-31,Liverpool,Brighton,2,1,H,validation,0.6113170912342243,0.1992929064470845,0.1893900023186913,2.6,2.5,2.6,0.8,5,10,21.0,1.4,1.5,1.6,1.2,5,10,21.0,0.6999830307144069,0.17308671304938064,0.12693025623621246,2023/24|2024-03-31|Liverpool|Brighton
2023/24,2024-03-31,Man City,Arsenal,0,0,D,validation,0.2082390459140497,0.2247343827021658,0.5670265713837845,2.2,2.6,1.4,0.6,5,10,21.0,3.0,2.4,4.6,0.4,5,10,22.0,0.49868766404199477,0.25065616797900264,0.25065616797900264,2023/24|2024-03-31|Man City|Arsenal
2023/24,2024-04-02,Bournemouth,Crystal Palace,1,0,H,validation,0.4396340762485759,0.2702090421830854,0.2901568815683386,2.0,1.3,2.0,1.4,5,10,3.0,1.2,1.2,1.4,1.2,5,10,3.0,0.4866595517609391,0.2497331910352187,0.263607257203842,2023/24|2024-04-02|Bournemouth|Crystal Palace
2023/24,2024-04-02,Burnley,Wolves,1,1,D,validation,0.3756981122422898,0.2642137482440566,0.3600881395136537,1.0,0.7,1.2,2.0,5,10,3.0,1.8,1.6,1.0,1.4,5,10,3.0,0.3888834331729352,0.26465678090935874,0.346459785917706,2023/24|2024-04-02|Burnley|Wolves
2023/24,2024-04-02,Newcastle,Everton,1,1,D,validation,0.6086048390339052,0.235236564770263,0.1561585961958317,1.4,1.4,2.4,2.4,5,10,3.0,0.4,0.5,0.8,1.8,5,10,3.0,0.4751131221719458,0.2533936651583711,0.2714932126696833,2023/24|2024-04-02|Newcastle|Everton
2023/24,2024-04-02,Nott'm Forest,Fulham,3,1,H,validation,0.2695464032631764,0.2597197254627132,0.4707338712741104,0.4,0.6,0.8,1.6,5,10,3.0,2.0,1.5,2.4,1.2,5,10,3.0,0.35451770209729216,0.28152876343020267,0.36395353447250534,2023/24|2024-04-02|Nott'm Forest|Fulham
2023/24,2024-04-02,West Ham,Tottenham,1,1,D,validation,0.339131822602834,0.267488698317377,0.3933794790797891,1.6,1.0,2.6,2.0,5,10,3.0,1.8,2.0,2.0,1.4,5,10,3.0,0.287519747235387,0.22590837282780407,0.48657187993680884,2023/24|2024-04-02|West Ham|Tottenham
2023/24,2024-04-03,Arsenal,Luton,2,0,H,validation,0.7940198743681107,0.135842619145881,0.0701375064860082,2.6,2.5,3.4,0.4,5,10,3.0,0.4,0.6,1.6,2.2,5,10,4.0,0.8562415502478594,0.09418657052726455,0.049571879224876075,2023/24|2024-04-03|Arsenal|Luton
2023/24,2024-04-03,Brentford,Brighton,0,0,D,validation,0.335102591150384,0.2784019616723217,0.3864954471772941,0.4,0.5,1.4,2.2,5,10,4.0,1.4,1.2,1.6,1.2,5,10,3.0,0.40132109528015675,0.251353738622835,0.34732516609700836,2023/24|2024-04-03|Brentford|Brighton
2023/24,2024-04-03,Man City,Aston Villa,4,1,H,validation,0.5848178026965364,0.1978861313642259,0.2172960659392376,2.2,2.4,1.2,0.4,5,10,3.0,2.0,1.7,2.0,1.8,5,10,4.0,0.7250755287009064,0.1570996978851964,0.1178247734138973,2023/24|2024-04-03|Man City|Aston Villa
2023/24,2024-04-04,Chelsea,Man United,4,3,H,validation,0.5078378014089958,0.2337326963637446,0.2584295022272595,1.8,1.8,2.2,1.6,5,10,5.0,1.4,1.7,1.4,1.4,5,10,5.0,0.4788732394366197,0.23943661971830985,0.28169014084507044,2023/24|2024-04-04|Chelsea|Man United
2023/24,2024-04-04,Liverpool,Sheffield United,3,1,H,validation,0.8258794328494956,0.1168284961250878,0.0572920710254165,2.6,2.5,2.4,0.8,5,10,4.0,0.4,0.6,1.0,3.4,5,10,5.0,0.87509115532868,0.07948744660902177,0.045421398062298154,2023/24|2024-04-04|Liverpool|Sheffield United
2023/24,2024-04-06,Aston Villa,Brentford,3,3,D,validation,0.5173357768346438,0.2631923004309908,0.2194719227343654,1.4,1.6,1.4,2.2,5,10,3.0,0.6,0.6,1.0,1.4,5,10,3.0,0.5608856088560886,0.23837638376383766,0.2007380073800738,2023/24|2024-04-06|Aston Villa|Brentford
2023/24,2024-04-06,Brighton,Arsenal,0,3,A,validation,0.1379707647268349,0.2017755187837039,0.6602537164894612,1.0,1.2,0.6,1.2,5,10,3.0,2.6,2.8,2.8,0.4,5,10,3.0,0.19079766949728813,0.2203206345234274,0.5888816959792843,2023/24|2024-04-06|Brighton|Arsenal
2023/24,2024-04-06,Crystal Palace,Man City,2,4,A,validation,0.2399143695162637,0.2329661545754507,0.5271194759082856,1.0,0.9,1.2,1.2,5,10,4.0,2.2,2.4,1.8,0.6,5,10,3.0,0.10047846889952154,0.18181818181818185,0.7177033492822967,2023/24|2024-04-06|Crystal Palace|Man City
2023/24,2024-04-06,Everton,Burnley,1,0,H,validation,0.4272991912775428,0.2671118735293863,0.3055889351930707,0.4,0.6,0.8,1.8,5,10,4.0,1.2,0.7,1.4,1.6,5,10,4.0,0.5791106514994829,0.2388831437435367,0.18200620475698032,2023/24|2024-04-06|Everton|Burnley
2023/24,2024-04-06,Fulham,Newcastle,0,1,A,validation,0.5040924888941655,0.2322074563633703,0.2637000547424643,1.4,1.5,2.2,1.6,5,10,4.0,1.4,1.5,2.2,2.2,5,10,4.0,0.40382571732199785,0.2529224229543039,0.3432518597236982,2023/24|2024-04-06|Fulham|Newcastle
2023/24,2024-04-06,Luton,Bournemouth,2,1,H,validation,0.29017328356327,0.2708254880040054,0.4390012284327245,0.4,0.3,1.2,2.0,5,10,3.0,2.6,1.6,2.2,1.2,5,10,4.0,0.25315219476465356,0.24982124483353968,0.49702656040180676,2023/24|2024-04-06|Luton|Bournemouth
2023/24,2024-04-06,Wolves,West Ham,1,2,A,validation,0.4108171103142131,0.2632391293167185,0.3259437603690683,1.4,1.4,0.8,1.4,5,10,4.0,1.2,1.0,2.0,1.8,5,10,4.0,0.38162544169611307,0.26501766784452296,0.3533568904593639,2023/24|2024-04-06|Wolves|West Ham
2023/24,2024-04-07,Man United,Liverpool,2,2,D,validation,0.3508485697383612,0.2366474971182223,0.4125039331434165,0.8,1.7,1.6,2.0,5,10,3.0,2.6,2.5,2.2,0.8,5,10,3.0,0.1990324809951624,0.21008984105044923,0.5908776779543885,2023/24|2024-04-07|Man United|Liverpool
2023/24,2024-04-07,Sheffield United,Chelsea,2,2,D,validation,0.2355549207950783,0.2667571043185872,0.4976879748863345,0.4,0.6,1.2,3.0,5,10,3.0,1.8,1.8,2.4,2.0,5,10,3.0,0.13636363636363635,0.1818181818181818,0.6818181818181818,2023/24|2024-04-07|Sheffield United|Chelsea
2023/24,2024-04-07,Tottenham,Nott'm Forest,3,1,H,validation,0.5768340787364235,0.2329914320433714,0.1901744892202051,2.0,1.8,2.0,1.2,5,10,5.0,1.0,0.9,1.0,1.0,5,10,5.0,0.6803044719314939,0.17316841103710753,0.1465271170313987,2023/24|2024-04-07|Tottenham|Nott'm Forest
2023/24,2024-04-13,Bournemouth,Man United,2,2,D,validation,0.3961975400097575,0.2531103161299576,0.3506921438602848,2.0,1.5,2.0,1.6,5,10,7.0,1.0,1.7,1.8,2.0,5,10,6.0,0.393939393939394,0.24242424242424246,0.3636363636363636,2023/24|2024-04-13|Bournemouth|Man United
2023/24,2024-04-13,Brentford,Sheffield United,2,0,H,validation,0.5531808165520287,0.2233023500954341,0.2235168333525372,0.6,0.7,1.2,1.6,5,10,7.0,0.6,0.6,1.6,3.2,5,10,6.0,0.6624541377904607,0.1907867916836527,0.14675907052588671,2023/24|2024-04-13|Brentford|Sheffield United
2023/24,2024-04-13,Burnley,Brighton,1,1,D,validation,0.4756567210449448,0.2450199397627523,0.2793233391923028,1.2,0.7,1.4,1.4,5,10,7.0,0.8,1.1,0.4,1.6,5,10,7.0,0.27149321266968324,0.25339366515837103,0.4751131221719457,2023/24|2024-04-13|Burnley|Brighton
2023/24,2024-04-13,Man City,Luton,5,1,H,validation,0.7497027660113805,0.1611633478603568,0.0891338861282626,2.2,2.4,2.4,1.0,5,10,7.0,0.8,0.5,1.4,2.0,5,10,7.0,0.8636363636363636,0.08636363636363636,0.05,2023/24|2024-04-13|Man City|Luton
2023/24,2024-04-13,Newcastle,Tottenham,4,0,H,validation,0.4293670998215566,0.246208732390475,0.3244241677879683,2.0,1.8,2.2,1.4,5,10,7.0,2.0,2.0,2.0,1.2,5,10,6.0,0.3510110644792064,0.23693246852346433,0.4120564669973293,2023/24|2024-04-13|Newcastle|Tottenham
2023/24,2024-04-13,Nott'm Forest,Wolves,2,2,D,validation,0.4547363932430119,0.2363348511323819,0.308928755624606,1.0,0.9,1.2,1.4,5,10,6.0,0.8,1.3,0.8,1.8,5,10,7.0,0.4509283819628648,0.2785145888594165,0.27055702917771884,2023/24|2024-04-13|Nott'm Forest|Wolves
2023/24,2024-04-14,Arsenal,Aston Villa,0,2,A,validation,0.7545312171664084,0.134860021434204,0.1106087613993875,2.6,2.8,2.6,0.2,5,10,8.0,1.0,1.7,1.4,2.4,5,10,8.0,0.7389083432389886,0.1657724804831818,0.09531917627782954,2023/24|2024-04-14|Arsenal|Aston Villa
2023/24,2024-04-14,Liverpool,Crystal Palace,0,1,A,validation,0.6649661005236903,0.1878059594147305,0.1472279400615791,2.2,2.3,1.8,1.0,5,10,7.0,0.4,0.9,1.0,2.0,5,10,8.0,0.7837283075200598,0.13659264788206757,0.07967904459787274,2023/24|2024-04-14|Liverpool|Crystal Palace
2023/24,2024-04-14,West Ham,Fulham,0,2,A,validation,0.4099993800069487,0.25098935514841,0.3390112648446412,1.2,1.2,1.8,1.8,5,10,8.0,0.8,1.4,1.6,1.8,5,10,8.0,0.39823008849557523,0.26327433628318586,0.33849557522123896,2023/24|2024-04-14|West Ham|Fulham
2023/24,2024-04-15,Chelsea,Everton,6,0,H,validation,0.6126502387354397,0.2279654140352178,0.1593843472293426,1.8,1.6,2.6,2.2,5,10,8.0,0.8,0.8,0.8,1.6,5,10,9.0,0.5609973285841497,0.2270703472840606,0.21193232413178986,2023/24|2024-04-15|Chelsea|Everton
2023/24,2024-04-20,Luton,Brentford,1,5,A,validation,0.3355468201146888,0.2994402323628785,0.3650129475224328,0.8,0.5,1.0,2.2,5,10,7.0,1.2,0.7,1.4,1.2,5,10,7.0,0.3059482022578503,0.25291718053315626,0.44113461720899344,2023/24|2024-04-20|Luton|Brentford
2023/24,2024-04-20,Sheffield United,Burnley,1,4,A,validation,0.4257684174817543,0.2850892912977461,0.2891422912204995,0.6,0.6,1.6,2.4,5,10,7.0,1.2,0.7,1.2,1.2,5,10,7.0,0.346459785917706,0.26465678090935874,0.3888834331729352,2023/24|2024-04-20|Sheffield United|Burnley
2023/24,2024-04-20,Wolves,Arsenal,0,2,A,validation,0.2925091457907924,0.2307356217042978,0.4767552325049097,1.0,1.4,1.2,1.6,5,10,7.0,2.0,2.5,1.4,0.6,5,10,6.0,0.11160318866253321,0.21080602302922938,0.6775907883082374,2023/24|2024-04-20|Wolves|Arsenal
2023/24,2024-04-21,Aston Villa,Bournemouth,3,1,H,validation,0.5016927293889929,0.2387217861376463,0.2595854844733609,1.6,1.7,1.8,1.6,5,10,7.0,2.0,1.5,2.0,1.6,5,10,8.0,0.5059732958538299,0.23401264933239635,0.26001405481377377,2023/24|2024-04-21|Aston Villa|Bournemouth
2023/24,2024-04-21,Crystal Palace,West Ham,5,2,H,validation,0.3999472382429901,0.2506668056812103,0.3493859560757995,1.0,0.9,1.0,1.4,5,10,7.0,1.0,1.2,1.4,1.8,5,10,7.0,0.45434298440979953,0.2650334075723831,0.2806236080178174,2023/24|2024-04-21|Crystal Palace|West Ham
2023/24,2024-04-21,Everton,Nott'm Forest,2,0,H,validation,0.3216068021421611,0.2846502285401211,0.3937429693177178,0.8,0.7,0.6,2.2,5,10,6.0,1.2,0.9,1.6,1.6,5,10,8.0,0.46400294605045106,0.27177315411526415,0.2642238998342846,2023/24|2024-04-21|Everton|Nott'm Forest
2023/24,2024-04-21,Fulham,Liverpool,1,3,A,validation,0.4198609678338167,0.2336951313996523,0.346443900766531,1.4,1.6,1.8,1.4,5,10,7.0,1.6,2.0,1.6,1.2,5,10,7.0,0.18146792525524946,0.2117125794644577,0.6068194952802928,2023/24|2024-04-21|Fulham|Liverpool
2023/24,2024-04-23,Arsenal,Chelsea,5,0,H,validation,0.5160241127857057,0.2141234060000082,0.269852481214286,2.0,2.5,1.4,0.4,5,10,3.0,2.2,1.6,3.4,1.8,5,10,8.0,0.6544502617801047,0.18848167539267016,0.15706806282722513,2023/24|2024-04-23|Arsenal|Chelsea
2023/24,2024-04-24,Crystal Palace,Newcastle,2,0,H,validation,0.3465727721411794,0.252007024133571,0.4014202037252495,1.4,1.2,1.8,1.6,5,10,3.0,2.0,1.8,2.4,1.4,5,10,11.0,0.3436754176610978,0.26252983293556087,0.39379474940334125,2023/24|2024-04-24|Crystal Palace|Newcastle
2023/24,2024-04-24,Everton,Liverpool,2,0,H,validation,0.196556218788437,0.2433536745325496,0.5600901066790134,1.4,0.9,1.0,1.8,5,10,3.0,2.0,2.3,2.0,1.2,5,10,3.0,0.13513513513513511,0.1891891891891892,0.6756756756756757,2023/24|2024-04-24|Everton|Liverpool
2023/24,2024-04-24,Man United,Sheffield United,4,2,H,validation,0.6425689659669153,0.2046568092901099,0.1527742247429748,1.2,1.5,2.0,1.8,5,10,11.0,0.4,0.6,1.4,2.8,5,10,4.0,0.7281553398058251,0.14563106796116507,0.1262135922330097,2023/24|2024-04-24|Man United|Sheffield United
2023/24,2024-04-24,Wolves,Bournemouth,0,1,A,validation,0.4158613192021431,0.2402273573195937,0.3439113234782631,0.4,1.1,0.8,1.8,5,10,4.0,1.4,1.5,1.4,1.6,5,10,3.0,0.3533568904593639,0.26501766784452296,0.38162544169611307,2023/24|2024-04-24|Wolves|Bournemouth
2023/24,2024-04-25,Brighton,Man City,0,4,A,validation,0.17449637488239,0.2109623265071768,0.6145412986104332,1.0,1.2,0.6,1.2,5,10,12.0,2.2,2.4,2.8,1.0,5,10,12.0,0.1440329218106996,0.18724279835390947,0.668724279835391,2023/24|2024-04-25|Brighton|Man City
2023/24,2024-04-27,Aston Villa,Chelsea,2,2,D,validation,0.4863947244916857,0.2404554831093108,0.2731497923990033,2.0,2.0,2.2,1.6,5,10,6.0,1.6,1.6,2.8,2.4,5,10,4.0,0.43812451960030746,0.24788624135280551,0.31398923904688697,2023/24|2024-04-27|Aston Villa|Chelsea
2023/24,2024-04-27,Everton,Brentford,1,0,H,validation,0.333055937748288,0.2964513000353445,0.3704927622163675,2.0,1.2,1.2,1.4,5,10,3.0,1.8,1.0,2.2,1.0,5,10,7.0,0.41257367387033406,0.27111984282907664,0.3163064833005894,2023/24|2024-04-27|Everton|Brentford
2023/24,2024-04-27,Fulham,Crystal Palace,1,1,D,validation,0.4043261411929132,0.2586128314861919,0.3370610273208948,0.8,1.3,1.4,2.0,5,10,6.0,1.8,1.5,2.0,1.4,5,10,3.0,0.4545454545454546,0.27272727272727276,0.27272727272727276,2023/24|2024-04-27|Fulham|Crystal Palace
2023/24,2024-04-27,Man United,Burnley,1,1,D,validation,0.5277709315336511,0.2498859958028646,0.2223430726634843,1.2,1.5,2.4,2.2,5,10,3.0,1.2,1.0,1.6,1.2,5,10,7.0,0.6295180722891567,0.19879518072289157,0.17168674698795183,2023/24|2024-04-27|Man United|Burnley
2023/24,2024-04-27,Newcastle,Sheffield United,5,1,H,validation,0.7085130525148081,0.1811184220997383,0.1103685253854535,2.0,1.7,2.0,1.2,5,10,3.0,0.2,0.3,1.2,3.0,5,10,3.0,0.7780921584478578,0.13561034761519808,0.08629749393694423,2023/24|2024-04-27|Newcastle|Sheffield United
2023/24,2024-04-27,West Ham,Liverpool,2,2,D,validation,0.3125253568635649,0.258556939579783,0.428917703556652,0.8,1.2,1.6,2.6,5,10,6.0,1.4,2.0,1.6,1.4,5,10,3.0,0.17341040462427748,0.19075144508670525,0.6358381502890174,2023/24|2024-04-27|West Ham|Liverpool
2023/24,2024-04-27,Wolves,Luton,2,1,H,validation,0.6602271176294467,0.1845573738608117,0.1552155085097415,0.4,1.1,0.8,1.6,5,10,3.0,0.6,0.5,1.0,3.0,5,10,7.0,0.4866595517609391,0.2497331910352187,0.263607257203842,2023/24|2024-04-27|Wolves|Luton
2023/24,2024-04-28,Bournemouth,Brighton,3,0,H,validation,0.626926623543542,0.2012414700672085,0.1718319063892495,1.4,1.7,1.2,1.4,5,10,4.0,0.4,0.9,0.4,2.0,5,10,3.0,0.42230312320367885,0.2500479018969151,0.3276489748994061,2023/24|2024-04-28|Bournemouth|Brighton
2023/24,2024-04-28,Nott'm Forest,Man City,0,2,A,validation,0.1430693711644631,0.2323998392827409,0.6245307895527958,1.0,0.9,1.4,1.8,5,10,7.0,2.6,2.4,3.4,0.8,5,10,3.0,0.1178247734138973,0.1570996978851964,0.7250755287009064,2023/24|2024-04-28|Nott'm Forest|Man City
2023/24,2024-04-28,Tottenham,Arsenal,2,3,A,validation,0.2014869147670583,0.2480477951603094,0.5504652900726322,1.4,1.7,1.2,2.0,5,10,15.0,2.4,2.5,2.4,0.4,5,10,5.0,0.2272727272727273,0.2272727272727273,0.5454545454545455,2023/24|2024-04-28|Tottenham|Arsenal
2023/24,2024-05-02,Chelsea,Tottenham,2,0,H,validation,0.5519983549519096,0.232475534163113,0.2155261108849771,1.6,1.7,2.8,2.4,5,10,5.0,1.4,1.6,1.6,2.0,5,10,4.0,0.43812451960030746,0.24788624135280551,0.31398923904688697,2023/24|2024-05-02|Chelsea|Tottenham
2023/24,2024-05-03,Luton,Everton,1,1,D,validation,0.3325011265758278,0.2942441348613966,0.3732547385627754,0.6,0.5,1.0,3.0,5,10,6.0,2.4,1.4,1.2,1.2,5,10,6.0,0.3647199046483909,0.2634088200238379,0.3718712753277712,2023/24|2024-05-03|Luton|Everton
2023/24,2024-05-04,Arsenal,Bournemouth,3,0,H,validation,0.5959739801910862,0.1953271151690846,0.2086989046398291,2.4,2.5,2.6,0.8,5,10,6.0,1.4,2.0,1.6,1.4,5,10,6.0,0.7851908251641764,0.12772437422670602,0.08708480060911775,2023/24|2024-05-04|Arsenal|Bournemouth
2023/24,2024-05-04,Brentford,Fulham,0,0,D,validation,0.4651690602867284,0.2376576923801586,0.297173247333113,1.6,1.0,2.0,1.0,5,10,7.0,0.8,1.4,1.0,1.6,5,10,7.0,0.4527177959791511,0.2501861504095309,0.29709605361131797,2023/24|2024-05-04|Brentford|Fulham
2023/24,2024-05-04,Burnley,Newcastle,1,4,A,validation,0.3244154459473928,0.2527915111204789,0.4227930429321282,1.2,1.1,1.4,1.0,5,10,7.0,2.0,1.7,2.2,0.8,5,10,7.0,0.2782732786300392,0.2365322868355333,0.48519443453442734,2023/24|2024-05-04|Burnley|Newcastle
2023/24,2024-05-04,Man City,Wolves,5,1,H,validation,0.774546716038793,0.1464860165656294,0.0789672673955776,3.0,2.6,3.8,0.8,5,10,6.0,0.8,1.1,1.0,1.6,5,10,7.0,0.8760951188986232,0.0788485607008761,0.04505632040050063,2023/24|2024-05-04|Man City|Wolves
2023/24,2024-05-04,Sheffield United,Nott'm Forest,1,3,A,validation,0.3600239955931739,0.305044249972066,0.33493175443476,0.2,0.3,1.2,3.4,5,10,7.0,0.8,0.6,1.2,2.0,5,10,6.0,0.19961114711600778,0.22575070209548498,0.5746381507885073,2023/24|2024-05-04|Sheffield United|Nott'm Forest
2023/24,2024-05-05,Brighton,Aston Villa,1,0,H,validation,0.2409224067953249,0.2394665812837848,0.5196110119208902,0.4,0.9,0.2,2.2,5,10,7.0,1.6,1.8,2.2,2.0,5,10,8.0,0.35016674606955694,0.2567889471176751,0.3930443068127679,2023/24|2024-05-05|Brighton|Aston Villa
2023/24,2024-05-05,Chelsea,West Ham,5,0,H,validation,0.6062581134107187,0.2069143183073221,0.1868275682819592,1.6,1.7,2.4,1.8,5,10,3.0,1.0,1.3,1.4,2.2,5,10,8.0,0.5769230769230769,0.2115384615384615,0.2115384615384615,2023/24|2024-05-05|Chelsea|West Ham
2023/24,2024-05-05,Liverpool,Tottenham,4,2,H,validation,0.5889730671778588,0.2035769714026238,0.2074499614195174,1.0,1.8,1.4,1.6,5,10,8.0,0.8,1.3,1.2,2.2,5,10,3.0,0.6406685236768802,0.1671309192200557,0.1922005571030641,2023/24|2024-05-05|Liverpool|Tottenham
2023/24,2024-05-06,Crystal Palace,Man United,4,0,H,validation,0.4492795578609165,0.2528695808147522,0.2978508613243313,2.0,1.5,2.2,1.4,5,10,9.0,1.2,1.3,2.4,2.2,5,10,9.0,0.40246847330292457,0.2554333243895895,0.3420982023074859,2023/24|2024-05-06|Crystal Palace|Man United
2023/24,2024-05-11,Bournemouth,Brentford,1,2,A,validation,0.4468663187970285,0.2631707527243005,0.289962928478671,1.4,1.7,1.4,1.6,5,10,7.0,1.6,1.1,2.0,1.0,5,10,7.0,0.48908296943231444,0.23842794759825325,0.2724890829694323,2023/24|2024-05-11|Bournemouth|Brentford
2023/24,2024-05-11,Everton,Sheffield United,1,0,H,validation,0.6416976155207499,0.2060817385090578,0.1522206459701923,2.0,1.4,1.2,1.4,5,10,8.0,0.0,0.3,1.0,3.6,5,10,7.0,0.6764374295377678,0.19729425028184894,0.1262683201803833,2023/24|2024-05-11|Everton|Sheffield United
2023/24,2024-05-11,Fulham,Man City,0,4,A,validation,0.1345139160190753,0.2028061739238255,0.6626799100570991,1.0,1.2,0.8,1.0,5,10,7.0,3.0,2.6,4.0,0.8,5,10,7.0,0.07304347826086957,0.13565217391304346,0.7913043478260869,2023/24|2024-05-11|Fulham|Man City
2023/24,2024-05-11,Newcastle,Brighton,1,1,D,validation,0.7695568214103301,0.1467393521696596,0.0837038264200103,2.4,1.9,2.8,0.8,5,10,7.0,0.8,0.9,0.4,2.2,5,10,6.0,0.6020278833967048,0.19898605830164767,0.19898605830164767,2023/24|2024-05-11|Newcastle|Brighton
2023/24,2024-05-11,Nott'm Forest,Chelsea,2,3,A,validation,0.205530554761367,0.2507968339583731,0.5436726112802598,0.8,0.9,1.2,2.0,5,10,7.0,2.0,1.9,3.0,1.4,5,10,6.0,0.2781844802342606,0.24890190336749632,0.47291361639824303,2023/24|2024-05-11|Nott'm Forest|Chelsea
2023/24,2024-05-11,Tottenham,Burnley,2,1,H,validation,0.4381499358261791,0.2649932584186962,0.2968568057551247,0.6,1.3,1.4,2.8,5,10,6.0,1.0,1.1,1.4,1.6,5,10,7.0,0.698906060079875,0.16530647681889218,0.13578746310123285,2023/24|2024-05-11|Tottenham|Burnley
2023/24,2024-05-11,West Ham,Luton,3,1,H,validation,0.5184382738443559,0.2570503200803312,0.224511406075313,0.8,1.0,1.2,3.0,5,10,6.0,0.8,0.6,1.2,2.8,5,10,8.0,0.5256916996047432,0.225296442687747,0.24901185770750986,2023/24|2024-05-11|West Ham|Luton
2023/24,2024-05-11,Wolves,Crystal Palace,1,3,A,validation,0.2317726492606902,0.2879652985792231,0.4802620521600866,0.8,0.8,1.0,2.2,5,10,7.0,2.6,1.5,2.6,0.6,5,10,5.0,0.32971295577967413,0.27130666075584614,0.39898038346447967,2023/24|2024-05-11|Wolves|Crystal Palace
2023/24,2024-05-12,Man United,Arsenal,0,1,A,validation,0.1856548261230409,0.2423190913932103,0.5720260824837488,1.2,1.0,1.8,2.2,5,10,6.0,2.4,2.5,2.6,0.8,5,10,8.0,0.13477477477477479,0.17153153153153156,0.6936936936936937,2023/24|2024-05-12|Man United|Arsenal
2023/24,2024-05-13,Aston Villa,Liverpool,3,3,D,validation,0.4277533657542564,0.2388017606475288,0.3334448735982147,1.6,1.5,2.0,1.4,5,10,8.0,1.4,1.8,1.8,1.6,5,10,8.0,0.22519656132407379,0.21843546363997918,0.556367975035947,2023/24|2024-05-13|Aston Villa|Liverpool
2023/24,2024-05-14,Tottenham,Man City,0,2,A,validation,0.108618286878099,0.2252448267940781,0.666136886327823,0.6,1.3,1.2,2.8,5,10,3.0,3.0,2.6,4.0,0.4,5,10,3.0,0.14571428571428574,0.1578571428571429,0.6964285714285715,2023/24|2024-05-14|Tottenham|Man City
2023/24,2024-05-15,Brighton,Chelsea,1,2,A,validation,0.2183760681415061,0.2393937639937131,0.5422301678647808,1.0,0.9,0.6,1.8,5,10,4.0,2.0,2.1,2.4,1.8,5,10,4.0,0.2843083652268999,0.23455440131219243,0.4811372334609076,2023/24|2024-05-15|Brighton|Chelsea
2023/24,2024-05-15,Man United,Newcastle,3,2,H,validation,0.2034858939061186,0.2545779240221312,0.5419361820717501,1.0,1.0,1.4,2.0,5,10,3.0,2.0,2.0,2.8,1.0,5,10,4.0,0.3468426013195099,0.23845428840716304,0.41470311027332707,2023/24|2024-05-15|Man United|Newcastle
2023/24,2024-05-19,Arsenal,Everton,2,1,H,validation,0.6431554039116439,0.200822590019974,0.1560220060683819,3.0,2.5,2.8,0.4,5,10,7.0,2.6,1.7,1.4,0.2,5,10,8.0,0.802675585284281,0.11839464882943143,0.07892976588628761,2023/24|2024-05-19|Arsenal|Everton
2023/24,2024-05-19,Brentford,Newcastle,2,4,A,validation,0.3438612942758531,0.2509483721183043,0.4051903336058425,2.0,1.3,1.8,0.6,5,10,8.0,1.4,1.7,2.4,1.6,5,10,4.0,0.32660829843928435,0.2428625808907499,0.43052912066996574,2023/24|2024-05-19|Brentford|Newcastle
2023/24,2024-05-19,Brighton,Man United,0,2,A,validation,0.3622629339611335,0.261724326264187,0.3760127397746794,0.8,0.9,0.6,2.0,5,10,4.0,1.4,1.3,1.6,2.0,5,10,4.0,0.4388121808208814,0.23586154719122376,0.3253262719878949,2023/24|2024-05-19|Brighton|Man United
2023/24,2024-05-19,Burnley,Nott'm Forest,1,2,A,validation,0.4994118643967931,0.2443253609660392,0.2562627746371677,1.0,1.1,1.6,1.8,5,10,8.0,0.8,0.9,1.4,2.0,5,10,8.0,0.3163064833005893,0.2711198428290766,0.41257367387033395,2023/24|2024-05-19|Burnley|Nott'm Forest
2023/24,2024-05-19,Chelsea,Bournemouth,2,1,H,validation,0.6199108098482572,0.2005941506038944,0.1794950395478483,2.6,2.1,2.8,1.0,5,10,4.0,1.2,1.6,1.2,1.6,5,10,8.0,0.6528835690968444,0.18933623503808486,0.15778019586507072,2023/24|2024-05-19|Chelsea|Bournemouth
2023/24,2024-05-19,Crystal Palace,Aston Villa,5,0,H,validation,0.5649459847609402,0.2325093965078636,0.2025446187311963,2.6,1.8,3.0,0.8,5,10,8.0,1.6,1.3,2.0,1.4,5,10,6.0,0.5151610291323099,0.22010344200803078,0.2647355288596593,2023/24|2024-05-19|Crystal Palace|Aston Villa
2023/24,2024-05-19,Liverpool,Wolves,2,0,H,validation,0.6751844000787235,0.1927110151428625,0.1321045847784139,1.6,1.6,2.4,2.0,5,10,6.0,0.6,0.8,0.8,2.4,5,10,8.0,0.8168266285480907,0.11946089442515825,0.06371247702675106,2023/24|2024-05-19|Liverpool|Wolves
2023/24,2024-05-19,Luton,Fulham,2,4,A,validation,0.3719855073137945,0.2881035821376254,0.3399109105485801,0.2,0.5,1.0,3.2,5,10,8.0,1.0,0.9,0.8,1.6,5,10,8.0,0.32660829843928435,0.2428625808907499,0.43052912066996574,2023/24|2024-05-19|Luton|Fulham
2023/24,2024-05-19,Man City,West Ham,3,1,H,validation,0.836191279155691,0.1079161497096129,0.055892571134696,3.0,2.6,3.4,0.2,5,10,5.0,0.8,1.0,1.4,3.0,5,10,8.0,0.8760951188986232,0.0788485607008761,0.04505632040050063,2023/24|2024-05-19|Man City|West Ham
2023/24,2024-05-19,Sheffield United,Tottenham,0,3,A,validation,0.3235046218203729,0.2849965445375175,0.3914988336421095,0.0,0.3,1.0,3.4,5,10,8.0,0.6,1.0,1.2,2.4,5,10,5.0,0.1345926800472255,0.15702479338842976,0.7083825265643447,2023/24|2024-05-19|Sheffield United|Tottenham
2024/25,2024-08-16,Man United,Fulham,1,0,H,test,0.4165172700665106,0.2187439595095355,0.3647387704239538,1.4,1.3,1.2,1.6,5,10,60.0,1.0,1.2,1.2,2.0,5,10,60.0,0.5932203389830508,0.22598870056497172,0.18079096045197737,2024/25|2024-08-16|Man United|Fulham
2024/25,2024-08-17,Arsenal,Wolves,2,0,H,test,0.7840009746859046,0.1303425693899325,0.0856564559241629,3.0,2.5,2.8,0.6,5,10,60.0,0.6,0.5,0.8,2.4,5,10,60.0,0.8012162051113485,0.12605801627085214,0.07272577861779932,2024/25|2024-08-17|Arsenal|Wolves
2024/25,2024-08-17,Everton,Brighton,0,3,A,test,0.594317330497171,0.1925247068625673,0.2131579626402618,2.0,1.7,1.2,0.6,5,10,60.0,0.8,0.6,0.6,1.6,5,10,60.0,0.35752979414951247,0.28494041170097506,0.35752979414951247,2024/25|2024-08-17|Everton|Brighton
2024/25,2024-08-17,Ipswich,Liverpool,0,2,A,test,0.1654136598785456,0.1687145624231689,0.6658717776982855,,,,,0,0,,1.6,1.8,2.2,1.8,5,10,60.0,0.11190148386109836,0.17293865687624294,0.7151598592626587,2024/25|2024-08-17|Ipswich|Liverpool
2024/25,2024-08-17,Newcastle,Southampton,1,0,H,test,0.6498652529854508,0.1951992069207761,0.154935540093773,2.0,2.0,3.2,1.6,5,10,60.0,,,,,0,0,,0.6997667444185273,0.18127290903032325,0.11896034655114963,2024/25|2024-08-17|Newcastle|Southampton
2024/25,2024-08-17,Nott'm Forest,Bournemouth,1,1,D,test,0.3731396033694672,0.227408755696254,0.3994516409342787,1.2,1.2,1.4,1.8,5,10,60.0,1.2,1.3,1.2,1.4,5,10,60.0,0.3883495145631068,0.27184466019417475,0.33980582524271846,2024/25|2024-08-17|Nott'm Forest|Bournemouth
2024/25,2024-08-17,West Ham,Aston Villa,1,2,A,test,0.315273843038102,0.2426752829998219,0.442050873962076,0.8,0.9,1.6,3.2,5,10,60.0,1.0,1.3,1.6,2.4,5,10,60.0,0.3888834331729352,0.26465678090935874,0.346459785917706,2024/25|2024-08-17|West Ham|Aston Villa
2024/25,2024-08-18,Brentford,Crystal Palace,2,1,H,test,0.202460850807069,0.2174358995141019,0.5801032496788291,1.4,1.3,1.8,1.4,5,10,60.0,2.6,2.0,3.0,0.4,5,10,60.0,0.39471577261809454,0.27862289831865494,0.3266613290632506,2024/25|2024-08-18|Brentford|Crystal Palace
2024/25,2024-08-18,Chelsea,Man City,0,2,A,test,0.2478187705461966,0.209995111379289,0.5421861180745143,3.0,2.3,2.8,0.8,5,10,60.0,3.0,2.8,3.2,0.4,5,10,60.0,0.23099703849950645,0.24284304047384012,0.5261599210266535,2024/25|2024-08-18|Chelsea|Man City
2024/25,2024-08-19,Leicester,Tottenham,1,1,D,test,0.2574136007423191,0.192155840057456,0.5504305592002248,,,,,0,0,,1.2,1.3,1.4,1.8,5,10,60.0,0.19079766949728813,0.2203206345234274,0.5888816959792843,2024/25|2024-08-19|Leicester|Tottenham
2024/25,2024-08-24,Aston Villa,Arsenal,0,2,A,test,0.2558507852102483,0.2448104019480205,0.4993388128417311,1.0,1.5,1.4,2.4,5,10,7.0,3.0,2.7,2.2,0.6,5,10,7.0,0.2167429884458061,0.24697293157114222,0.5362840799830516,2024/25|2024-08-24|Aston Villa|Arsenal
2024/25,2024-08-24,Brighton,Man United,2,1,H,test,0.4276240307628974,0.2440032228790672,0.3283727463580353,1.4,0.9,1.2,1.0,5,10,7.0,1.8,1.5,1.2,1.4,5,10,8.0,0.3807716387541087,0.2572781342933166,0.3619502269525748,2024/25|2024-08-24|Brighton|Man United
2024/25,2024-08-24,Crystal Palace,West Ham,0,2,A,test,0.7541891195751023,0.1510077587245876,0.0948031217003101,2.0,1.9,2.8,0.8,5,10,6.0,0.8,0.8,1.4,2.6,5,10,7.0,0.4407039020657995,0.2631981637337414,0.29609793420045905,2024/25|2024-08-24|Crystal Palace|West Ham
2024/25,2024-08-24,Fulham,Leicester,2,1,H,test,0.3473201025615919,0.3401944527688438,0.3124854446695643,1.0,0.9,1.0,1.6,5,10,8.0,1.0,1.0,1.0,1.0,1,1,5.0,0.5239520958083832,0.25149700598802394,0.2245508982035928,2024/25|2024-08-24|Fulham|Leicester
2024/25,2024-08-24,Man City,Ipswich,4,1,H,test,0.8666797299951255,0.1096563046881172,0.0236639653167572,3.0,3.0,3.2,0.4,5,10,6.0,0.0,0.0,0.0,2.0,1,1,7.0,0.8760951188986232,0.0788485607008761,0.04505632040050063,2024/25|2024-08-24|Man City|Ipswich
2024/25,2024-08-24,Southampton,Nott'm Forest,0,1,A,test,0.2362925055310558,0.3669832348807718,0.3967242595881725,0.0,0.0,0.0,1.0,1,1,7.0,1.4,1.2,1.6,1.6,5,10,7.0,0.37265577737447064,0.2879612825166364,0.33938294010889286,2024/25|2024-08-24|Southampton|Nott'm Forest
2024/25,2024-08-24,Tottenham,Everton,4,0,H,test,0.4234673304710448,0.246682481275889,0.3298501882530662,1.4,1.1,1.6,1.6,5,10,5.0,1.4,1.7,0.8,1.2,5,10,7.0,0.6558682952734998,0.19883165161975572,0.14530005310674457,2024/25|2024-08-24|Tottenham|Everton
2024/25,2024-08-25,Bournemouth,Newcastle,1,1,D,test,0.2910816770412845,0.2401099571354126,0.4688083658233027,0.8,1.1,1.2,1.6,5,10,8.0,2.0,2.0,2.4,1.4,5,10,8.0,0.32453416149068326,0.24767080745341613,0.4277950310559006,2024/25|2024-08-25|Bournemouth|Newcastle
2024/25,2024-08-25,Liverpool,Brentford,2,0,H,test,0.5546240947088413,0.226686610895517,0.2186892943956415,2.2,1.8,2.6,1.4,5,10,8.0,1.4,1.6,1.2,1.4,5,10,7.0,0.7483214528675796,0.1652814339377089,0.08639711319471147,2024/25|2024-08-25|Liverpool|Brentford
2024/25,2024-08-25,Wolves,Chelsea,2,6,A,test,0.1705029370874211,0.2541561099322048,0.5753409529803741,0.6,0.5,0.8,2.6,5,10,8.0,2.4,2.0,2.4,1.2,5,10,7.0,0.21945293518300807,0.23755780233560622,0.5429892624813857,2024/25|2024-08-25|Wolves|Chelsea
2024/25,2024-08-31,Arsenal,Brighton,1,1,D,test,0.6754211788290859,0.1871041337920473,0.1374746873788667,3.0,2.7,2.0,0.2,5,10,7.0,1.4,1.1,1.4,1.2,5,10,7.0,0.7151598592626587,0.17293865687624294,0.11190148386109836,2024/25|2024-08-31|Arsenal|Brighton
2024/25,2024-08-31,Brentford,Southampton,3,1,H,test,0.5979109937835464,0.2771681224892133,0.1249208837272402,1.4,1.5,1.2,1.6,5,10,6.0,0.0,0.0,0.0,1.0,2,2,7.0,0.539701816903434,0.2421738922002589,0.21812429089630705,2024/25|2024-08-31|Brentford|Southampton
2024/25,2024-08-31,Everton,Bournemouth,2,3,A,test,0.5064390074920662,0.2368862203935636,0.2566747721143702,0.8,1.6,0.6,2.0,5,10,7.0,0.4,0.9,0.8,1.8,5,10,6.0,0.34634974533106966,0.28013582342954163,0.3735144312393889,2024/25|2024-08-31|Everton|Bournemouth
2024/25,2024-08-31,Ipswich,Fulham,1,1,D,test,0.2037030097252475,0.381814389787902,0.4144826004868505,0.0,0.0,0.5,3.0,2,2,7.0,1.4,1.1,1.2,1.6,5,10,7.0,0.3163064833005893,0.2711198428290766,0.41257367387033395,2024/25|2024-08-31|Ipswich|Fulham
2024/25,2024-08-31,Leicester,Aston Villa,1,2,A,test,0.3737141944148569,0.3236242354501811,0.3026615701349619,0.5,0.5,1.0,1.5,2,2,7.0,0.8,1.2,1.0,2.4,5,10,7.0,0.20955315870570107,0.2357473035439137,0.5546995377503853,2024/25|2024-08-31|Leicester|Aston Villa
2024/25,2024-08-31,Nott'm Forest,Wolves,1,1,D,test,0.706956812564347,0.1762997282163901,0.1167434592192629,2.0,1.4,1.8,1.2,5,10,7.0,0.0,0.4,0.8,3.6,5,10,6.0,0.4805194805194806,0.25974025974025977,0.25974025974025977,2024/25|2024-08-31|Nott'm Forest|Wolves
2024/25,2024-08-31,West Ham,Man City,1,3,A,test,0.1185606736982985,0.2125256496222667,0.6689136766794347,1.2,1.1,1.4,2.2,5,10,7.0,3.0,3.0,3.0,0.4,5,10,7.0,0.1361434977578475,0.17327354260089683,0.6905829596412556,2024/25|2024-08-31|West Ham|Man City
2024/25,2024-09-01,Chelsea,Crystal Palace,1,1,D,test,0.3978702970148784,0.2624738435468737,0.3396558594382478,2.4,2.2,2.6,1.6,5,10,7.0,1.8,1.9,2.6,1.0,5,10,8.0,0.5918858330143802,0.2187107004210181,0.1894034665646017,2024/25|2024-09-01|Chelsea|Crystal Palace
2024/25,2024-09-01,Man United,Liverpool,0,3,A,test,0.3485473859475576,0.2591386856297485,0.3923139284226938,1.8,1.5,1.4,1.0,5,10,8.0,2.6,1.8,2.6,1.0,5,10,7.0,0.25766871165644173,0.2269938650306749,0.5153374233128835,2024/25|2024-09-01|Man United|Liverpool
2024/25,2024-09-01,Newcastle,Tottenham,2,1,H,test,0.518651437365541,0.2411992594656531,0.2401493031688058,1.6,2.0,1.8,1.4,5,10,7.0,2.0,1.3,2.0,0.8,5,10,8.0,0.38095238095238093,0.23809523809523808,0.38095238095238093,2024/25|2024-09-01|Newcastle|Tottenham
2024/25,2024-09-14,Aston Villa,Everton,3,2,H,test,0.4964123315950782,0.2367206189405322,0.2668670494643895,1.4,1.5,1.4,2.4,5,10,14.0,0.6,1.3,0.8,2.4,5,10,14.0,0.6297577854671281,0.2249134948096886,0.14532871972318342,2024/25|2024-09-14|Aston Villa|Everton
2024/25,2024-09-14,Bournemouth,Chelsea,0,1,A,test,0.3202864396940149,0.2394520474984321,0.4402615128075529,1.0,1.2,1.4,1.6,5,10,14.0,2.0,2.0,2.2,1.4,5,10,13.0,0.2781844802342606,0.24890190336749632,0.47291361639824303,2024/25|2024-09-14|Bournemouth|Chelsea
2024/25,2024-09-14,Brighton,Ipswich,0,0,D,test,0.6539814284138358,0.2308361518070046,0.1151824197791596,1.4,1.2,1.4,1.2,5,10,14.0,0.3333333333333333,0.3333333333333333,0.6666666666666666,2.3333333333333335,3,3,14.0,0.6849315068493151,0.18904109589041096,0.12602739726027395,2024/25|2024-09-14|Brighton|Ipswich
2024/25,2024-09-14,Crystal Palace,Leicester,2,2,D,test,0.7223283838477892,0.1957744954420566,0.0818971207101541,1.4,2.0,2.0,1.2,5,10,13.0,0.3333333333333333,0.3333333333333333,1.0,1.6666666666666667,3,3,14.0,0.5883926183471516,0.23829901043059643,0.17330837122225196,2024/25|2024-09-14|Crystal Palace|Leicester
2024/25,2024-09-14,Fulham,West Ham,1,1,D,test,0.4394677231896625,0.2606293177949677,0.2999029590153698,1.4,1.2,1.4,1.8,5,10,14.0,1.2,1.0,1.6,1.8,5,10,14.0,0.39593908629441626,0.2899492385786802,0.3141116751269035,2024/25|2024-09-14|Fulham|West Ham
2024/25,2024-09-14,Liverpool,Nott'm Forest,0,1,A,test,0.6129438641762381,0.2097525965165191,0.1773035393072427,2.6,2.0,2.4,0.6,5,10,13.0,1.6,1.2,1.4,1.2,5,10,14.0,0.7755791985681615,0.14557024957740877,0.07885055185442974,2024/25|2024-09-14|Liverpool|Nott'm Forest
2024/25,2024-09-14,Man City,Brentford,2,1,H,test,0.7192817426731747,0.1584024370390335,0.1223158202877917,3.0,3.0,2.8,0.6,5,10,14.0,1.8,1.7,1.8,1.8,5,10,14.0,0.802675585284281,0.11839464882943143,0.07892976588628761,2024/25|2024-09-14|Man City|Brentford
2024/25,2024-09-14,Southampton,Man United,0,3,A,test,0.2041296015994051,0.2985785017567586,0.4972918966438362,0.0,0.0,0.3333333333333333,1.6666666666666667,3,3,14.0,1.8,1.4,1.4,1.4,5,10,13.0,0.20955315870570107,0.2357473035439137,0.5546995377503853,2024/25|2024-09-14|Southampton|Man United
2024/25,2024-09-15,Tottenham,Arsenal,0,1,A,test,0.2954865670480778,0.2306793821846343,0.4738340507672878,1.4,1.0,1.8,1.0,5,10,14.0,2.6,2.5,1.6,0.4,5,10,15.0,0.3163064833005893,0.2711198428290766,0.41257367387033395,2024/25|2024-09-15|Tottenham|Arsenal
2024/25,2024-09-15,Wolves,Newcastle,1,2,A,test,0.1938339876427393,0.2436509279008938,0.5625150844563669,0.2,0.5,0.8,2.8,5,10,15.0,2.0,2.0,2.0,1.4,5,10,14.0,0.2785145888594165,0.27055702917771884,0.4509283819628648,2024/25|2024-09-15|Wolves|Newcastle
2024/25,2024-09-21,Aston Villa,Wolves,3,1,H,test,0.6099752004490647,0.2292104013588942,0.160814398192041,1.8,1.7,1.4,2.2,5,10,7.0,0.2,0.4,0.8,2.6,5,10,6.0,0.5977796754910334,0.22345573583831485,0.17876458867065187,2024/25|2024-09-21|Aston Villa|Wolves
2024/25,2024-09-21,Crystal Palace,Man United,0,0,D,test,0.56247420360176,0.2108965605570533,0.2266292358411867,1.0,1.8,1.8,1.4,5,10,7.0,1.8,1.6,1.4,1.0,5,10,7.0,0.3311067603362892,0.2542899919382701,0.4146032477254405,2024/25|2024-09-21|Crystal Palace|Man United
2024/25,2024-09-21,Fulham,Newcastle,3,1,H,test,0.376243039229919,0.2510984733325982,0.3726584874374827,1.6,1.3,1.6,1.2,5,10,7.0,2.6,2.0,2.0,1.0,5,10,6.0,0.31924882629107976,0.28169014084507044,0.39906103286384975,2024/25|2024-09-21|Fulham|Newcastle
2024/25,2024-09-21,Leicester,Everton,1,1,D,test,0.3203105630778307,0.2570163652339619,0.4226730716882075,0.5,0.5,1.25,1.75,4,4,7.0,0.0,1.3,1.0,3.0,5,10,7.0,0.38891095400746684,0.2802446580347923,0.3308443879577409,2024/25|2024-09-21|Leicester|Everton
2024/25,2024-09-21,Liverpool,Bournemouth,3,0,H,test,0.6099268065255751,0.2039734929267171,0.1860997005477077,2.4,2.0,1.8,0.2,5,10,7.0,1.0,1.1,1.2,1.4,5,10,7.0,0.7394019060138022,0.15379559645087088,0.10680249753532699,2024/25|2024-09-21|Liverpool|Bournemouth
2024/25,2024-09-21,Southampton,Ipswich,1,1,D,test,0.3402597263645053,0.3610513738409901,0.2986888997945044,0.0,0.0,0.25,2.0,4,4,7.0,0.5,0.5,0.5,1.75,4,4,7.0,0.42626070409134154,0.27402473834443386,0.29971455756422455,2024/25|2024-09-21|Southampton|Ipswich
2024/25,2024-09-21,Tottenham,Brentford,3,1,H,test,0.4555086918904824,0.2259560900128579,0.3185352180966597,1.4,1.0,1.8,0.8,5,10,6.0,1.2,1.6,1.6,2.0,5,10,7.0,0.6149068322981366,0.21180124223602484,0.17329192546583852,2024/25|2024-09-21|Tottenham|Brentford
2024/25,2024-09-21,West Ham,Chelsea,0,3,A,test,0.2290782299988698,0.2343022380368106,0.5366195319643197,0.8,0.8,1.2,1.8,5,10,7.0,2.0,2.3,2.0,1.2,5,10,7.0,0.26530612244897955,0.24489795918367344,0.48979591836734687,2024/25|2024-09-21|West Ham|Chelsea
2024/25,2024-09-22,Brighton,Nott'm Forest,2,2,D,test,0.434869843582261,0.2501098991418621,0.3150202572758769,1.6,1.2,1.2,0.8,5,10,8.0,2.2,1.5,1.2,0.6,5,10,8.0,0.5449330783938815,0.25430210325047803,0.20076481835564056,2024/25|2024-09-22|Brighton|Nott'm Forest
2024/25,2024-09-22,Man City,Arsenal,2,2,D,test,0.5506261910288613,0.2043631589648721,0.2450106500062665,3.0,3.0,2.8,0.8,5,10,8.0,2.6,2.8,1.6,0.4,5,10,7.0,0.5263157894736842,0.2631578947368421,0.21052631578947367,2024/25|2024-09-22|Man City|Arsenal
2024/25,2024-09-28,Arsenal,Leicester,4,2,H,test,0.7737295466920477,0.1645106178423533,0.0617598354655987,2.2,2.6,1.6,0.6,5,10,6.0,0.6,0.6,1.2,1.6,5,5,7.0,0.8168266285480907,0.11946089442515825,0.06371247702675106,2024/25|2024-09-28|Arsenal|Leicester
2024/25,2024-09-28,Brentford,West Ham,1,1,D,test,0.5363993882385788,0.2400846722923342,0.223515939469087,1.2,1.3,1.4,1.8,5,10,7.0,0.8,0.8,1.0,1.8,5,10,7.0,0.4317656129529684,0.27139552814186585,0.2968388589051658,2024/25|2024-09-28|Brentford|West Ham
2024/25,2024-09-28,Chelsea,Brighton,4,2,H,test,0.6462504841289732,0.1979104517517196,0.1558390641193071,2.0,2.5,2.2,1.0,5,10,7.0,1.8,1.3,1.6,0.8,5,10,6.0,0.5483028720626633,0.2258485639686684,0.2258485639686684,2024/25|2024-09-28|Chelsea|Brighton
2024/25,2024-09-28,Everton,Crystal Palace,2,1,H,test,0.3485668828522966,0.2516071930536455,0.3998259240940578,0.2,1.1,1.0,2.8,5,10,7.0,0.6,1.6,0.8,1.4,5,10,7.0,0.3515188335358444,0.28760631834750905,0.3608748481166464,2024/25|2024-09-28|Everton|Crystal Palace
2024/25,2024-09-28,Newcastle,Man City,1,1,D,test,0.2690611384510226,0.2287810972992935,0.5021577642496838,2.0,2.0,1.4,1.2,5,10,7.0,2.6,2.8,2.6,1.0,5,10,6.0,0.18202598494502173,0.22070125195412565,0.5972727631008525,2024/25|2024-09-28|Newcastle|Man City
2024/25,2024-09-28,Nott'm Forest,Fulham,0,1,A,test,0.4574880752311064,0.2470337620248161,0.2954781627440774,1.8,1.5,1.2,0.8,5,10,6.0,1.6,1.3,1.4,1.0,5,10,7.0,0.39768618944323936,0.28681610026512416,0.31549771029163654,2024/25|2024-09-28|Nott'm Forest|Fulham
2024/25,2024-09-28,Wolves,Liverpool,1,2,A,test,0.15889391975859,0.257394927243227,0.583711152998183,0.2,0.4,1.0,2.8,5,10,7.0,2.4,2.0,2.0,0.2,5,10,7.0,0.11895780672759089,0.16550651370795255,0.7155356795644564,2024/25|2024-09-28|Wolves|Liverpool
2024/25,2024-09-29,Ipswich,Aston Villa,2,2,D,test,0.193303581707029,0.2346125487899654,0.5720838695030056,0.6,0.6,0.6,1.6,5,5,8.0,2.4,1.7,2.0,1.4,5,10,8.0,0.23647209203238181,0.2522368981678739,0.5112910097997444,2024/25|2024-09-29|Ipswich|Aston Villa
2024/25,2024-09-29,Man United,Tottenham,0,3,A,test,0.3795996602975414,0.2554204481209766,0.3649798915814818,1.4,1.4,1.0,1.0,5,10,8.0,1.4,1.3,1.8,1.0,5,10,8.0,0.40302882266731804,0.2525647288715193,0.3444064484611627,2024/25|2024-09-29|Man United|Tottenham
2024/25,2024-09-30,Bournemouth,Southampton,3,1,H,test,0.6684560352082521,0.2295322083323973,0.1020117564593505,1.0,1.1,1.0,1.6,5,10,9.0,0.2,0.2,0.4,1.8,5,5,9.0,0.5772208925805997,0.23229621286780233,0.19048289455159792,2024/25|2024-09-30|Bournemouth|Southampton
2024/25,2024-10-05,Arsenal,Southampton,3,1,H,test,0.8398873097419848,0.1247993523263506,0.0353133379316645,2.2,2.6,2.0,1.0,5,10,7.0,0.2,0.16666666666666666,0.6,2.2,5,6,5.0,0.8377135348226018,0.10611038107752954,0.05617608409986859,2024/25|2024-10-05|Arsenal|Southampton
2024/25,2024-10-05,Brentford,Wolves,5,3,H,test,0.5863858555252259,0.2208975875082207,0.1927165569665534,0.8,1.1,1.2,1.8,5,10,7.0,0.2,0.4,1.2,2.8,5,10,7.0,0.4603234298608499,0.26212861978187285,0.27754795035727714,2024/25|2024-10-05|Brentford|Wolves
2024/25,2024-10-05,Crystal Palace,Liverpool,0,1,A,test,0.2693389921678448,0.2305741210131846,0.5000868868189706,0.6,1.3,0.8,1.4,5,10,7.0,2.4,2.3,2.0,0.4,5,10,7.0,0.15789473684210528,0.2105263157894737,0.6315789473684211,2024/25|2024-10-05|Crystal Palace|Liverpool
2024/25,2024-10-05,Everton,Newcastle,0,0,D,test,0.355846240769157,0.2564967942240624,0.3876569650067805,0.8,1.1,1.4,2.4,5,10,7.0,1.6,1.8,1.4,1.4,5,10,7.0,0.2990936555891239,0.26586102719033233,0.4350453172205438,2024/25|2024-10-05|Everton|Newcastle
2024/25,2024-10-05,Leicester,Bournemouth,1,0,H,test,0.3036134266633788,0.2705444846205432,0.4258420887160779,0.4,0.5,1.4,2.2,5,6,7.0,1.4,1.1,1.4,1.6,5,10,5.0,0.3059482022578503,0.25291718053315626,0.44113461720899344,2024/25|2024-10-05|Leicester|Bournemouth
2024/25,2024-10-05,Man City,Fulham,3,2,H,test,0.6460226789276953,0.1968135692645003,0.1571637518078043,2.2,2.6,2.4,1.2,5,10,7.0,2.2,1.6,1.6,0.8,5,10,7.0,0.763271162123386,0.13629842180774748,0.10043041606886656,2024/25|2024-10-05|Man City|Fulham
2024/25,2024-10-05,West Ham,Ipswich,4,1,H,test,0.5452072896541961,0.2745122763988935,0.1802804339469103,1.0,0.9,1.0,1.6,5,10,7.0,0.8,0.6666666666666666,1.0,1.6,5,6,6.0,0.5292717447246527,0.2507076685537828,0.22002058672156458,2024/25|2024-10-05|West Ham|Ipswich
2024/25,2024-10-06,Aston Villa,Man United,0,0,D,test,0.5073565355591192,0.2435483574171925,0.2490951070236883,2.0,1.5,2.0,1.6,5,10,7.0,0.8,1.3,0.8,1.6,5,10,7.0,0.4310344827586207,0.25287356321839083,0.3160919540229885,2024/25|2024-10-06|Aston Villa|Man United
2024/25,2024-10-06,Brighton,Tottenham,3,2,H,test,0.3134237601863808,0.266109734253685,0.4204665055599342,1.2,1.3,1.4,1.6,5,10,8.0,1.8,1.6,2.2,0.8,5,10,7.0,0.3286034353995519,0.23823749066467512,0.4331590739357729,2024/25|2024-10-06|Brighton|Tottenham
2024/25,2024-10-06,Chelsea,Nott'm Forest,1,1,D,test,0.6831949369833193,0.1845447490906097,0.1322603139260709,2.6,2.5,3.0,1.0,5,10,8.0,1.6,1.5,1.0,0.8,5,10,8.0,0.6424335602899187,0.21128925982868438,0.14627717988139688,2024/25|2024-10-06|Chelsea|Nott'm Forest
2024/25,2024-10-19,Bournemouth,Arsenal,2,0,H,test,0.1762472995365068,0.2157721779814178,0.6079805224820753,1.2,0.8,1.2,1.6,5,10,14.0,2.2,2.6,2.2,1.2,5,10,14.0,0.1882404563405002,0.2413339183852567,0.5704256252742431,2024/25|2024-10-19|Bournemouth|Arsenal
2024/25,2024-10-19,Fulham,Aston Villa,1,3,A,test,0.4509883518900765,0.2460370189106063,0.3029746291993171,1.6,1.5,1.6,1.2,5,10,14.0,2.2,1.5,2.0,1.2,5,10,13.0,0.3883495145631068,0.27184466019417475,0.33980582524271846,2024/25|2024-10-19|Fulham|Aston Villa
2024/25,2024-10-19,Ipswich,Everton,0,2,A,test,0.2970665889946116,0.2637639474731907,0.4391694635321977,0.8,0.5714285714285714,1.0,1.6,5,7,14.0,1.0,0.9,1.4,1.6,5,10,14.0,0.39768618944323936,0.28681610026512416,0.31549771029163654,2024/25|2024-10-19|Ipswich|Everton
2024/25,2024-10-19,Man United,Brentford,2,1,H,test,0.3879639792433755,0.2338959316428523,0.3781400891137722,1.0,1.4,0.6,1.2,5,10,13.0,1.4,1.4,2.2,2.0,5,10,14.0,0.5609973285841497,0.2270703472840606,0.21193232413178986,2024/25|2024-10-19|Man United|Brentford
2024/25,2024-10-19,Newcastle,Brighton,0,1,A,test,0.4677820435171553,0.2358496859812447,0.2963682705016001,1.6,1.6,1.2,1.2,5,10,14.0,1.2,1.3,1.6,1.8,5,10,13.0,0.48339684267827976,0.2547632008709852,0.2618399564507349,2024/25|2024-10-19|Newcastle|Brighton
2024/25,2024-10-19,Southampton,Leicester,2,3,A,test,0.2885900081753907,0.3130736848938801,0.3983363069307291,0.2,0.14285714285714285,0.8,2.6,5,7,14.0,1.0,0.8571428571428571,1.4,1.8,5,7,14.0,0.41257367387033406,0.27111984282907664,0.3163064833005894,2024/25|2024-10-19|Southampton|Leicester
2024/25,2024-10-19,Tottenham,West Ham,4,1,H,test,0.5760062384291966,0.2108129027250548,0.2131808588457485,1.2,1.6,1.8,1.4,5,10,13.0,1.0,1.1,1.4,1.8,5,10,14.0,0.6306306306306306,0.1891891891891892,0.18018018018018017,2024/25|2024-10-19|Tottenham|West Ham
2024/25,2024-10-20,Liverpool,Chelsea,2,1,H,test,0.4708457564467726,0.2129551735923065,0.3161990699609208,2.4,2.5,1.8,0.4,5,10,15.0,2.2,2.3,2.0,0.8,5,10,14.0,0.5816922989614663,0.22983939617501845,0.18846830486351512,2024/25|2024-10-20|Liverpool|Chelsea
2024/25,2024-10-20,Wolves,Man City,1,2,A,test,0.1411256954347492,0.2105942450661203,0.6482800594991305,0.2,0.1,1.4,2.6,5,10,15.0,2.2,2.6,2.2,1.4,5,10,15.0,0.11978384869408586,0.15971179825878112,0.7205043530471329,2024/25|2024-10-20|Wolves|Man City
2024/25,2024-10-21,Nott'm Forest,Crystal Palace,1,0,H,test,0.4927814577231594,0.2212072026631055,0.286011339613735,1.2,1.6,1.0,1.0,5,10,15.0,0.6,1.2,0.8,1.2,5,10,16.0,0.41257367387033406,0.27111984282907664,0.3163064833005894,2024/25|2024-10-21|Nott'm Forest|Crystal Palace
2024/25,2024-10-25,Leicester,Nott'm Forest,1,3,A,test,0.3383490890787338,0.273976163156488,0.3876747477647781,1.6,1.125,1.8,1.8,5,8,6.0,1.6,1.6,1.0,0.8,5,10,4.0,0.31654676258992803,0.2877697841726619,0.3956834532374101,2024/25|2024-10-25|Leicester|Nott'm Forest
2024/25,2024-10-26,Aston Villa,Bournemouth,1,1,D,test,0.5846883640110814,0.2268019345794336,0.1885097014094848,2.2,1.8,2.2,1.2,5,10,7.0,1.2,1.1,1.0,1.2,5,10,7.0,0.509891622226045,0.2418716669533804,0.24823671082057458,2024/25|2024-10-26|Aston Villa|Bournemouth
2024/25,2024-10-26,Brentford,Ipswich,4,3,H,test,0.6513899626866148,0.2202194907179485,0.1283905465954367,0.8,1.3,1.8,2.2,5,10,7.0,0.6,0.5,0.8,1.8,5,8,7.0,0.5785594734103152,0.22046723582610164,0.20097329076358317,2024/25|2024-10-26|Brentford|Ipswich
2024/25,2024-10-26,Brighton,Wolves,2,2,D,test,0.6264722601894142,0.2198835118559773,0.1536442279546085,1.6,1.5,1.6,1.6,5,10,7.0,0.0,0.1,1.4,2.8,5,10,6.0,0.5813953488372093,0.20930232558139536,0.20930232558139536,2024/25|2024-10-26|Brighton|Wolves
2024/25,2024-10-26,Everton,Fulham,1,1,D,test,0.4130675523756982,0.2494650129685783,0.3374674346557235,1.6,1.1,1.4,1.0,5,10,7.0,1.4,1.4,1.6,1.6,5,10,7.0,0.34580762617578636,0.2926064529179731,0.36158592090624053,2024/25|2024-10-26|Everton|Fulham
2024/25,2024-10-26,Man City,Southampton,1,0,H,test,0.8099261352098112,0.1390754963956193,0.0509983683945695,2.2,2.6,2.0,1.4,5,10,6.0,0.2,0.125,1.0,2.6,5,8,7.0,0.8501275191278691,0.09436415462319349,0.05550832624893734,2024/25|2024-10-26|Man City|Southampton
2024/25,2024-10-27,Arsenal,Liverpool,2,2,D,test,0.4481743649390418,0.2287672187341359,0.3230584163268222,2.0,2.3,2.0,1.4,5,10,8.0,2.4,2.5,1.6,0.6,5,10,7.0,0.3800403225806452,0.2923387096774194,0.3276209677419355,2024/25|2024-10-27|Arsenal|Liverpool
2024/25,2024-10-27,Chelsea,Newcastle,2,1,H,test,0.5833164317368541,0.2078883550202231,0.2087952132429228,2.0,2.0,2.0,1.0,5,10,7.0,1.0,1.5,0.8,1.2,5,10,8.0,0.5520461161585652,0.22056345980469233,0.22739042403674234,2024/25|2024-10-27|Chelsea|Newcastle
2024/25,2024-10-27,Crystal Palace,Tottenham,1,0,H,test,0.287240926014809,0.2392356530481846,0.4735234209370062,0.4,0.9,0.6,1.2,5,10,6.0,1.8,1.6,2.4,1.2,5,10,8.0,0.24353727916957785,0.23744884719033837,0.5190138736400838,2024/25|2024-10-27|Crystal Palace|Tottenham
2024/25,2024-10-27,West Ham,Man United,2,1,H,test,0.3686747803823609,0.2589975784279878,0.3723276411896512,1.0,1.1,1.4,2.0,5,10,8.0,1.6,1.7,1.0,0.8,5,10,8.0,0.3311067603362892,0.2542899919382701,0.4146032477254405,2024/25|2024-10-27|West Ham|Man United
2024/25,2024-11-02,Bournemouth,Man City,2,1,H,test,0.2696029947773643,0.2238592194179411,0.5065377858046946,1.4,1.2,1.2,1.2,5,10,7.0,2.2,2.6,1.8,1.2,5,10,7.0,0.1720368389470114,0.22528633671632445,0.6026768243366641,2024/25|2024-11-02|Bournemouth|Man City
2024/25,2024-11-02,Ipswich,Leicester,1,1,D,test,0.3893796529127601,0.2850067655601102,0.3256135815271296,0.4,0.4444444444444444,1.4,2.6,5,9,7.0,1.4,1.0,1.6,2.0,5,9,8.0,0.42217898832684825,0.2714007782101167,0.306420233463035,2024/25|2024-11-02|Ipswich|Leicester
2024/25,2024-11-02,Liverpool,Brighton,2,1,H,test,0.6048903287651158,0.2010102813102946,0.1940993899245896,2.6,2.5,2.0,0.8,5,10,6.0,1.6,1.6,2.0,2.0,5,10,7.0,0.6818181818181818,0.19090909090909092,0.12727272727272726,2024/25|2024-11-02|Liverpool|Brighton
2024/25,2024-11-02,Newcastle,Arsenal,1,0,H,test,0.3496499468698011,0.2146295893591901,0.4357204637710087,0.4,1.5,0.6,1.4,5,10,6.0,1.6,2.1,2.2,1.8,5,10,6.0,0.2549019607843137,0.2549019607843137,0.4901960784313726,2024/25|2024-11-02|Newcastle|Arsenal
2024/25,2024-11-02,Nott'm Forest,West Ham,3,0,H,test,0.6124670181958285,0.2028887045859314,0.18464427721824,1.6,1.9,1.4,1.0,5,10,8.0,1.4,1.1,1.6,2.0,5,10,6.0,0.44510940714419295,0.27342435010286137,0.2814662427529456,2024/25|2024-11-02|Nott'm Forest|West Ham
2024/25,2024-11-02,Southampton,Everton,1,0,H,test,0.2967925064434209,0.293570897784128,0.4096365957724511,0.2,0.1111111111111111,1.0,2.2,5,9,7.0,1.8,0.9,1.2,0.6,5,10,7.0,0.3605514316012725,0.2788971367974549,0.3605514316012725,2024/25|2024-11-02|Southampton|Everton
2024/25,2024-11-02,Wolves,Crystal Palace,2,2,D,test,0.3613702233284934,0.2931595259444066,0.3454702507271001,0.2,0.2,1.6,2.8,5,10,7.0,0.8,0.9,0.4,0.8,5,10,6.0,0.3841205083947906,0.2824415502902872,0.3334379413149224,2024/25|2024-11-02|Wolves|Crystal Palace
2024/25,2024-11-03,Man United,Chelsea,1,1,D,test,0.298195987119948,0.2344900304901391,0.4673139823899128,1.0,1.4,0.6,1.2,5,10,7.0,2.0,2.0,2.2,1.2,5,10,7.0,0.36458333333333337,0.27083333333333337,0.36458333333333337,2024/25|2024-11-03|Man United|Chelsea
2024/25,2024-11-03,Tottenham,Aston Villa,4,1,H,test,0.4607841598919354,0.2401982918119051,0.2990175482961594,1.8,1.6,2.4,1.2,5,10,7.0,1.8,1.8,1.8,1.0,5,10,8.0,0.49799419006778256,0.23779222575736617,0.2642135841748513,2024/25|2024-11-03|Tottenham|Aston Villa
2024/25,2024-11-04,Fulham,Brentford,2,1,H,test,0.4668458160440834,0.2409249717490569,0.2922292122068598,1.4,1.5,1.6,1.6,5,10,9.0,1.4,1.3,2.4,2.4,5,10,9.0,0.47349177330895803,0.25594149908592323,0.27056672760511885,2024/25|2024-11-04|Fulham|Brentford
2024/25,2024-11-09,Brentford,Bournemouth,3,2,H,test,0.4438615871899436,0.2693340749143679,0.2868043378956884,1.4,1.3,2.4,2.2,5,10,5.0,2.0,1.5,1.6,0.8,5,10,7.0,0.3787575150300601,0.2705410821643286,0.3507014028056112,2024/25|2024-11-09|Brentford|Bournemouth
2024/25,2024-11-09,Brighton,Man City,2,1,H,test,0.3749167774777045,0.242296169234791,0.3827870532875044,1.4,1.6,1.8,2.0,5,10,7.0,2.0,2.3,1.6,1.2,5,10,7.0,0.23008961651730578,0.22461129231451277,0.5452990911681813,2024/25|2024-11-09|Brighton|Man City
2024/25,2024-11-09,Crystal Palace,Fulham,0,2,A,test,0.3551216110126776,0.2454834486076857,0.3993949403796367,0.8,0.7,0.8,1.2,5,10,7.0,1.4,1.5,1.4,1.6,5,10,5.0,0.3533254156769596,0.2725653206650831,0.37410926365795727,2024/25|2024-11-09|Crystal Palace|Fulham
2024/25,2024-11-09,Liverpool,Aston Villa,2,0,H,test,0.541591783103466,0.2170157281509155,0.2413924887456184,2.6,2.5,1.8,1.0,5,10,7.0,1.2,1.8,1.4,1.6,5,10,6.0,0.6716197598897855,0.1816571541035229,0.1467230860066916,2024/25|2024-11-09|Liverpool|Aston Villa
2024/25,2024-11-09,West Ham,Everton,0,0,D,test,0.4419033701913474,0.2852270620637137,0.2728695677449389,1.4,1.1,1.6,2.0,5,10,7.0,1.6,0.9,1.0,0.6,5,10,7.0,0.44155844155844154,0.2792207792207792,0.2792207792207792,2024/25|2024-11-09|West Ham|Everton
2024/25,2024-11-09,Wolves,Southampton,2,0,H,test,0.4785094332817095,0.2740732907344245,0.247417275983866,0.4,0.3,1.8,2.6,5,10,7.0,0.6,0.4,1.0,2.0,5,10,7.0,0.4953764861294584,0.2523117569352708,0.2523117569352708,2024/25|2024-11-09|Wolves|Southampton
2024/25,2024-11-10,Chelsea,Arsenal,1,1,D,test,0.4598914151394659,0.2303842621483306,0.3097243227122033,1.6,1.8,1.8,1.4,5,10,7.0,1.4,1.8,1.8,1.6,5,10,8.0,0.35051546391752575,0.27835051546391754,0.3711340206185567,2024/25|2024-11-10|Chelsea|Arsenal
2024/25,2024-11-10,Man United,Leicester,3,0,H,test,0.4885839622686271,0.2385047029210267,0.2729113348103461,1.0,1.2,0.8,1.4,5,10,7.0,1.4,1.0,1.6,2.0,5,10,8.0,0.6834257312177403,0.1714777289237239,0.14509653985853563,2024/25|2024-11-10|Man United|Leicester
2024/25,2024-11-10,Nott'm Forest,Newcastle,1,3,A,test,0.5433412878910413,0.2158496815694134,0.2408090305395453,2.0,1.9,1.6,0.6,5,10,8.0,1.0,1.5,0.6,0.8,5,10,8.0,0.3548387096774194,0.2903225806451613,0.3548387096774194,2024/25|2024-11-10|Nott'm Forest|Newcastle
2024/25,2024-11-10,Tottenham,Ipswich,1,2,A,test,0.6980664996709681,0.1820223296834894,0.1199111706455425,1.8,1.6,2.6,1.2,5,10,7.0,0.4,0.5,1.4,2.6,5,10,8.0,0.7512038523274479,0.14446227929373998,0.1043338683788122,2024/25|2024-11-10|Tottenham|Ipswich
2024/25,2024-11-23,Arsenal,Nott'm Forest,3,0,H,test,0.4144398329553533,0.2333852257840346,0.352174941260612,1.0,1.6,1.2,1.4,5,10,13.0,2.0,1.8,1.8,1.0,5,10,13.0,0.692588092345079,0.20121506682867554,0.10619684082624542,2024/25|2024-11-23|Arsenal|Nott'm Forest
2024/25,2024-11-23,Aston Villa,Crystal Palace,2,2,D,test,0.5592037340470971,0.227901304900696,0.2128949610522069,1.0,1.5,1.0,1.6,5,10,14.0,0.8,0.7,0.6,1.2,5,10,14.0,0.5883926183471516,0.23829901043059643,0.17330837122225196,2024/25|2024-11-23|Aston Villa|Crystal Palace
2024/25,2024-11-23,Bournemouth,Brighton,1,2,A,test,0.4426057341903442,0.2369841046942293,0.3204101611154263,1.4,1.4,1.4,1.2,5,10,14.0,2.0,1.6,1.8,1.4,5,10,14.0,0.39622641509433965,0.2641509433962264,0.33962264150943394,2024/25|2024-11-23|Bournemouth|Brighton
2024/25,2024-11-23,Everton,Brentford,0,0,D,test,0.3759426490109629,0.2314176951230226,0.3926396558660143,1.2,1.0,0.6,0.4,5,10,14.0,1.8,1.3,2.8,2.4,5,10,14.0,0.38891095400746684,0.2802446580347923,0.3308443879577409,2024/25|2024-11-23|Everton|Brentford
2024/25,2024-11-23,Fulham,Wolves,1,4,A,test,0.5919839152783901,0.2210242970153437,0.1869917877062662,1.4,1.8,1.6,1.6,5,10,14.0,1.0,0.6,2.0,2.2,5,10,14.0,0.5835764902042518,0.236348478532722,0.18007503126302626,2024/25|2024-11-23|Fulham|Wolves
2024/25,2024-11-23,Leicester,Chelsea,1,2,A,test,0.256382624308945,0.2502845596933525,0.4933328159977025,1.4,0.9,1.2,1.8,5,10,13.0,1.2,1.9,1.2,1.2,5,10,13.0,0.14530005310674457,0.19883165161975572,0.6558682952734998,2024/25|2024-11-23|Leicester|Chelsea
2024/25,2024-11-23,Man City,Tottenham,0,4,A,test,0.4274410345415823,0.2439017593306323,0.3286572061277855,1.8,2.0,1.6,1.4,5,10,14.0,1.2,1.5,2.2,1.6,5,10,13.0,0.6417473541995046,0.19995496509795088,0.15829768070254446,2024/25|2024-11-23|Man City|Tottenham
2024/25,2024-11-24,Ipswich,Man United,1,1,D,test,0.3314042036500327,0.284161722882259,0.3844340734677083,0.8,0.8,1.4,2.4,5,10,14.0,1.6,1.2,1.4,0.8,5,10,14.0,0.18007503126302626,0.236348478532722,0.5835764902042518,2024/25|2024-11-24|Ipswich|Man United
2024/25,2024-11-24,Southampton,Liverpool,2,3,A,test,0.1717657667012404,0.2182354544814346,0.609998778817325,0.6,0.4,0.8,1.8,5,10,15.0,2.6,2.5,1.8,0.8,5,10,15.0,0.08639711319471147,0.1652814339377089,0.7483214528675796,2024/25|2024-11-24|Southampton|Liverpool
2024/25,2024-11-25,Newcastle,West Ham,0,2,A,test,0.5308690755497718,0.2143826898465333,0.2547482346036948,1.4,1.5,1.0,0.8,5,10,15.0,1.4,1.2,1.4,1.8,5,10,16.0,0.631578947368421,0.21052631578947367,0.15789473684210525,2024/25|2024-11-25|Newcastle|West Ham
2024/25,2024-11-29,Brighton,Southampton,1,1,D,test,0.6059758154064934,0.2288719510718328,0.1651522335216736,2.0,1.6,1.6,1.2,5,10,6.0,0.6,0.4,1.0,1.8,5,10,5.0,0.6849315068493151,0.18904109589041096,0.12602739726027395,2024/25|2024-11-29|Brighton|Southampton
2024/25,2024-11-30,Brentford,Leicester,4,1,H,test,0.5712322523590282,0.2271416384051915,0.2016261092357802,1.4,1.4,1.8,1.8,5,10,7.0,0.8,0.9,1.2,2.2,5,10,7.0,0.5746381507885073,0.22575070209548498,0.19961114711600778,2024/25|2024-11-30|Brentford|Leicester
2024/25,2024-11-30,Crystal Palace,Newcastle,1,1,D,test,0.3646802839882859,0.2568583154412806,0.3784614005704335,1.0,0.8,1.0,1.4,5,10,7.0,1.2,1.4,1.0,1.2,5,10,5.0,0.32611264277274515,0.26270185112248917,0.4111855061047657,2024/25|2024-11-30|Crystal Palace|Newcastle
2024/25,2024-11-30,Nott'm Forest,Ipswich,1,0,H,test,0.5226092842259803,0.2457644975318825,0.2316262182421371,1.8,1.5,1.6,1.4,5,10,7.0,1.0,0.9,1.4,1.8,5,10,6.0,0.5539358600583091,0.24781341107871718,0.19825072886297374,2024/25|2024-11-30|Nott'm Forest|Ipswich
2024/25,2024-11-30,West Ham,Arsenal,2,5,A,test,0.3234236696813337,0.256673328027427,0.4199030022912393,1.4,1.2,1.0,1.6,5,10,5.0,1.0,1.6,1.2,1.2,5,10,7.0,0.13544369486248053,0.21069019200830302,0.6538661131292164,2024/25|2024-11-30|West Ham|Arsenal
2024/25,2024-11-30,Wolves,Bournemouth,2,4,A,test,0.422840494414636,0.2637210911964565,0.3134384143889075,1.6,0.9,2.2,1.4,5,10,7.0,1.4,1.3,1.6,1.4,5,10,7.0,0.33962264150943394,0.2641509433962264,0.39622641509433965,2024/25|2024-11-30|Wolves|Bournemouth
2024/25,2024-12-01,Chelsea,Aston Villa,3,0,H,test,0.5236792938365636,0.2130716420183158,0.2632490641451204,1.6,1.9,1.4,1.2,5,10,8.0,1.0,1.6,1.4,2.0,5,10,8.0,0.5579074690051407,0.23132748714847295,0.21076504384638645,2024/25|2024-12-01|Chelsea|Aston Villa
2024/25,2024-12-01,Liverpool,Man City,2,0,H,test,0.636431453994292,0.1914595078262629,0.1721090381794452,2.6,2.5,2.2,1.2,5,10,7.0,1.2,1.7,1.0,1.8,5,10,8.0,0.45051194539249145,0.2627986348122867,0.2866894197952219,2024/25|2024-12-01|Liverpool|Man City
2024/25,2024-12-01,Man United,Everton,4,0,H,test,0.4903964874214453,0.2488839235361992,0.2607195890423553,1.6,1.3,1.6,1.0,5,10,7.0,1.2,1.1,0.6,0.4,5,10,8.0,0.6175562417291575,0.22496691662990734,0.15747684164093514,2024/25|2024-12-01|Man United|Everton
2024/25,2024-12-01,Tottenham,Fulham,1,1,D,test,0.5938349659597892,0.2052246599182411,0.2009403741219696,1.8,1.5,2.6,1.0,5,10,8.0,1.4,1.5,1.4,1.8,5,10,8.0,0.5579074690051407,0.21076504384638645,0.23132748714847295,2024/25|2024-12-01|Tottenham|Fulham
2024/25,2024-12-03,Ipswich,Crystal Palace,0,1,A,test,0.4681449144416769,0.2637261162059278,0.2681289693523953,1.0,0.8,1.4,1.6,5,10,3.0,1.2,0.8,1.2,1.4,5,10,3.0,0.3165610142630745,0.2793185419968304,0.4041204437400951,2024/25|2024-12-03|Ipswich|Crystal Palace
2024/25,2024-12-03,Leicester,West Ham,3,1,H,test,0.4298215389024881,0.2579686416437116,0.3122098194538003,0.2,0.9,0.8,2.6,5,10,3.0,1.4,1.2,1.2,1.8,5,10,3.0,0.3255813953488372,0.27770177838577287,0.39671682626538984,2024/25|2024-12-03|Leicester|West Ham
2024/25,2024-12-04,Arsenal,Man United,2,0,H,test,0.4630162877062941,0.2455452464822169,0.2914384658114889,1.6,1.8,2.2,1.2,5,10,4.0,1.6,1.6,2.0,0.8,5,10,3.0,0.6554307116104868,0.2097378277153558,0.1348314606741573,2024/25|2024-12-04|Arsenal|Man United
2024/25,2024-12-04,Aston Villa,Brentford,3,1,H,test,0.3685708548207285,0.2636231591744569,0.3678059860048147,0.4,1.3,0.8,2.4,5,10,3.0,2.0,1.4,2.4,1.6,5,10,4.0,0.5275084060230983,0.25320403489108717,0.21928755908581452,2024/25|2024-12-04|Aston Villa|Brentford
2024/25,2024-12-04,Everton,Wolves,4,0,H,test,0.4077585821925633,0.25653287490966,0.3357085428977767,0.6,1.1,0.2,1.2,5,10,3.0,1.6,0.8,2.4,1.8,5,10,4.0,0.4509283819628648,0.2785145888594165,0.27055702917771884,2024/25|2024-12-04|Everton|Wolves
2024/25,2024-12-04,Man City,Nott'm Forest,3,0,H,test,0.3869522979427955,0.2447709501537822,0.3682767519034222,0.6,1.4,0.6,2.0,5,10,3.0,1.8,1.7,1.6,1.4,5,10,4.0,0.6956875508543532,0.19918633034987795,0.10512611879576893,2024/25|2024-12-04|Man City|Nott'm Forest
2024/25,2024-12-04,Newcastle,Liverpool,3,3,D,test,0.2626545760585693,0.2356876614076011,0.5016577625338297,1.4,1.2,1.2,1.2,5,10,4.0,2.6,2.5,2.2,1.0,5,10,3.0,0.2247191011235955,0.23595505617977527,0.5393258426966292,2024/25|2024-12-04|Newcastle|Liverpool
2024/25,2024-12-04,Southampton,Chelsea,1,5,A,test,0.2111164449909774,0.2420139886291906,0.5468695663798319,0.8,0.5,0.8,1.4,5,10,5.0,2.2,2.1,1.8,0.8,5,10,3.0,0.1109874826147427,0.17969401947148816,0.7093184979137691,2024/25|2024-12-04|Southampton|Chelsea
2024/25,2024-12-05,Bournemouth,Tottenham,1,0,H,test,0.3435800071114166,0.2706699918757712,0.3857500010128122,1.4,1.3,2.0,1.8,5,10,5.0,1.4,1.6,2.0,1.0,5,10,4.0,0.3603859807401887,0.25275070115911896,0.38686331810069224,2024/25|2024-12-05|Bournemouth|Tottenham
2024/25,2024-12-05,Fulham,Brighton,3,1,H,test,0.4281248730726602,0.2472983054217948,0.3245768215055449,1.6,1.5,1.4,1.4,5,10,4.0,1.6,1.6,1.6,1.4,5,10,6.0,0.40506329113924044,0.2644163150492264,0.330520393811533,2024/25|2024-12-05|Fulham|Brighton
2024/25,2024-12-07,Aston Villa,Southampton,1,0,H,test,0.587290063315004,0.2337253883996911,0.1789845482853048,0.8,1.3,1.2,2.4,5,10,3.0,0.8,0.5,1.0,2.2,5,10,3.0,0.6936936936936937,0.17153153153153156,0.13477477477477479,2024/25|2024-12-07|Aston Villa|Southampton
2024/25,2024-12-07,Brentford,Newcastle,4,2,H,test,0.5304247709591453,0.2467668599635951,0.2228083690772596,1.4,1.4,1.8,1.6,5,10,3.0,1.6,1.0,1.6,1.4,5,10,3.0,0.3311067603362892,0.2542899919382701,0.4146032477254405,2024/25|2024-12-07|Brentford|Newcastle
2024/25,2024-12-07,Crystal Palace,Man City,2,2,D,test,0.4193227079382728,0.2423675771243173,0.3383097149374098,1.2,1.0,1.2,1.4,5,10,4.0,0.6,1.4,1.0,2.0,5,10,3.0,0.1720368389470114,0.22528633671632445,0.6026768243366641,2024/25|2024-12-07|Crystal Palace|Man City
2024/25,2024-12-07,Man United,Nott'm Forest,2,3,A,test,0.5655919108919061,0.211460201345275,0.2229478877628189,1.6,1.3,1.8,0.8,5,10,3.0,1.2,1.4,1.0,1.8,5,10,3.0,0.5755850727387729,0.24351676154332702,0.18089816571790004,2024/25|2024-12-07|Man United|Nott'm Forest
2024/25,2024-12-08,Fulham,Arsenal,1,1,D,test,0.3546912161948876,0.2677749343000003,0.377533849505112,2.0,1.7,1.8,1.4,5,10,3.0,2.0,1.8,2.2,0.8,5,10,4.0,0.1894034665646017,0.2187107004210181,0.5918858330143802,2024/25|2024-12-08|Fulham|Arsenal
2024/25,2024-12-08,Ipswich,Bournemouth,1,2,A,test,0.31258051645294,0.249536502863552,0.4378829806835079,1.0,0.7,0.8,1.0,5,10,5.0,1.8,1.6,2.0,1.6,5,10,3.0,0.27149321266968324,0.25339366515837103,0.4751131221719457,2024/25|2024-12-08|Ipswich|Bournemouth
2024/25,2024-12-08,Leicester,Brighton,2,2,D,test,0.3915425273841287,0.2593788268877482,0.3490786457281229,0.8,1.1,1.2,2.2,5,10,5.0,1.4,1.5,1.4,1.6,5,10,3.0,0.20897040592517244,0.24746495438507263,0.543564639689755,2024/25|2024-12-08|Leicester|Brighton
2024/25,2024-12-08,Tottenham,Chelsea,3,4,A,test,0.3851044790437994,0.2383455503676127,0.3765499705885878,1.4,1.6,2.0,1.0,5,10,3.0,2.2,2.1,2.4,0.8,5,10,4.0,0.2799712849964106,0.24407753050969133,0.47595118449389806,2024/25|2024-12-08|Tottenham|Chelsea
2024/25,2024-12-09,West Ham,Wolves,2,1,H,test,0.4536643110216617,0.2658670808416237,0.2804686081367146,0.8,1.1,1.0,2.2,5,10,6.0,1.4,0.8,2.0,2.2,5,10,5.0,0.5015432098765432,0.24434156378600827,0.25411522633744854,2024/25|2024-12-09|West Ham|Wolves
2024/25,2024-12-14,Arsenal,Everton,0,0,D,test,0.5826838262362697,0.2119286952949841,0.2053874784687463,2.2,1.8,2.4,0.8,5,10,6.0,1.0,1.4,0.8,1.0,5,10,10.0,0.7755791985681615,0.14557024957740877,0.07885055185442974,2024/25|2024-12-14|Arsenal|Everton
2024/25,2024-12-14,Liverpool,Fulham,2,2,D,test,0.6229758730300412,0.2075088114028103,0.1695153155671485,2.6,2.6,2.4,1.2,5,10,10.0,1.6,1.5,1.6,1.4,5,10,6.0,0.7101928819304333,0.17173755144863206,0.11806956662093454,2024/25|2024-12-14|Liverpool|Fulham
2024/25,2024-12-14,Newcastle,Leicester,4,0,H,test,0.4837265245828616,0.2480622047204483,0.2682112706966901,1.0,1.0,1.8,2.2,5,10,7.0,0.8,1.1,1.4,2.4,5,10,6.0,0.730136005726557,0.15819613457408735,0.11166785969935578,2024/25|2024-12-14|Newcastle|Leicester
2024/25,2024-12-14,Nott'm Forest,Aston Villa,2,1,H,test,0.4681208248623088,0.2512638448808589,0.2806153302568322,1.2,1.6,1.0,2.2,5,10,7.0,1.4,1.3,1.2,1.6,5,10,7.0,0.3608748481166464,0.28760631834750905,0.3515188335358444,2024/25|2024-12-14|Nott'm Forest|Aston Villa
2024/25,2024-12-14,Wolves,Ipswich,1,2,A,test,0.4630059251153948,0.2825285461929626,0.2544655286916426,1.2,0.8,1.8,2.2,5,10,5.0,0.8,0.6,0.8,1.2,5,10,6.0,0.5,0.25,0.25,2024/25|2024-12-14|Wolves|Ipswich
2024/25,2024-12-15,Brighton,Crystal Palace,1,3,A,test,0.5181264953582928,0.246117820884846,0.2357556837568612,1.6,1.5,1.6,1.6,5,10,7.0,1.2,1.0,1.2,1.4,5,10,8.0,0.509891622226045,0.24823671082057458,0.2418716669533804,2024/25|2024-12-15|Brighton|Crystal Palace
2024/25,2024-12-15,Chelsea,Brentford,2,1,H,test,0.5463865720581319,0.2303126286342886,0.2233007993075795,2.6,2.1,3.0,1.2,5,10,7.0,2.0,1.7,2.4,1.6,5,10,8.0,0.7147962830593281,0.1584465094114844,0.1267572075291875,2024/25|2024-12-15|Chelsea|Brentford
2024/25,2024-12-15,Man City,Man United,1,2,A,test,0.390668059473694,0.2642619774815104,0.3450699630447955,0.8,1.4,1.2,2.0,5,10,8.0,1.4,1.2,2.0,1.2,5,10,8.0,0.6013630896699185,0.2098089001737271,0.18882801015635442,2024/25|2024-12-15|Man City|Man United
2024/25,2024-12-15,Southampton,Tottenham,0,5,A,test,0.2296930276960075,0.2624896577670602,0.5078173145369324,0.2,0.4,0.8,2.4,5,10,8.0,0.8,1.3,1.8,1.6,5,10,7.0,0.21953720447195677,0.21124357674746064,0.5692192187805826,2024/25|2024-12-15|Southampton|Tottenham
2024/25,2024-12-16,Bournemouth,West Ham,1,1,D,test,0.5762452790575825,0.2186610543934304,0.205093666548987,1.8,1.9,2.0,1.6,5,10,8.0,1.4,1.4,1.4,1.8,5,10,7.0,0.5608856088560886,0.23837638376383766,0.2007380073800738,2024/25|2024-12-16|Bournemouth|West Ham
2024/25,2024-12-21,Aston Villa,Man City,2,1,H,test,0.4458245069506453,0.2467035672042804,0.3074719258450742,1.4,1.2,1.4,1.6,5,10,7.0,0.8,1.3,1.2,2.0,5,10,6.0,0.29188580015026305,0.25638617580766343,0.4517280240420737,2024/25|2024-12-21|Aston Villa|Man City
2024/25,2024-12-21,Brentford,Nott'm Forest,0,2,A,test,0.5563413245356648,0.208513276463247,0.2351453990010881,1.4,1.6,2.0,1.6,5,10,6.0,1.8,1.9,1.2,1.8,5,10,7.0,0.4111855061047657,0.26270185112248917,0.32611264277274515,2024/25|2024-12-21|Brentford|Nott'm Forest
2024/25,2024-12-21,Crystal Palace,Arsenal,1,5,A,test,0.344782388320611,0.2728946923866376,0.3823229192927512,1.8,1.3,1.8,1.2,5,10,6.0,2.2,1.6,2.2,0.6,5,10,7.0,0.15336592261028328,0.22822309912244534,0.6184109782672713,2024/25|2024-12-21|Crystal Palace|Arsenal
2024/25,2024-12-21,Ipswich,Newcastle,0,4,A,test,0.3484138536786694,0.2483645358006169,0.4032216105207137,0.8,0.8,0.8,1.2,5,10,7.0,1.0,1.2,2.0,2.0,5,10,7.0,0.1995079572537864,0.25271007918812943,0.5477819635580841,2024/25|2024-12-21|Ipswich|Newcastle
2024/25,2024-12-21,West Ham,Brighton,1,1,D,test,0.4415889970965067,0.2476740065954066,0.3107369963080867,1.4,1.4,1.6,2.0,5,10,5.0,1.0,1.5,1.4,2.0,5,10,6.0,0.33289942187679467,0.25912171216355906,0.4079788659596463,2024/25|2024-12-21|West Ham|Brighton
2024/25,2024-12-22,Everton,Chelsea,0,0,D,test,0.2897609048941293,0.2366655196958527,0.4735735754100181,1.2,1.4,0.8,0.8,5,10,8.0,3.0,2.1,3.2,1.2,5,10,7.0,0.18950534759358292,0.22560160427807488,0.5848930481283423,2024/25|2024-12-22|Everton|Chelsea
2024/25,2024-12-22,Fulham,Southampton,0,0,D,test,0.6705518994811248,0.1930711312133191,0.1363769693055561,1.2,1.3,1.6,1.8,5,10,8.0,0.2,0.4,0.8,3.0,5,10,7.0,0.6658656253129068,0.1990587764093321,0.13507559827776108,2024/25|2024-12-22|Fulham|Southampton
2024/25,2024-12-22,Leicester,Wolves,0,3,A,test,0.4716842560301001,0.258119137047086,0.270196606922814,0.8,1.1,1.4,2.6,5,10,8.0,0.6,0.8,1.6,2.6,5,10,8.0,0.3711340206185567,0.27835051546391754,0.35051546391752575,2024/25|2024-12-22|Leicester|Wolves
2024/25,2024-12-22,Man United,Bournemouth,0,3,A,test,0.457478129500604,0.2417985423021646,0.3007233281972313,1.4,1.5,1.8,1.4,5,10,7.0,2.0,1.7,1.8,1.2,5,10,6.0,0.5256916996047432,0.24901185770750986,0.225296442687747,2024/25|2024-12-22|Man United|Bournemouth
2024/25,2024-12-22,Tottenham,Liverpool,3,6,A,test,0.3851485786732934,0.2276600192406599,0.3871914020860467,1.4,1.3,2.6,1.2,5,10,7.0,2.2,2.4,2.4,1.4,5,10,8.0,0.21158844213423023,0.238036997401009,0.5503745604647607,2024/25|2024-12-22|Tottenham|Liverpool
2024/25,2024-12-26,Bournemouth,Crystal Palace,0,0,D,test,0.6089111608188946,0.2119166942670053,0.1791721449140999,2.6,2.0,2.2,0.8,5,10,4.0,1.6,1.3,1.6,1.8,5,10,5.0,0.5,0.25,0.25,2024/25|2024-12-26|Bournemouth|Crystal Palace
2024/25,2024-12-26,Chelsea,Fulham,1,2,A,test,0.5859959982536113,0.2249137383604445,0.1890902633859442,2.6,2.1,2.8,1.0,5,10,4.0,1.4,1.4,1.4,1.0,5,10,4.0,0.6417473541995046,0.19995496509795088,0.15829768070254446,2024/25|2024-12-26|Chelsea|Fulham
2024/25,2024-12-26,Liverpool,Leicester,3,1,H,test,0.7884653166324901,0.1432324702592256,0.0683022131082843,2.2,2.4,3.2,2.0,5,10,4.0,0.8,0.8,1.2,2.8,5,10,4.0,0.8795411089866157,0.07915869980879542,0.041300191204588915,2024/25|2024-12-26|Liverpool|Leicester
2024/25,2024-12-26,Man City,Everton,1,1,D,test,0.4517223524010492,0.2533055361052307,0.29497211149372,0.8,1.0,1.4,1.6,5,10,5.0,1.2,1.2,0.8,0.8,5,10,4.0,0.7046463956269218,0.17039631021523746,0.12495729415784079,2024/25|2024-12-26|Man City|Everton
2024/25,2024-12-26,Newcastle,Aston Villa,3,0,H,test,0.5866224152951061,0.222486745359195,0.1908908393456988,1.6,1.4,2.8,1.6,5,10,5.0,1.8,1.4,1.4,1.4,5,10,5.0,0.49702656040180676,0.24982124483353968,0.25315219476465356,2024/25|2024-12-26|Newcastle|Aston Villa
2024/25,2024-12-26,Nott'm Forest,Tottenham,1,0,H,test,0.4576572053844457,0.2481363256657084,0.294206468949846,2.4,2.1,1.6,1.2,5,10,5.0,0.8,1.3,2.4,2.4,5,10,4.0,0.4146032477254405,0.2542899919382701,0.3311067603362892,2024/25|2024-12-26|Nott'm Forest|Tottenham
2024/25,2024-12-26,Southampton,West Ham,0,1,A,test,0.3099190926090737,0.2659626241894466,0.4241182832014797,0.4,0.5,0.4,2.4,5,10,4.0,1.0,1.2,1.4,2.2,5,10,5.0,0.2936129647283127,0.2726406101048618,0.43374642516682554,2024/25|2024-12-26|Southampton|West Ham
2024/25,2024-12-26,Wolves,Man United,2,0,H,test,0.4071007152346906,0.2569077453391925,0.3359915394261168,0.6,1.1,1.4,2.4,5,10,4.0,1.2,1.4,1.6,1.8,5,10,4.0,0.24414426863815383,0.257341256132108,0.49851447522973813,2024/25|2024-12-26|Wolves|Man United
2024/25,2024-12-27,Arsenal,Ipswich,1,0,H,test,0.6884433538715206,0.1851380137381319,0.1264186323903474,2.2,1.6,2.6,0.8,5,10,6.0,0.6,0.8,0.6,1.8,5,10,6.0,0.8314855875831485,0.10532150776053213,0.06319290465631928,2024/25|2024-12-27|Arsenal|Ipswich
2024/25,2024-12-27,Brighton,Brentford,0,0,D,test,0.4324565620691822,0.2446146878953756,0.3229287500354421,0.6,1.3,1.2,2.0,5,10,6.0,1.2,1.3,2.0,2.0,5,10,6.0,0.5830269494941478,0.21813017509942711,0.19884287540642515,2024/25|2024-12-27|Brighton|Brentford
2024/25,2024-12-29,Crystal Palace,Southampton,2,1,H,test,0.6551496981868534,0.2026056340942694,0.1422446677188771,1.6,1.4,1.4,1.6,5,10,3.0,0.2,0.5,0.2,2.4,5,10,3.0,0.5924105170128148,0.23848320813079982,0.16910627485638532,2024/25|2024-12-29|Crystal Palace|Southampton
2024/25,2024-12-29,Everton,Nott'm Forest,0,2,A,test,0.3862115687555395,0.2331037105750732,0.3806847206693873,1.2,1.2,1.0,1.0,5,10,3.0,2.4,2.1,1.6,1.2,5,10,3.0,0.3648208469055374,0.29641693811074915,0.33876221498371334,2024/25|2024-12-29|Everton|Nott'm Forest
2024/25,2024-12-29,Fulham,Bournemouth,2,2,D,test,0.4466824544282757,0.2473803761556113,0.3059371694161129,1.8,1.7,1.6,1.0,5,10,3.0,2.2,1.8,1.4,0.4,5,10,3.0,0.41025641025641024,0.2621082621082621,0.3276353276353276,2024/25|2024-12-29|Fulham|Bournemouth
2024/25,2024-12-29,Leicester,Man City,0,2,A,test,0.3008998241273813,0.3074036545705524,0.3916965213020662,0.8,0.5,1.2,2.6,5,10,3.0,1.0,0.8,1.6,1.4,5,10,3.0,0.12693025623621246,0.17308671304938064,0.6999830307144069,2024/25|2024-12-29|Leicester|Man City
2024/25,2024-12-29,Tottenham,Wolves,2,2,D,test,0.4685958800979176,0.2500523357331276,0.2813517841689547,0.6,1.0,2.2,2.4,5,10,3.0,1.2,1.4,1.4,1.6,5,10,3.0,0.5879059350503919,0.18812989921612544,0.22396416573348263,2024/25|2024-12-29|Tottenham|Wolves
2024/25,2024-12-29,West Ham,Liverpool,0,5,A,test,0.2400834929453628,0.2304205270206928,0.5294959800339443,1.6,1.5,1.2,1.2,5,10,3.0,2.2,2.4,3.2,1.8,5,10,3.0,0.13513513513513511,0.1891891891891892,0.6756756756756757,2024/25|2024-12-29|West Ham|Liverpool
2024/25,2024-12-30,Aston Villa,Brighton,2,2,D,test,0.4267542984272921,0.2633086674577652,0.3099370341149425,1.8,1.1,1.4,1.4,5,10,4.0,0.6,1.1,1.0,1.8,5,10,3.0,0.49315068493150677,0.24657534246575338,0.2602739726027397,2024/25|2024-12-30|Aston Villa|Brighton
2024/25,2024-12-30,Ipswich,Chelsea,2,0,H,test,0.2059262287606156,0.2342178619189892,0.5598559093203951,0.6,0.8,0.6,1.8,5,10,3.0,2.0,2.1,2.4,1.4,5,10,4.0,0.1439701173959445,0.19701173959445034,0.6590181430096052,2024/25|2024-12-30|Ipswich|Chelsea
2024/25,2024-12-30,Man United,Newcastle,0,2,A,test,0.2121944655266769,0.2583005333022043,0.5295050011711189,0.6,1.1,0.8,2.2,5,10,4.0,2.0,1.7,3.2,1.4,5,10,4.0,0.34914425427872864,0.2743276283618582,0.3765281173594133,2024/25|2024-12-30|Man United|Newcastle
2024/25,2025-01-01,Brentford,Arsenal,1,3,A,test,0.3352141434744899,0.2555465041984506,0.4092393523270594,0.8,1.4,1.2,1.8,5,10,5.0,2.2,1.9,1.8,0.4,5,10,5.0,0.14530005310674457,0.19883165161975572,0.6558682952734998,2024/25|2025-01-01|Brentford|Arsenal
2024/25,2025-01-04,Aston Villa,Leicester,2,1,H,test,0.6033147207993071,0.217366206394807,0.1793190728058858,1.4,1.1,1.2,1.6,5,10,5.0,0.2,0.5,0.6,2.8,5,10,6.0,0.7151598592626587,0.17293865687624294,0.11190148386109836,2024/25|2025-01-04|Aston Villa|Leicester
2024/25,2025-01-04,Bournemouth,Everton,1,0,H,test,0.5665200070984261,0.2304354600240105,0.2030445328775634,1.8,1.8,1.6,0.8,5,10,6.0,1.2,0.9,1.0,0.6,5,10,6.0,0.5477819635580841,0.25271007918812943,0.1995079572537864,2024/25|2025-01-04|Bournemouth|Everton
2024/25,2025-01-04,Brighton,Arsenal,1,1,D,test,0.2739887109639448,0.2488720849956611,0.477139204040394,0.8,1.1,1.2,1.6,5,10,5.0,2.2,2.1,2.0,0.6,5,10,3.0,0.21928755908581452,0.25320403489108717,0.5275084060230983,2024/25|2025-01-04|Brighton|Arsenal
2024/25,2025-01-04,Crystal Palace,Chelsea,1,1,D,test,0.3947810472023701,0.2523309082079547,0.3528880445896751,1.6,1.4,1.6,1.8,5,10,6.0,1.4,1.8,1.4,1.6,5,10,5.0,0.24982124483353968,0.25315219476465356,0.49702656040180676,2024/25|2025-01-04|Crystal Palace|Chelsea
2024/25,2025-01-04,Man City,West Ham,4,1,H,test,0.4998554380510013,0.2387579812919078,0.2613865806570909,1.0,0.8,1.4,1.4,5,10,6.0,1.6,1.2,1.0,1.6,5,10,6.0,0.7239382239382238,0.15057915057915058,0.12548262548262548,2024/25|2025-01-04|Man City|West Ham
2024/25,2025-01-04,Southampton,Brentford,0,5,A,test,0.3236005384607829,0.257877536415124,0.4185219251240931,0.2,0.5,0.2,1.8,5,10,6.0,0.8,1.1,1.2,1.8,5,10,3.0,0.31924882629107976,0.28169014084507044,0.39906103286384975,2024/25|2025-01-04|Southampton|Brentford
2024/25,2025-01-04,Tottenham,Newcastle,1,2,A,test,0.2761626816506303,0.276357261555923,0.4474800567934467,0.8,1.1,2.6,2.6,5,10,6.0,2.4,2.0,3.0,0.8,5,10,5.0,0.32917532917532916,0.24948024948024947,0.4213444213444213,2024/25|2025-01-04|Tottenham|Newcastle
2024/25,2025-01-05,Fulham,Ipswich,2,2,D,test,0.5991473275860564,0.2088856719505623,0.1919670004633814,1.4,1.7,1.4,1.2,5,10,7.0,1.2,1.1,1.0,1.6,5,10,6.0,0.6102722850464338,0.2252195337671363,0.16450818118642999,2024/25|2025-01-05|Fulham|Ipswich
2024/25,2025-01-05,Liverpool,Man United,2,2,D,test,0.7890594693104324,0.1391410914275086,0.071799439262059,2.2,2.4,3.8,1.8,5,10,7.0,0.6,1.1,0.8,2.2,5,10,6.0,0.7311812232661865,0.1509158044821409,0.11790297225167258,2024/25|2025-01-05|Liverpool|Man United
2024/25,2025-01-06,Wolves,Nott'm Forest,0,3,A,test,0.4120109181738399,0.2435844429826721,0.344404638843488,1.4,1.4,1.8,1.2,5,10,8.0,3.0,2.1,2.0,0.6,5,10,8.0,0.28851430811446493,0.29753038024304196,0.4139553116424932,2024/25|2025-01-06|Wolves|Nott'm Forest
2024/25,2025-01-14,Brentford,Man City,2,2,D,test,0.4815094412371924,0.23924917506376,0.2792413836990475,0.8,1.4,1.4,1.4,5,10,10.0,1.4,1.1,1.8,1.2,5,10,10.0,0.1975093616650701,0.22337368283549597,0.579116955499434,2024/25|2025-01-14|Brentford|Man City
2024/25,2025-01-14,Chelsea,Bournemouth,2,2,D,test,0.4176298097901149,0.2304663596624748,0.3519038305474102,1.0,1.8,0.8,1.2,5,10,10.0,1.8,1.8,1.4,0.6,5,10,10.0,0.6417473541995046,0.19995496509795088,0.15829768070254446,2024/25|2025-01-14|Chelsea|Bournemouth
2024/25,2025-01-14,Nott'm Forest,Liverpool,1,1,D,test,0.2841768773930059,0.2345079093912322,0.4813152132157619,3.0,2.1,2.0,0.2,5,10,8.0,2.2,2.4,3.6,1.6,5,10,9.0,0.18111910994764396,0.2319208115183246,0.5869600785340313,2024/25|2025-01-14|Nott'm Forest|Liverpool
2024/25,2025-01-14,West Ham,Fulham,3,2,H,test,0.3151012163145575,0.2658482852697836,0.4190504984156589,1.0,1.2,0.8,2.2,5,10,10.0,1.4,1.5,1.6,1.4,5,10,9.0,0.3181818181818181,0.2807486631016043,0.40106951871657753,2024/25|2025-01-14|West Ham|Fulham
2024/25,2025-01-15,Arsenal,Tottenham,2,1,H,test,0.6280452827543366,0.2003349243688792,0.1716197928767841,2.2,2.2,2.0,0.6,5,10,11.0,0.8,0.8,2.2,2.2,5,10,11.0,0.6818181818181818,0.1818181818181818,0.13636363636363635,2024/25|2025-01-15|Arsenal|Tottenham
2024/25,2025-01-15,Everton,Aston Villa,0,1,A,test,0.3857361157257706,0.2265722790040904,0.3876916052701389,0.6,0.8,0.2,0.8,5,10,11.0,1.4,1.4,1.4,1.8,5,10,11.0,0.2916584109371904,0.29621557360808404,0.41212601545472566,2024/25|2025-01-15|Everton|Aston Villa
2024/25,2025-01-15,Leicester,Crystal Palace,0,2,A,test,0.2707076090910909,0.2657069105756096,0.4635854803332994,0.0,0.4,0.4,2.8,5,10,11.0,1.6,1.4,1.4,1.6,5,10,11.0,0.24241142252776307,0.2626123744050766,0.4949762030671601,2024/25|2025-01-15|Leicester|Crystal Palace
2024/25,2025-01-15,Newcastle,Wolves,3,0,H,test,0.6243126987350881,0.2055986845847291,0.1700886166801828,3.0,2.0,3.0,0.2,5,10,11.0,1.4,1.3,1.6,1.4,5,10,9.0,0.7055805003207184,0.1744708146247595,0.11994868505452214,2024/25|2025-01-15|Newcastle|Wolves
2024/25,2025-01-16,Ipswich,Brighton,0,2,A,test,0.3916894076116928,0.2592049653157885,0.3491056270725187,1.4,1.1,1.2,1.6,5,10,11.0,0.8,1.2,1.0,1.4,5,10,12.0,0.24414426863815383,0.257341256132108,0.49851447522973813,2024/25|2025-01-16|Ipswich|Brighton
2024/25,2025-01-16,Man United,Southampton,3,1,H,test,0.6455420924444759,0.2037815740748849,0.1506763334806392,0.8,1.1,0.8,2.0,5,10,11.0,0.2,0.2,0.2,2.6,5,10,12.0,0.7403078121955972,0.1591661796220534,0.10052600818234952,2024/25|2025-01-16|Man United|Southampton
2024/25,2025-01-18,Arsenal,Aston Villa,2,2,D,test,0.6553942219486331,0.1895302422354922,0.1550755358158746,2.6,2.4,2.4,0.8,5,10,3.0,2.0,1.7,1.4,1.4,5,10,3.0,0.6328555678059536,0.23153252480705624,0.13561190738699008,2024/25|2025-01-18|Arsenal|Aston Villa
2024/25,2025-01-18,Brentford,Liverpool,0,2,A,test,0.2359434082976314,0.2366709047462005,0.5273856869561679,1.0,1.2,1.6,1.4,5,10,4.0,2.2,2.2,3.4,1.4,5,10,4.0,0.1454024165472046,0.18902314151136598,0.6655744419414295,2024/25|2025-01-18|Brentford|Liverpool
2024/25,2025-01-18,Leicester,Fulham,0,2,A,test,0.2758918808111099,0.2678306122975308,0.4562775068913593,0.0,0.4,0.4,2.4,5,10,3.0,1.2,1.2,1.6,1.6,5,10,4.0,0.21853978671041838,0.2557506152584085,0.5257095980311731,2024/25|2025-01-18|Leicester|Fulham
2024/25,2025-01-18,Newcastle,Bournemouth,1,4,A,test,0.523177570152787,0.2278493227574426,0.2489731070897703,3.0,2.0,2.8,0.2,5,10,3.0,1.8,1.9,1.6,0.8,5,10,4.0,0.5848930481283423,0.22560160427807488,0.18950534759358292,2024/25|2025-01-18|Newcastle|Bournemouth
2024/25,2025-01-18,West Ham,Crystal Palace,0,2,A,test,0.3738645668074027,0.2695224126110169,0.3566130205815803,1.4,1.4,1.2,2.4,5,10,4.0,1.6,1.7,1.2,1.4,5,10,3.0,0.3661058743984409,0.2719643638388418,0.3619297617627173,2024/25|2025-01-18|West Ham|Crystal Palace
2024/25,2025-01-19,Everton,Tottenham,3,2,H,test,0.4454549916321117,0.228843821900711,0.3257011864671772,0.4,0.8,0.2,1.0,5,10,4.0,0.2,0.8,1.4,2.6,5,10,4.0,0.33980582524271846,0.27184466019417475,0.3883495145631068,2024/25|2025-01-19|Everton|Tottenham
2024/25,2025-01-19,Ipswich,Man City,0,6,A,test,0.3023610930442787,0.2754292279288791,0.4222096790268421,0.8,0.8,0.8,1.8,5,10,3.0,1.6,1.2,2.0,1.2,5,10,5.0,0.12589262099973555,0.17984660142819361,0.6942607775720709,2024/25|2025-01-19|Ipswich|Man City
2024/25,2025-01-19,Man United,Brighton,1,3,A,test,0.3824970240163936,0.2732911999772446,0.3442117760063617,0.8,1.1,1.0,2.0,5,10,3.0,1.4,1.2,1.2,0.8,5,10,3.0,0.45051194539249145,0.2627986348122867,0.2866894197952219,2024/25|2025-01-19|Man United|Brighton
2024/25,2025-01-19,Nott'm Forest,Southampton,3,2,H,test,0.7824984991663281,0.1444077035856512,0.0730937972480207,2.6,2.2,1.8,0.2,5,10,5.0,0.2,0.2,0.4,2.2,5,10,3.0,0.6835147045597626,0.19857900890367836,0.11790628653655903,2024/25|2025-01-19|Nott'm Forest|Southampton
2024/25,2025-01-20,Chelsea,Wolves,3,1,H,test,0.6027622608136257,0.2029087088821273,0.1943290303042468,0.6,1.8,0.8,1.4,5,10,6.0,1.4,1.0,1.4,1.6,5,10,5.0,0.6916813176644768,0.16359766817803278,0.14472101415749056,2024/25|2025-01-20|Chelsea|Wolves
2024/25,2025-01-25,Bournemouth,Nott'm Forest,5,0,H,test,0.4308130794303391,0.2242251856955422,0.3449617348741187,1.8,2.2,1.8,1.0,5,10,7.0,2.6,2.5,2.0,0.6,5,10,6.0,0.4636078864934587,0.2568638290031325,0.2795282845034089,2024/25|2025-01-25|Bournemouth|Nott'm Forest
2024/25,2025-01-25,Brighton,Everton,0,1,A,test,0.5167308021857423,0.2377188619288154,0.2455503358854423,1.8,1.2,1.6,0.8,5,10,6.0,0.8,1.0,0.8,1.4,5,10,6.0,0.5717651950932151,0.2546261002148451,0.17360870469193984,2024/25|2025-01-25|Brighton|Everton
2024/25,2025-01-25,Liverpool,Ipswich,4,1,H,test,0.7881856654444594,0.1380059649379733,0.0738083696175671,2.2,2.2,2.6,0.8,5,10,7.0,0.8,0.7,0.8,2.2,5,10,6.0,0.8605851979345955,0.07745266781411361,0.061962134251290886,2024/25|2025-01-25|Liverpool|Ipswich
2024/25,2025-01-25,Man City,Chelsea,3,1,H,test,0.5199479473581466,0.2217911831903,0.2582608694515533,2.2,1.5,3.0,0.8,5,10,6.0,1.0,1.8,1.4,1.6,5,10,5.0,0.468666785016865,0.24019172732114327,0.2911414876619919,2024/25|2025-01-25|Man City|Chelsea
2024/25,2025-01-25,Southampton,Newcastle,1,3,A,test,0.1676751860368837,0.2487982009682304,0.583526612994886,0.0,0.2,0.8,2.8,5,10,6.0,2.4,2.0,2.2,1.0,5,10,7.0,0.1467230860066916,0.1816571541035229,0.6716197598897855,2024/25|2025-01-25|Southampton|Newcastle
2024/25,2025-01-25,Wolves,Arsenal,0,1,A,test,0.214885351356499,0.2468850076553673,0.5382296409881336,0.8,0.7,1.0,2.2,5,10,5.0,2.2,2.2,1.8,1.0,5,10,7.0,0.13544369486248053,0.21069019200830302,0.6538661131292164,2024/25|2025-01-25|Wolves|Arsenal
2024/25,2025-01-26,Aston Villa,West Ham,1,1,D,test,0.6404401438547446,0.1952495476942958,0.1643103084509596,1.6,1.7,1.4,1.6,5,10,8.0,1.2,1.1,1.0,2.6,5,10,8.0,0.6174990513369328,0.21819250543776147,0.1643084432253056,2024/25|2025-01-26|Aston Villa|West Ham
2024/25,2025-01-26,Crystal Palace,Brentford,1,2,A,test,0.5187782196485312,0.2301316642872008,0.251090116064268,2.2,1.9,1.4,0.4,5,10,8.0,1.0,1.1,1.6,1.4,5,10,8.0,0.4612804025719877,0.2521666200726866,0.28655297735532564,2024/25|2025-01-26|Crystal Palace|Brentford
2024/25,2025-01-26,Fulham,Man United,0,1,A,test,0.5693730354844789,0.2264015292885664,0.2042254352269547,1.6,1.5,2.0,1.6,5,10,8.0,0.8,1.0,1.2,2.0,5,10,7.0,0.41349548842683415,0.2797175362887407,0.3067869752844253,2024/25|2025-01-26|Fulham|Man United
2024/25,2025-01-26,Tottenham,Leicester,1,2,A,test,0.5464251212405548,0.2325801816410969,0.2209946971183483,0.2,0.5,1.2,2.0,5,10,7.0,0.0,0.4,0.4,2.2,5,10,8.0,0.6547619047619047,0.1726190476190476,0.1726190476190476,2024/25|2025-01-26|Tottenham|Leicester
2024/25,2025-02-01,Bournemouth,Liverpool,0,2,A,test,0.4255122848123104,0.2398586229198567,0.3346290922678329,2.2,2.2,2.8,1.0,5,10,7.0,2.2,2.2,2.8,0.8,5,10,7.0,0.21124357674746064,0.21953720447195677,0.5692192187805826,2024/25|2025-02-01|Bournemouth|Liverpool
2024/25,2025-02-01,Everton,Leicester,4,0,H,test,0.5458078132249246,0.2299154171571136,0.2242767696179619,1.2,1.2,0.8,1.2,5,10,7.0,0.6,0.7,0.6,1.8,5,10,6.0,0.5389221556886228,0.251497005988024,0.20958083832335334,2024/25|2025-02-01|Everton|Leicester
2024/25,2025-02-01,Ipswich,Southampton,1,2,A,test,0.5167827381036866,0.2643496419727753,0.2188676199235382,0.8,0.7,1.0,2.8,5,10,7.0,0.0,0.1,1.0,3.2,5,10,7.0,0.4866595517609392,0.26360725720384204,0.24973319103521877,2024/25|2025-02-01|Ipswich|Southampton
2024/25,2025-02-01,Newcastle,Fulham,1,2,A,test,0.5464526995538557,0.2287986242773913,0.224748676168753,2.4,2.2,2.2,1.2,5,10,7.0,1.0,1.4,1.6,1.6,5,10,6.0,0.5608856088560886,0.23837638376383766,0.2007380073800738,2024/25|2025-02-01|Newcastle|Fulham
2024/25,2025-02-01,Nott'm Forest,Brighton,7,0,H,test,0.5547540978711414,0.240594147229386,0.2046517548994726,2.0,2.2,1.8,1.6,5,10,7.0,1.6,1.1,1.6,1.0,5,10,7.0,0.3952569169960474,0.26877470355731226,0.3359683794466403,2024/25|2025-02-01|Nott'm Forest|Brighton
2024/25,2025-02-01,Wolves,Aston Villa,2,0,H,test,0.257646093768706,0.253630547759801,0.4887233584714931,0.2,0.7,0.6,2.4,5,10,7.0,1.8,1.8,1.6,1.2,5,10,6.0,0.28668941979522183,0.26279863481228666,0.4505119453924914,2024/25|2025-02-01|Wolves|Aston Villa
2024/25,2025-02-02,Arsenal,Man City,5,1,H,test,0.3589146807536393,0.263068738052832,0.3780165811935287,2.2,2.2,1.8,1.0,5,10,8.0,2.6,1.8,3.4,0.8,5,10,8.0,0.48908296943231444,0.2724890829694323,0.23842794759825325,2024/25|2025-02-02|Arsenal|Man City
2024/25,2025-02-02,Brentford,Tottenham,0,2,A,test,0.5467522600969689,0.2451380627503498,0.2081096771526812,1.4,1.1,2.0,1.6,5,10,7.0,0.2,0.4,1.4,2.2,5,10,7.0,0.45564074479737127,0.2453450164293538,0.2990142387732749,2024/25|2025-02-02|Brentford|Tottenham
2024/25,2025-02-02,Man United,Crystal Palace,0,2,A,test,0.3073224458245647,0.2652492966296499,0.4274282575457853,1.4,1.0,1.4,1.6,5,10,7.0,2.0,1.8,1.6,0.8,5,10,7.0,0.4767025089605735,0.27240143369175623,0.25089605734767023,2024/25|2025-02-02|Man United|Crystal Palace
2024/25,2025-02-03,Chelsea,West Ham,2,1,H,test,0.6165546549656938,0.1944753535292437,0.1889699915050624,1.0,1.5,1.4,1.8,5,10,9.0,0.8,1.2,1.0,2.8,5,10,8.0,0.6866642573183954,0.19660281893747744,0.11673292374412723,2024/25|2025-02-03|Chelsea|West Ham
2024/25,2025-02-12,Everton,Liverpool,2,2,D,test,0.3146190885012537,0.2381426180973038,0.4472382934014423,1.8,1.5,1.6,0.8,5,10,11.0,2.2,2.2,2.2,0.8,5,10,11.0,0.126984126984127,0.21164021164021166,0.6613756613756615,2024/25|2025-02-12|Everton|Liverpool
2024/25,2025-02-14,Brighton,Chelsea,3,0,H,test,0.3240024300471875,0.2699948443259103,0.4060027256269022,1.4,1.1,1.2,2.0,5,10,13.0,1.6,1.5,1.8,1.6,5,10,11.0,0.3506261180679785,0.2629695885509839,0.38640429338103754,2024/25|2025-02-14|Brighton|Chelsea
2024/25,2025-02-15,Aston Villa,Ipswich,1,1,D,test,0.6522250107179471,0.1854881785582912,0.1622868107237615,1.6,1.5,1.2,1.2,5,10,14.0,0.2,0.7,0.8,3.2,5,10,14.0,0.6690140845070423,0.19718309859154928,0.13380281690140844,2024/25|2025-02-15|Aston Villa|Ipswich
2024/25,2025-02-15,Crystal Palace,Everton,1,2,A,test,0.4916750598970323,0.247772839057914,0.2605521010450536,2.0,1.8,1.6,0.6,5,10,13.0,2.0,1.3,2.0,1.0,5,10,3.0,0.5292652552926526,0.28019925280199254,0.19053549190535493,2024/25|2025-02-15|Crystal Palace|Everton
2024/25,2025-02-15,Fulham,Nott'm Forest,2,1,H,test,0.2439401169191181,0.220807033719696,0.5352528493611859,1.4,1.4,1.6,1.4,5,10,14.0,2.0,2.5,2.8,1.6,5,10,14.0,0.43220338983050843,0.2796610169491525,0.288135593220339,2024/25|2025-02-15|Fulham|Nott'm Forest
2024/25,2025-02-15,Leicester,Arsenal,0,2,A,test,0.1370754636801151,0.2245041166543188,0.6384204196655661,0.6,0.4,0.6,2.2,5,10,14.0,2.2,2.2,2.2,1.0,5,10,13.0,0.10999917293854934,0.1869985939955339,0.7030022330659168,2024/25|2025-02-15|Leicester|Arsenal
2024/25,2025-02-15,Man City,Newcastle,4,0,H,test,0.4449037753454651,0.2410638520438182,0.3140323726107166,2.0,1.5,3.2,1.8,5,10,13.0,1.8,2.1,2.0,1.6,5,10,14.0,0.48657187993680895,0.2259083728278041,0.2875197472353871,2024/25|2025-02-15|Man City|Newcastle
2024/25,2025-02-15,Southampton,Bournemouth,1,3,A,test,0.1422149099949042,0.2532562380691741,0.6045288519359217,0.6,0.4,1.2,3.0,5,10,14.0,2.0,1.9,2.4,1.0,5,10,14.0,0.15789473684210528,0.2105263157894737,0.6315789473684211,2024/25|2025-02-15|Southampton|Bournemouth
2024/25,2025-02-15,West Ham,Brentford,0,1,A,test,0.3948703368884454,0.2664811300660152,0.3386485330455394,0.8,1.2,1.2,2.2,5,10,12.0,1.4,1.1,1.8,1.4,5,10,13.0,0.40506329113924044,0.2644163150492264,0.330520393811533,2024/25|2025-02-15|West Ham|Brentford
2024/25,2025-02-16,Liverpool,Wolves,2,1,H,test,0.7404593408514147,0.1506743712675816,0.1088662878810036,2.2,2.2,2.2,0.8,5,10,4.0,0.6,1.0,0.6,2.0,5,10,15.0,0.8067226890756303,0.11596638655462185,0.07731092436974789,2024/25|2025-02-16|Liverpool|Wolves
2024/25,2025-02-16,Tottenham,Man United,1,0,H,test,0.4475263617030635,0.2516429725869686,0.3008306657099679,0.6,0.7,1.4,1.8,5,10,14.0,1.4,1.0,1.4,1.6,5,10,14.0,0.38633191121247273,0.2524035153254822,0.3612645734620451,2024/25|2025-02-16|Tottenham|Man United
2024/25,2025-02-19,Aston Villa,Liverpool,2,2,D,test,0.2532183765523906,0.2359163656699562,0.5108652577776531,1.2,1.3,1.0,1.2,5,10,4.0,2.6,2.4,2.4,0.8,5,10,3.0,0.24353727916957785,0.23744884719033837,0.5190138736400838,2024/25|2025-02-19|Aston Villa|Liverpool
2024/25,2025-02-21,Leicester,Brentford,0,4,A,test,0.2961800692705151,0.2818207202448608,0.4219992104846241,0.6,0.3,0.4,2.2,5,10,6.0,1.4,1.1,1.0,1.4,5,10,6.0,0.2609477241676853,0.24721363342201763,0.4918386424102969,2024/25|2025-02-21|Leicester|Brentford
2024/25,2025-02-22,Arsenal,West Ham,0,1,A,test,0.7030815737590075,0.1789009568143242,0.1180174694266682,2.6,2.4,2.4,0.8,5,10,7.0,0.8,0.9,1.0,1.6,5,10,7.0,0.7470119521912351,0.15811752988047809,0.09487051792828687,2024/25|2025-02-22|Arsenal|West Ham
2024/25,2025-02-22,Aston Villa,Chelsea,2,1,H,test,0.5409837416130463,0.2181726885491273,0.2408435698378263,0.8,1.4,1.2,1.6,5,10,3.0,1.4,1.2,1.6,2.0,5,10,8.0,0.3590576766856215,0.27774167343623074,0.3632006498781478,2024/25|2025-02-22|Aston Villa|Chelsea
2024/25,2025-02-22,Bournemouth,Wolves,0,1,A,test,0.6939492592927,0.1803854311088836,0.1256653095984164,2.0,1.9,2.8,1.2,5,10,7.0,0.6,1.0,0.8,1.8,5,10,6.0,0.6179775280898876,0.21011235955056176,0.17191011235955056,2024/25|2025-02-22|Bournemouth|Wolves
2024/25,2025-02-22,Everton,Man United,2,2,D,test,0.5646060883004836,0.2406522914230788,0.1947416202764374,2.6,1.5,2.4,1.0,5,10,7.0,1.2,1.0,1.0,1.4,5,10,6.0,0.3783122706889523,0.29555646147574394,0.32613126783530366,2024/25|2025-02-22|Everton|Man United
2024/25,2025-02-22,Fulham,Crystal Palace,0,2,A,test,0.4053063406697519,0.2536328731597738,0.3410607861704743,1.8,1.6,1.6,1.2,5,10,7.0,1.8,1.7,1.6,0.8,5,10,7.0,0.4636078864934587,0.2795282845034089,0.2568638290031325,2024/25|2025-02-22|Fulham|Crystal Palace
2024/25,2025-02-22,Ipswich,Tottenham,1,4,A,test,0.3220761949299373,0.2885527219529712,0.3893710831170914,0.2,0.8,0.6,3.0,5,10,7.0,1.2,1.0,1.4,1.4,5,10,6.0,0.2327322218441647,0.2650561415447431,0.5022116366110921,2024/25|2025-02-22|Ipswich|Tottenham
2024/25,2025-02-22,Southampton,Brighton,0,4,A,test,0.3476491061763367,0.2788168012547101,0.3735340925689531,0.6,0.4,1.4,2.6,5,10,7.0,1.8,1.3,1.6,1.8,5,10,8.0,0.15786858775307416,0.23102720158986464,0.6111042106570612,2024/25|2025-02-22|Southampton|Brighton
2024/25,2025-02-23,Man City,Liverpool,0,2,A,test,0.4340300665452051,0.2496883326036025,0.3162816008511923,2.0,1.7,3.2,1.6,5,10,8.0,2.2,2.2,2.4,1.2,5,10,4.0,0.32917532917532916,0.24948024948024947,0.4213444213444213,2024/25|2025-02-23|Man City|Liverpool
2024/25,2025-02-23,Newcastle,Nott'm Forest,4,3,H,test,0.3822060405535589,0.2304472093032422,0.3873467501431988,1.2,2.1,1.6,2.2,5,10,8.0,1.4,2.2,2.4,2.0,5,10,8.0,0.5256916996047432,0.24901185770750986,0.225296442687747,2024/25|2025-02-23|Newcastle|Nott'm Forest
2024/25,2025-02-25,Brighton,Bournemouth,2,1,H,test,0.3268346492537451,0.2737187604422762,0.3994465903039786,1.8,1.6,2.0,1.8,5,10,3.0,1.8,1.8,2.4,1.0,5,10,3.0,0.4689603590127151,0.2468212415856395,0.2842183994016455,2024/25|2025-02-25|Brighton|Bournemouth
2024/25,2025-02-25,Chelsea,Southampton,4,0,H,test,0.5630850899223708,0.2427869144303708,0.1941279956472583,1.2,0.9,1.4,2.0,5,10,3.0,0.6,0.4,1.2,2.8,5,10,3.0,0.8088978766430739,0.11830131445904954,0.07280080889787664,2024/25|2025-02-25|Chelsea|Southampton
2024/25,2025-02-25,Crystal Palace,Aston Villa,4,1,H,test,0.537828452322207,0.2218985661340266,0.2402729815437664,1.8,1.7,1.6,0.8,5,10,3.0,1.2,1.4,1.2,1.4,5,10,3.0,0.38526912181303113,0.2776203966005666,0.3371104815864023,2024/25|2025-02-25|Crystal Palace|Aston Villa
2024/25,2025-02-25,Wolves,Fulham,1,2,A,test,0.4453817947059111,0.2445279246134258,0.3100902806806631,1.2,1.3,1.0,1.2,5,10,3.0,1.8,1.5,1.2,1.0,5,10,3.0,0.35752979414951247,0.28494041170097506,0.35752979414951247,2024/25|2025-02-25|Wolves|Fulham
2024/25,2025-02-26,Brentford,Everton,1,1,D,test,0.3841744316400819,0.2656428950585753,0.3501826733013427,1.8,1.4,1.4,1.0,5,10,5.0,2.2,1.5,2.2,1.0,5,10,4.0,0.47349177330895803,0.25594149908592323,0.27056672760511885,2024/25|2025-02-26|Brentford|Everton
2024/25,2025-02-26,Liverpool,Newcastle,2,0,H,test,0.5719611848775105,0.1918543728373799,0.2361844422851095,2.2,2.2,2.0,1.0,5,10,3.0,1.2,2.1,1.8,2.8,5,10,3.0,0.6272727272727273,0.2090909090909091,0.16363636363636366,2024/25|2025-02-26|Liverpool|Newcastle
2024/25,2025-02-26,Man United,Ipswich,3,2,H,test,0.602307684941414,0.2087756002136194,0.1889167148449665,0.8,0.8,0.8,1.6,5,10,4.0,0.2,0.5,0.8,3.4,5,10,4.0,0.6217557060086298,0.21969658895916944,0.15854770503220061,2024/25|2025-02-26|Man United|Ipswich
2024/25,2025-02-26,Nott'm Forest,Arsenal,0,0,D,test,0.4166294197476161,0.2501109359407285,0.3332596443116553,1.2,1.9,2.8,2.6,5,10,3.0,2.0,2.3,2.0,0.8,5,10,4.0,0.24489795918367344,0.26530612244897955,0.48979591836734687,2024/25|2025-02-26|Nott'm Forest|Arsenal
2024/25,2025-02-26,Tottenham,Man City,0,1,A,test,0.2945043273208392,0.2674421543343411,0.4380535183448196,1.8,1.0,2.0,1.2,5,10,4.0,1.8,1.7,2.8,1.6,5,10,3.0,0.2909090909090909,0.23636363636363636,0.4727272727272727,2024/25|2025-02-26|Tottenham|Man City
2024/25,2025-02-27,West Ham,Leicester,2,0,H,test,0.6824214823492155,0.182475867200177,0.1351026504506075,0.8,1.1,0.6,1.2,5,10,5.0,0.6,0.3,0.4,2.6,5,10,6.0,0.5848930481283423,0.22560160427807488,0.18950534759358292,2024/25|2025-02-27|West Ham|Leicester
2024/25,2025-03-08,Brentford,Aston Villa,0,1,A,test,0.5182961915403437,0.2206434198818816,0.2610603885777747,2.0,1.5,1.6,0.8,5,10,10.0,1.0,1.4,1.2,2.0,5,10,11.0,0.4277950310559006,0.24767080745341613,0.32453416149068326,2024/25|2025-03-08|Brentford|Aston Villa
2024/25,2025-03-08,Brighton,Fulham,2,1,H,test,0.4908922131920226,0.2400298183704783,0.2690779684374991,1.8,1.8,1.8,1.8,5,10,11.0,1.8,1.7,1.2,1.2,5,10,11.0,0.4850444624090542,0.2627324171382377,0.25222312045270817,2024/25|2025-03-08|Brighton|Fulham
2024/25,2025-03-08,Crystal Palace,Ipswich,1,0,H,test,0.7311663471991006,0.1613830692220086,0.1074505835788907,1.8,2.0,2.0,1.0,5,10,11.0,0.2,0.5,1.2,2.8,5,10,10.0,0.6505067104902768,0.1985757326759792,0.1509175568337442,2024/25|2025-03-08|Crystal Palace|Ipswich
2024/25,2025-03-08,Liverpool,Southampton,3,1,H,test,0.8096447466898544,0.1281288310268832,0.0622264222832622,2.2,2.2,2.0,1.0,5,10,10.0,0.6,0.3,0.8,3.0,5,10,11.0,0.8473736372646186,0.10356788899900893,0.04905847373637265,2024/25|2025-03-08|Liverpool|Southampton
2024/25,2025-03-08,Nott'm Forest,Man City,1,0,H,test,0.4981554393482558,0.2200088283614504,0.2818357322902937,0.8,1.7,2.2,2.2,5,10,10.0,1.8,2.0,1.8,1.6,5,10,10.0,0.23647209203238181,0.2522368981678739,0.5112910097997444,2024/25|2025-03-08|Nott'm Forest|Man City
2024/25,2025-03-08,Wolves,Everton,1,1,D,test,0.3131920881147945,0.25347732077814,0.4333305911070655,1.2,1.0,1.0,1.0,5,10,11.0,1.8,1.5,2.2,1.2,5,10,10.0,0.3647654845563001,0.3059323418859291,0.3293021735577709,2024/25|2025-03-08|Wolves|Everton
2024/25,2025-03-09,Chelsea,Leicester,1,0,H,test,0.6848425912332499,0.1921787040282521,0.1229787047384979,1.2,1.1,1.6,1.8,5,10,12.0,0.6,0.3,0.4,2.6,5,10,10.0,0.802675585284281,0.11839464882943143,0.07892976588628761,2024/25|2025-03-09|Chelsea|Leicester
2024/25,2025-03-09,Man United,Arsenal,1,1,D,test,0.2471259510208102,0.2482500831178273,0.5046239658613625,1.4,1.1,1.2,1.4,5,10,11.0,2.0,2.1,1.6,0.4,5,10,11.0,0.16596931659693168,0.27266387726638774,0.5613668061366807,2024/25|2025-03-09|Man United|Arsenal
2024/25,2025-03-09,Tottenham,Bournemouth,2,2,D,test,0.3232704862951532,0.2548832302807035,0.4218462834241432,1.8,1.0,1.6,0.8,5,10,11.0,1.2,1.5,1.8,1.2,5,10,12.0,0.3519585253456221,0.24366359447004612,0.4043778801843318,2024/25|2025-03-09|Tottenham|Bournemouth
2024/25,2025-03-10,West Ham,Newcastle,0,1,A,test,0.4320309235974389,0.2130818847295654,0.3548871916729956,1.4,1.3,1.0,0.8,5,10,11.0,1.2,1.8,1.6,2.4,5,10,12.0,0.29127725856697817,0.27842679127725856,0.43029595015576316,2024/25|2025-03-10|West Ham|Newcastle
2024/25,2025-03-15,Bournemouth,Brentford,1,2,A,test,0.4609627850168636,0.2400226674744754,0.2990145475086609,0.8,1.5,1.2,1.6,5,10,6.0,1.4,1.4,1.2,0.8,5,10,7.0,0.5483028720626633,0.2258485639686684,0.2258485639686684,2024/25|2025-03-15|Bournemouth|Brentford
2024/25,2025-03-15,Everton,West Ham,1,1,D,test,0.5518858096312977,0.2359927198386502,0.212121470530052,1.4,1.6,1.6,1.4,5,10,7.0,1.2,1.0,0.8,0.8,5,10,5.0,0.46162382097281307,0.29572776031070835,0.2426484187164787,2024/25|2025-03-15|Everton|West Ham
2024/25,2025-03-15,Ipswich,Nott'm Forest,2,4,A,test,0.1900861898007971,0.2461378553841029,0.5637759548150999,0.2,0.5,1.0,2.2,5,10,7.0,1.4,1.7,2.4,1.2,5,10,7.0,0.25339366515837103,0.27149321266968324,0.4751131221719457,2024/25|2025-03-15|Ipswich|Nott'm Forest
2024/25,2025-03-15,Man City,Brighton,2,2,D,test,0.4748440512667582,0.2223137343646213,0.3028422143686204,1.2,1.9,1.2,1.6,5,10,7.0,2.4,2.0,2.2,1.8,5,10,7.0,0.5692192187805826,0.21953720447195677,0.21124357674746064,2024/25|2025-03-15|Man City|Brighton
2024/25,2025-03-15,Southampton,Wolves,1,2,A,test,0.2684989430419645,0.317095856622977,0.4144052003350585,0.6,0.3,0.8,3.0,5,10,7.0,1.4,0.8,1.2,1.0,5,10,7.0,0.25392083644510827,0.2763256161314414,0.4697535474234503,2024/25|2025-03-15|Southampton|Wolves
2024/25,2025-03-16,Arsenal,Chelsea,1,0,H,test,0.5856631661174364,0.2047204530901311,0.2096163807924325,1.6,1.9,1.6,0.6,5,10,7.0,1.8,1.4,1.6,1.2,5,10,7.0,0.5263157894736842,0.2631578947368421,0.21052631578947367,2024/25|2025-03-16|Arsenal|Chelsea
2024/25,2025-03-16,Fulham,Tottenham,2,0,H,test,0.4160493521737596,0.2798311054024286,0.3041195424238116,1.8,1.4,1.4,1.4,5,10,8.0,2.0,1.1,1.8,0.8,5,10,7.0,0.47872340425531923,0.25531914893617025,0.2659574468085107,2024/25|2025-03-16|Fulham|Tottenham
2024/25,2025-03-16,Leicester,Man United,0,3,A,test,0.2402314258322858,0.2660754132996017,0.4936931608681124,0.0,0.3,0.0,2.6,5,10,7.0,1.0,1.2,1.2,1.6,5,10,7.0,0.21076011846001974,0.27097729516288255,0.5182625863770978,2024/25|2025-03-16|Leicester|Man United
2024/25,2025-04-01,Arsenal,Fulham,2,1,H,test,0.512382338345943,0.2079368204090825,0.2796808412449743,1.6,1.9,0.8,0.4,5,10,16.0,1.8,1.6,1.4,1.2,5,10,16.0,0.643819671016857,0.2200584556824361,0.1361218733007069,2024/25|2025-04-01|Arsenal|Fulham
2024/25,2025-04-01,Nott'm Forest,Man United,1,0,H,test,0.4578503954650235,0.2410740828132491,0.3010755217217273,1.4,1.7,1.8,1.6,5,10,17.0,1.6,1.5,1.8,1.2,5,10,16.0,0.41349548842683415,0.2797175362887407,0.3067869752844253,2024/25|2025-04-01|Nott'm Forest|Man United
2024/25,2025-04-01,Wolves,West Ham,1,0,H,test,0.4117171068920852,0.2607657918041779,0.3275171013037369,1.4,1.0,1.2,1.2,5,10,17.0,1.4,1.1,0.8,0.6,5,10,17.0,0.3783122706889523,0.29555646147574394,0.32613126783530366,2024/25|2025-04-01|Wolves|West Ham
2024/25,2025-04-02,Bournemouth,Ipswich,1,2,A,test,0.6572114996669962,0.192789001921268,0.1499994984117358,0.8,1.4,1.4,1.6,5,10,18.0,0.2,0.2,1.2,2.6,5,10,18.0,0.6942607775720708,0.1798466014281936,0.12589262099973553,2024/25|2025-04-02|Bournemouth|Ipswich
2024/25,2025-04-02,Brighton,Aston Villa,0,3,A,test,0.6019412279919696,0.1969892074875577,0.2010695645204726,2.6,2.0,2.6,0.8,5,10,18.0,1.6,1.6,1.4,1.6,5,10,25.0,0.4607779125081615,0.24857755806361342,0.29064452942822494,2024/25|2025-04-02|Brighton|Aston Villa
2024/25,2025-04-02,Liverpool,Everton,1,0,H,test,0.5470087715694655,0.2158022981617382,0.2371889302687963,2.6,2.4,2.2,0.8,5,10,25.0,1.4,1.7,1.4,1.2,5,10,18.0,0.6934812760055478,0.18862690707350901,0.11789181692094314,2024/25|2025-04-02|Liverpool|Everton
2024/25,2025-04-02,Man City,Leicester,2,0,H,test,0.7530220946253893,0.1498461715948109,0.0971317337797996,1.4,1.7,1.4,1.0,5,10,18.0,0.0,0.3,0.0,2.4,5,10,17.0,0.7874015748031497,0.11811023622047244,0.09448818897637795,2024/25|2025-04-02|Man City|Leicester
2024/25,2025-04-02,Newcastle,Brentford,2,1,H,test,0.3649815134162111,0.2609930483534937,0.3740254382302951,1.2,1.8,1.2,2.2,5,10,23.0,2.0,1.7,1.6,0.6,5,10,18.0,0.5503745604647607,0.21158844213423023,0.238036997401009,2024/25|2025-04-02|Newcastle|Brentford
2024/25,2025-04-02,Southampton,Crystal Palace,1,1,D,test,0.1238135314749264,0.2210408479825268,0.6551456205425467,0.0,0.3,0.6,3.2,5,10,18.0,2.4,2.2,2.0,0.6,5,10,25.0,0.16494734867768818,0.24959138286755447,0.5854612684547574,2024/25|2025-04-02|Southampton|Crystal Palace
2024/25,2025-04-03,Chelsea,Tottenham,1,0,H,test,0.4923562667202316,0.2370465076784732,0.2705972256012951,1.2,1.4,1.2,1.2,5,10,18.0,1.4,1.0,1.4,1.2,5,10,18.0,0.5769230769230769,0.2115384615384615,0.2115384615384615,2024/25|2025-04-03|Chelsea|Tottenham
2024/25,2025-04-05,Aston Villa,Nott'm Forest,2,1,H,test,0.4293110976520451,0.2572687045973165,0.3134201977506384,2.0,1.6,1.8,1.4,5,10,3.0,2.0,1.7,1.8,1.2,5,10,4.0,0.48339684267827987,0.26183995645073493,0.25476320087098525,2024/25|2025-04-05|Aston Villa|Nott'm Forest
2024/25,2025-04-05,Crystal Palace,Brighton,2,1,H,test,0.50194018820902,0.2230488519006073,0.2750109598903728,2.0,2.0,1.8,0.8,5,10,3.0,2.0,1.9,2.0,1.4,5,10,3.0,0.40127388535031844,0.26194267515923564,0.3367834394904458,2024/25|2025-04-05|Crystal Palace|Brighton
2024/25,2025-04-05,Everton,Arsenal,1,1,D,test,0.4521737349877613,0.2151946820844069,0.3326315829278317,0.8,1.7,1.0,1.2,5,10,3.0,1.6,2.1,0.8,0.6,5,10,4.0,0.1780821917808219,0.28767123287671237,0.5342465753424658,2024/25|2025-04-05|Everton|Arsenal
2024/25,2025-04-05,Ipswich,Wolves,1,2,A,test,0.326995020834642,0.2944546383879733,0.3785503407773847,0.6,0.4,1.4,2.6,5,10,3.0,2.0,1.3,1.2,0.8,5,10,4.0,0.34997031547485,0.2907445697791062,0.3592851147460438,2024/25|2025-04-05|Ipswich|Wolves
2024/25,2025-04-05,West Ham,Bournemouth,2,2,D,test,0.423334464082243,0.2385962616325301,0.3380692742852267,1.4,1.1,0.8,0.6,5,10,4.0,0.2,1.1,1.0,1.8,5,10,3.0,0.3163064833005893,0.2711198428290766,0.41257367387033395,2024/25|2025-04-05|West Ham|Bournemouth
2024/25,2025-04-06,Brentford,Chelsea,0,0,D,test,0.4397874533113754,0.2467983644342911,0.3134141822543334,1.4,1.4,1.6,1.0,5,10,4.0,1.8,1.6,1.4,0.6,5,10,3.0,0.29609793420045905,0.2631981637337414,0.4407039020657995,2024/25|2025-04-06|Brentford|Chelsea
2024/25,2025-04-06,Fulham,Liverpool,3,2,H,test,0.2821077089152135,0.2328162888120842,0.4850760022727023,1.2,1.5,1.2,1.4,5,10,5.0,2.6,2.6,2.0,0.6,5,10,4.0,0.21076011846001974,0.27097729516288255,0.5182625863770978,2024/25|2025-04-06|Fulham|Liverpool
2024/25,2025-04-06,Man United,Man City,0,0,D,test,0.457999343335121,0.240294102417165,0.3017065542477139,1.6,1.4,1.8,1.2,5,10,5.0,1.4,1.7,1.0,1.0,5,10,4.0,0.28062360801781744,0.26503340757238314,0.4543429844097996,2024/25|2025-04-06|Man United|Man City
2024/25,2025-04-06,Tottenham,Southampton,3,1,H,test,0.6610006063986215,0.1906076757094501,0.1483917178919285,0.8,1.0,1.2,1.4,5,10,3.0,0.2,0.4,0.6,2.8,5,10,4.0,0.6834257312177403,0.1714777289237239,0.14509653985853563,2024/25|2025-04-06|Tottenham|Southampton
2024/25,2025-04-07,Leicester,Newcastle,0,3,A,test,0.2511548484755354,0.243624889845336,0.5052202616791287,0.0,0.3,0.0,2.4,5,10,5.0,1.8,1.8,1.4,2.0,5,10,5.0,0.14410237388724037,0.22301557863501484,0.6328820474777448,2024/25|2025-04-07|Leicester|Newcastle
2024/25,2025-04-12,Arsenal,Brentford,1,1,D,test,0.5151118320021492,0.2217529017686984,0.2631352662291524,1.8,1.9,1.0,0.6,5,10,7.0,1.0,1.4,0.8,1.0,5,10,6.0,0.5918858330143802,0.2187107004210181,0.1894034665646017,2024/25|2025-04-12|Arsenal|Brentford
2024/25,2025-04-12,Brighton,Leicester,2,2,D,test,0.6901693937723943,0.1906380783887183,0.1191925278388873,1.4,1.6,1.4,1.8,5,10,7.0,0.0,0.3,0.0,2.2,5,10,5.0,0.744047619047619,0.15997023809523808,0.09598214285714286,2024/25|2025-04-12|Brighton|Leicester
2024/25,2025-04-12,Man City,Crystal Palace,5,2,H,test,0.3641231766328097,0.2317427524618892,0.4041340709053011,1.6,1.7,1.0,0.6,5,10,6.0,2.6,2.2,2.0,0.6,5,10,7.0,0.6342525399129173,0.20029027576197386,0.16545718432510886,2024/25|2025-04-12|Man City|Crystal Palace
2024/25,2025-04-12,Nott'm Forest,Everton,0,1,A,test,0.44220573328293,0.2407928858555537,0.3170013808615163,2.0,1.6,1.4,0.8,5,10,7.0,0.8,1.5,0.8,1.0,5,10,7.0,0.4537346711259755,0.28874024526198444,0.25752508361204013,2024/25|2025-04-12|Nott'm Forest|Everton
2024/25,2025-04-12,Southampton,Aston Villa,0,3,A,test,0.2732969415198131,0.2725148961342,0.4541881623459869,0.2,0.4,0.8,2.6,5,10,6.0,2.4,1.6,1.8,1.2,5,10,7.0,0.15874177029992684,0.22677395757132407,0.6144842721287491,2024/25|2025-04-12|Southampton|Aston Villa
2024/25,2025-04-13,Chelsea,Ipswich,2,2,D,test,0.6306302700100137,0.2026701520262079,0.1666995779637783,2.0,1.6,1.2,0.2,5,10,7.0,0.6,0.4,1.4,2.2,5,10,8.0,0.751404937803877,0.13632632443013198,0.11226873776599104,2024/25|2025-04-13|Chelsea|Ipswich
2024/25,2025-04-13,Liverpool,West Ham,2,1,H,test,0.6439004395642824,0.2040670392338075,0.1520325212019101,2.4,2.3,2.0,0.8,5,10,7.0,1.0,0.9,1.0,1.0,5,10,8.0,0.7250755287009064,0.1570996978851964,0.1178247734138973,2024/25|2025-04-13|Liverpool|West Ham
2024/25,2025-04-13,Newcastle,Man United,4,1,H,test,0.4958971851235839,0.2590186994325565,0.2450841154438595,2.4,1.8,2.0,1.2,5,10,6.0,1.6,1.2,1.4,0.8,5,10,7.0,0.5746381507885073,0.22575070209548498,0.19961114711600778,2024/25|2025-04-13|Newcastle|Man United
2024/25,2025-04-13,Wolves,Tottenham,4,2,H,test,0.4678552836082932,0.2431566491572543,0.2889880672344525,2.0,1.6,1.4,1.0,5,10,8.0,0.8,1.3,1.0,1.4,5,10,7.0,0.4308880308880309,0.2633204633204634,0.3057915057915058,2024/25|2025-04-13|Wolves|Tottenham
2024/25,2025-04-14,Bournemouth,Fulham,1,0,H,test,0.3842700317722503,0.2406052753165916,0.3751246929111581,0.4,1.1,1.4,2.0,5,10,9.0,1.8,1.8,1.8,1.4,5,10,8.0,0.44134505158578524,0.2711119602598395,0.28754298815437523,2024/25|2025-04-14|Bournemouth|Fulham
2024/25,2025-04-16,Newcastle,Crystal Palace,5,0,H,test,0.4727224723306574,0.2348447090612148,0.2924328186081277,2.4,1.8,2.0,0.8,5,10,3.0,2.0,1.9,2.0,1.6,5,10,4.0,0.5674708261793209,0.24299391787678612,0.18953525594389314,2024/25|2025-04-16|Newcastle|Crystal Palace
2024/25,2025-04-19,Aston Villa,Newcastle,4,1,H,test,0.302843766505723,0.2750064411579019,0.4221497923363751,2.4,1.8,2.0,1.0,5,10,7.0,3.0,2.1,3.0,0.4,5,10,3.0,0.40399918384003264,0.2581105896755764,0.3378902264843909,2024/25|2025-04-19|Aston Villa|Newcastle
2024/25,2025-04-19,Brentford,Brighton,4,2,H,test,0.4956586133180949,0.2148126261307875,0.2895287605511175,1.0,1.5,0.8,1.0,5,10,7.0,1.0,1.4,1.4,2.0,5,10,7.0,0.39176547697074426,0.2507299052612763,0.35750461776797954,2024/25|2025-04-19|Brentford|Brighton
2024/25,2025-04-19,Crystal Palace,Bournemouth,0,0,D,test,0.4319620015804152,0.2714622454413676,0.2965757529782171,1.4,1.6,1.2,2.4,5,10,3.0,1.0,1.1,1.4,1.6,5,10,5.0,0.3828316115075915,0.26053818005377755,0.3566302084386309,2024/25|2025-04-19|Crystal Palace|Bournemouth
2024/25,2025-04-19,Everton,Man City,0,2,A,test,0.3702754683028397,0.2358724030486564,0.3938521286485039,1.2,1.5,0.8,0.8,5,10,7.0,1.6,1.7,1.8,1.0,5,10,7.0,0.2522099548839085,0.25921578696401715,0.48857425815207417,2024/25|2025-04-19|Everton|Man City
2024/25,2025-04-19,West Ham,Southampton,1,1,D,test,0.5894940729891996,0.2114591472894309,0.1990467797213694,0.4,0.9,0.8,1.4,5,10,6.0,0.2,0.4,0.8,2.4,5,10,7.0,0.6371481479804588,0.21777811986399054,0.14507373215555064,2024/25|2025-04-19|West Ham|Southampton
2024/25,2025-04-20,Fulham,Chelsea,1,2,A,test,0.5028777755618272,0.2366465599242276,0.2604756645139451,1.2,1.5,1.4,1.4,5,10,6.0,1.6,1.4,0.8,0.6,5,10,7.0,0.34738314023172195,0.25349580503395924,0.39912105473431886,2024/25|2025-04-20|Fulham|Chelsea
2024/25,2025-04-20,Ipswich,Arsenal,0,4,A,test,0.2693477233642911,0.2586929961304143,0.4719592805052945,0.8,0.5,1.4,2.0,5,10,7.0,1.8,1.9,1.2,0.8,5,10,8.0,0.11775700934579439,0.20934579439252335,0.6728971962616822,2024/25|2025-04-20|Ipswich|Arsenal
2024/25,2025-04-20,Leicester,Liverpool,0,1,A,test,0.1626693449417919,0.2257785292216417,0.6115521258365663,0.2,0.4,0.4,2.2,5,10,8.0,2.4,2.3,2.0,1.0,5,10,7.0,0.08491564118269392,0.14945152848154128,0.7656328303357648,2024/25|2025-04-20|Leicester|Liverpool
2024/25,2025-04-20,Man United,Wolves,0,1,A,test,0.3693082110310178,0.2426537044771589,0.3880380844918232,1.0,1.2,1.0,1.2,5,10,7.0,2.6,1.9,2.0,1.0,5,10,7.0,0.47368421052631576,0.2631578947368421,0.2631578947368421,2024/25|2025-04-20|Man United|Wolves
2024/25,2025-04-21,Tottenham,Nott'm Forest,1,2,A,test,0.4622521915252641,0.251598023587662,0.2861497848870737,0.8,1.3,1.4,2.0,5,10,8.0,1.8,1.3,1.4,1.0,5,10,9.0,0.3828316115075915,0.26053818005377755,0.3566302084386309,2024/25|2025-04-21|Tottenham|Nott'm Forest
2024/25,2025-04-22,Man City,Aston Villa,2,1,H,test,0.3925924650443745,0.2617569501485371,0.3456505848070884,2.2,1.7,2.2,0.8,5,10,3.0,3.0,2.0,2.6,0.4,5,10,3.0,0.5261599210266535,0.23099703849950645,0.24284304047384012,2024/25|2025-04-22|Man City|Aston Villa
2024/25,2025-04-23,Arsenal,Crystal Palace,2,2,D,test,0.6200555680030426,0.184620098169764,0.1953243338271933,2.2,1.9,1.8,0.6,5,10,3.0,1.0,1.7,1.0,2.4,5,10,4.0,0.6750355281856939,0.19895783988630977,0.1260066319279962,2024/25|2025-04-23|Arsenal|Crystal Palace
2024/25,2025-04-26,Brighton,West Ham,3,2,H,test,0.500342109267301,0.2483936812287869,0.251264209503912,0.4,1.4,1.4,2.6,5,10,7.0,0.6,0.9,1.0,1.4,5,10,7.0,0.5716905706876048,0.2273150602495952,0.20099436906279997,2024/25|2025-04-26|Brighton|West Ham
2024/25,2025-04-26,Chelsea,Everton,1,0,H,test,0.5376666386530741,0.221825787506084,0.2405075738408419,1.6,1.7,1.0,0.8,5,10,6.0,1.0,1.2,0.6,1.0,5,10,7.0,0.6075949367088608,0.23544303797468355,0.1569620253164557,2024/25|2025-04-26|Chelsea|Everton
2024/25,2025-04-26,Newcastle,Ipswich,3,0,H,test,0.7335032933072845,0.1732660848261376,0.0932306218665779,2.4,1.8,3.0,1.2,5,10,7.0,0.8,0.5,1.4,2.6,5,10,6.0,0.8012162051113485,0.12605801627085214,0.07272577861779932,2024/25|2025-04-26|Newcastle|Ipswich
2024/25,2025-04-26,Southampton,Fulham,1,2,A,test,0.2778022005681208,0.2571407591623716,0.4650570402695075,0.4,0.5,0.8,2.0,5,10,7.0,1.2,1.5,1.4,1.4,5,10,6.0,0.17877094972067037,0.2346368715083799,0.5865921787709497,2024/25|2025-04-26|Southampton|Fulham
2024/25,2025-04-26,Wolves,Leicester,3,0,H,test,0.7505153864017403,0.1687213021360895,0.08076331146217,3.0,2.2,2.0,0.8,5,10,6.0,0.2,0.1,0.4,2.2,5,10,6.0,0.6261180679785332,0.22361359570661898,0.15026833631484798,2024/25|2025-04-26|Wolves|Leicester
2024/25,2025-04-27,Bournemouth,Man United,1,1,D,test,0.4472092418547241,0.2525416445894507,0.3002491135558253,1.0,0.9,1.0,1.2,5,10,8.0,0.8,0.9,0.8,1.2,5,10,7.0,0.5590930268675262,0.23342133871719212,0.20748563441528187,2024/25|2025-04-27|Bournemouth|Man United
2024/25,2025-04-27,Liverpool,Tottenham,5,1,H,test,0.5965944780818145,0.2070961694727767,0.1963093524454088,2.4,2.3,1.8,1.0,5,10,7.0,0.6,1.3,1.2,2.0,5,10,6.0,0.7564469914040115,0.15759312320916904,0.08595988538681948,2024/25|2025-04-27|Liverpool|Tottenham
2024/25,2025-05-01,Nott'm Forest,Brentford,0,2,A,test,0.448463888016926,0.2443149864877282,0.3072211254953459,1.8,1.6,1.6,1.2,5,10,10.0,1.6,1.5,1.6,1.2,5,10,12.0,0.43940125543215836,0.269917914051183,0.2906808305166586,2024/25|2025-05-01|Nott'm Forest|Brentford
2024/25,2025-05-02,Man City,Wolves,1,0,H,test,0.4444184405370736,0.244632940173556,0.3109486192893703,2.6,2.0,2.2,0.6,5,10,10.0,3.0,2.2,2.2,0.6,5,10,6.0,0.6750355281856939,0.19895783988630977,0.1260066319279962,2024/25|2025-05-02|Man City|Wolves
2024/25,2025-05-03,Arsenal,Bournemouth,1,2,A,test,0.5870892670132268,0.2236599947071659,0.1892507382796072,1.8,1.7,2.0,1.0,5,10,10.0,1.2,1.0,1.0,1.0,5,10,6.0,0.4636078864934587,0.2568638290031325,0.2795282845034089,2024/25|2025-05-03|Arsenal|Bournemouth
2024/25,2025-05-03,Aston Villa,Fulham,1,0,H,test,0.5954991629373787,0.2088811735564498,0.1956196635061715,2.4,2.0,2.6,0.8,5,10,11.0,1.2,1.5,1.4,1.6,5,10,7.0,0.536097212294496,0.2530378842030021,0.21086490350250175,2024/25|2025-05-03|Aston Villa|Fulham
2024/25,2025-05-03,Everton,Ipswich,2,2,D,test,0.5935949931958734,0.2091881103042946,0.1972168964998318,0.8,1.1,0.4,1.0,5,10,7.0,0.8,0.5,1.0,2.4,5,10,7.0,0.6418691631412705,0.2149446389272153,0.1431861979315142,2024/25|2025-05-03|Everton|Ipswich
2024/25,2025-05-03,Leicester,Southampton,2,0,H,test,0.397111174192145,0.2850576833589789,0.3178311424488761,0.2,0.1,0.4,2.2,5,10,7.0,0.4,0.2,0.8,2.0,5,10,7.0,0.41025641025641024,0.2621082621082621,0.3276353276353276,2024/25|2025-05-03|Leicester|Southampton
2024/25,2025-05-04,Brentford,Man United,4,3,H,test,0.6281372927369985,0.1965163871596674,0.1753463201033341,1.6,1.8,1.6,1.0,5,10,3.0,0.4,1.0,0.4,1.4,5,10,7.0,0.5714914533049666,0.22999046291541345,0.19851808377962,2024/25|2025-05-04|Brentford|Man United
2024/25,2025-05-04,Brighton,Newcastle,1,1,D,test,0.263401496837217,0.2596571571962042,0.4769413459665788,0.8,1.7,1.6,2.6,5,10,8.0,2.4,2.1,3.2,1.0,5,10,8.0,0.32997285769678164,0.25684373788290027,0.4131834044203179,2024/25|2025-05-04|Brighton|Newcastle
2024/25,2025-05-04,Chelsea,Liverpool,3,1,H,test,0.2891859211046399,0.2315438892968045,0.4792701895985555,2.2,1.7,1.2,0.6,5,10,8.0,2.4,2.5,2.2,1.0,5,10,7.0,0.43963204292832503,0.2554618627826753,0.3049060942889996,2024/25|2025-05-04|Chelsea|Liverpool
2024/25,2025-05-04,West Ham,Tottenham,1,1,D,test,0.5031914248135865,0.226734690115668,0.2700738850707455,0.4,0.9,1.2,1.8,5,10,8.0,0.6,1.0,1.4,2.6,5,10,7.0,0.45172802404207363,0.2563861758076634,0.291885800150263,2024/25|2025-05-04|West Ham|Tottenham
2024/25,2025-05-05,Crystal Palace,Nott'm Forest,1,1,D,test,0.4398189378456003,0.2684007843821431,0.2917802777722567,1.0,1.5,1.2,2.6,5,10,12.0,1.2,1.3,0.8,1.2,5,10,4.0,0.42285270112708895,0.27982899339292655,0.29731830547998445,2024/25|2025-05-05|Crystal Palace|Nott'm Forest
2024/25,2025-05-10,Bournemouth,Aston Villa,0,1,A,test,0.2352902878872556,0.2436299829379096,0.5210797291748347,1.8,1.0,1.2,0.8,5,10,7.0,2.4,2.2,2.2,0.8,5,10,7.0,0.39379474940334136,0.2625298329355609,0.3436754176610979,2024/25|2025-05-10|Bournemouth|Aston Villa
2024/25,2025-05-10,Fulham,Everton,1,3,A,test,0.5024451502647845,0.2458207538781744,0.251734095857041,1.2,1.2,1.2,1.4,5,10,7.0,1.0,0.9,0.8,1.2,5,10,7.0,0.5155333917379877,0.2759619920479817,0.20850461621403063,2024/25|2025-05-10|Fulham|Everton
2024/25,2025-05-10,Ipswich,Brentford,0,1,A,test,0.2158291727608389,0.2654829237691747,0.5186879034699864,0.4,0.5,1.0,2.6,5,10,7.0,2.2,1.8,2.2,1.2,5,10,6.0,0.18938307030129126,0.23672883787661403,0.5738880918220947,2024/25|2025-05-10|Ipswich|Brentford
2024/25,2025-05-10,Southampton,Man City,0,0,D,test,0.171951881501327,0.2452872696257256,0.5827608488729473,0.2,0.2,0.6,2.2,5,10,7.0,2.6,2.0,2.0,0.6,5,10,8.0,0.08595988538681948,0.12607449856733524,0.7879656160458453,2024/25|2025-05-10|Southampton|Man City
2024/25,2025-05-10,Wolves,Brighton,0,2,A,test,0.5714783949280239,0.2093728320778771,0.219148772994099,2.4,2.2,2.0,0.8,5,10,8.0,1.0,1.5,1.8,2.2,5,10,6.0,0.3507014028056112,0.2705410821643286,0.3787575150300601,2024/25|2025-05-10|Wolves|Brighton
2024/25,2025-05-11,Liverpool,Arsenal,2,2,D,test,0.531648258902116,0.2325462792547981,0.2358054618430859,1.8,2.2,2.2,1.6,5,10,7.0,1.2,1.4,1.8,1.2,5,10,8.0,0.47368421052631576,0.2631578947368421,0.2631578947368421,2024/25|2025-05-11|Liverpool|Arsenal
2024/25,2025-05-11,Man United,West Ham,0,2,A,test,0.4182402605751758,0.2515111438209067,0.3302485956039174,0.4,1.0,1.0,2.0,5,10,7.0,0.6,1.0,1.4,1.8,5,10,7.0,0.49930651872399445,0.2635228848821082,0.23717059639389737,2024/25|2025-05-11|Man United|West Ham
2024/25,2025-05-11,Newcastle,Chelsea,2,0,H,test,0.5875582996720465,0.2071038057537625,0.2053378945741907,2.0,2.2,2.8,1.2,5,10,7.0,2.2,2.0,1.6,0.8,5,10,7.0,0.4469434832756632,0.2502883506343714,0.3027681660899654,2024/25|2025-05-11|Newcastle|Chelsea
2024/25,2025-05-11,Nott'm Forest,Leicester,2,2,D,test,0.6312526877289263,0.2053733755985428,0.1633739366725309,0.8,1.4,0.8,1.4,5,10,6.0,0.8,0.4,0.8,1.8,5,10,8.0,0.7044320516583504,0.17845611975344877,0.11711182858820077,2024/25|2025-05-11|Nott'm Forest|Leicester
2024/25,2025-05-11,Tottenham,Crystal Palace,0,2,A,test,0.4002836038254323,0.2480011071700897,0.3517152890044779,0.8,0.8,1.6,2.6,5,10,7.0,0.6,1.6,1.0,2.6,5,10,6.0,0.35938186319530413,0.26254841672323603,0.37806972008145995,2024/25|2025-05-11|Tottenham|Crystal Palace
2024/25,2025-05-16,Aston Villa,Tottenham,2,0,H,test,0.7774686344419589,0.1416302016529769,0.0809011639050642,2.4,2.4,2.0,0.6,5,10,6.0,0.2,0.5,1.0,2.8,5,10,5.0,0.730136005726557,0.15819613457408735,0.11166785969935578,2024/25|2025-05-16|Aston Villa|Tottenham
2024/25,2025-05-16,Chelsea,Man United,1,0,H,test,0.6265273985750013,0.2014606171132478,0.1720119843117508,2.0,2.0,1.6,1.2,5,10,5.0,0.2,0.9,1.0,2.4,5,10,5.0,0.6585879873551107,0.1896733403582719,0.15173867228661753,2024/25|2025-05-16|Chelsea|Man United
2024/25,2025-05-18,Arsenal,Newcastle,1,0,H,test,0.3417937797188313,0.238168921957445,0.4200372983237236,1.2,1.5,2.0,1.4,5,10,7.0,2.0,2.2,2.4,1.0,5,10,7.0,0.48684210526315796,0.256578947368421,0.256578947368421,2024/25|2025-05-18|Arsenal|Newcastle
2024/25,2025-05-18,Brentford,Fulham,2,3,A,test,0.561899293329316,0.2308582585401501,0.2072424481305339,2.6,1.8,2.4,1.2,5,10,8.0,0.6,1.2,0.8,1.6,5,10,8.0,0.4949762030671601,0.24241142252776307,0.2626123744050766,2024/25|2025-05-18|Brentford|Fulham
2024/25,2025-05-18,Everton,Southampton,2,0,H,test,0.5855245165527844,0.2309474995882418,0.1835279838589737,1.4,1.1,1.2,1.2,5,10,8.0,0.4,0.3,0.4,1.6,5,10,8.0,0.6750355281856939,0.19895783988630977,0.1260066319279962,2024/25|2025-05-18|Everton|Southampton
2024/25,2025-05-18,Leicester,Ipswich,2,0,H,test,0.5017539313642364,0.2494408730355411,0.2488051956002224,1.0,0.5,1.2,1.6,5,10,7.0,0.4,0.5,0.8,2.4,5,10,8.0,0.4111855061047657,0.26270185112248917,0.32611264277274515,2024/25|2025-05-18|Leicester|Ipswich
2024/25,2025-05-18,West Ham,Nott'm Forest,1,2,A,test,0.4197869033699328,0.2405345762833967,0.3396785203466703,1.0,1.0,1.4,1.4,5,10,7.0,1.0,1.5,1.0,1.4,5,10,7.0,0.34343434343434337,0.2861952861952861,0.37037037037037035,2024/25|2025-05-18|West Ham|Nott'm Forest
2024/25,2025-05-19,Brighton,Liverpool,3,2,H,test,0.3380618969906078,0.2490269371093922,0.4129111658999999,1.6,1.5,2.0,1.8,5,10,9.0,2.0,2.2,2.2,1.4,5,10,8.0,0.3630346735157562,0.25170404030425764,0.3852612861799862,2024/25|2025-05-19|Brighton|Liverpool
2024/25,2025-05-20,Crystal Palace,Wolves,4,2,H,test,0.3632652310864341,0.2423711712318011,0.3943635976817646,1.2,1.6,1.0,1.6,5,10,9.0,1.8,1.9,1.6,1.0,5,10,10.0,0.41929720071471116,0.2858844550327576,0.2948183442525313,2024/25|2025-05-20|Crystal Palace|Wolves
2024/25,2025-05-20,Man City,Bournemouth,3,1,H,test,0.6306214754254138,0.2119237886688385,0.1574547359057478,2.6,2.1,2.0,0.6,5,10,10.0,1.6,1.0,0.8,0.6,5,10,10.0,0.6144269091716742,0.21994496748639608,0.16562812334192958,2024/25|2025-05-20|Man City|Bournemouth
2024/25,2025-05-25,Bournemouth,Leicester,2,0,H,test,0.4721851805124839,0.2526984973160056,0.2751163221715104,1.0,1.0,0.8,1.2,5,10,5.0,1.4,0.8,1.2,1.2,5,10,7.0,0.7093184979137691,0.17969401947148816,0.1109874826147427,2024/25|2025-05-25|Bournemouth|Leicester
2024/25,2025-05-25,Fulham,Man City,0,2,A,test,0.3164268823580803,0.2624100685856334,0.4211630490562862,1.2,1.2,1.4,1.8,5,10,7.0,2.6,2.1,1.6,0.4,5,10,5.0,0.18812989921612544,0.22396416573348263,0.5879059350503919,2024/25|2025-05-25|Fulham|Man City
2024/25,2025-05-25,Ipswich,West Ham,1,3,A,test,0.3196312565154245,0.2875221637035596,0.3928465797810158,0.2,0.5,0.4,2.4,5,10,7.0,1.0,0.7,1.4,1.4,5,10,7.0,0.31714719271623676,0.2503793626707132,0.4324734446130501,2024/25|2025-05-25|Ipswich|West Ham
2024/25,2025-05-25,Liverpool,Crystal Palace,1,1,D,test,0.5107756682297915,0.2384997901022618,0.2507245416679466,1.4,1.9,2.2,1.8,5,10,6.0,1.8,1.6,1.8,1.0,5,10,5.0,0.6771344455348381,0.15799803729146222,0.1648675171736997,2024/25|2025-05-25|Liverpool|Crystal Palace
2024/25,2025-05-25,Man United,Aston Villa,2,0,H,test,0.2052374011865267,0.2235926205717527,0.5711699782417207,0.2,0.6,0.8,1.8,5,10,9.0,2.4,2.4,1.8,0.6,5,10,9.0,0.21843546363997918,0.22519656132407379,0.556367975035947,2024/25|2025-05-25|Man United|Aston Villa
2024/25,2025-05-25,Newcastle,Everton,0,1,A,test,0.592400234809809,0.2063186325616902,0.2012811326285007,1.4,2.2,1.4,1.2,5,10,7.0,1.4,1.3,1.4,1.2,5,10,7.0,0.7151598592626587,0.17293865687624294,0.11190148386109836,2024/25|2025-05-25|Newcastle|Everton
2024/25,2025-05-25,Nott'm Forest,Chelsea,0,1,A,test,0.4414617459107729,0.2381216400889113,0.3204166140003158,1.6,1.7,1.4,1.4,5,10,7.0,2.4,2.0,1.4,0.8,5,10,9.0,0.3160919540229885,0.25287356321839083,0.4310344827586207,2024/25|2025-05-25|Nott'm Forest|Chelsea
2024/25,2025-05-25,Southampton,Arsenal,1,2,A,test,0.1960648848388408,0.2360223248935515,0.5679127902676077,0.4,0.3,0.4,1.4,5,10,7.0,1.6,1.7,2.0,1.2,5,10,7.0,0.11166785969935578,0.15819613457408735,0.730136005726557,2024/25|2025-05-25|Southampton|Arsenal
2024/25,2025-05-25,Tottenham,Brighton,1,4,A,test,0.2666963077007212,0.2649797044545685,0.4683239878447101,0.2,0.5,0.6,2.4,5,10,9.0,2.0,1.5,2.2,1.8,5,10,6.0,0.22519656132407379,0.21843546363997918,0.556367975035947,2024/25|2025-05-25|Tottenham|Brighton
2024/25,2025-05-25,Wolves,Brentford,1,1,D,test,0.4707844826997935,0.2305802298195638,0.2986352874806427,1.2,1.9,1.2,1.4,5,10,5.0,2.4,1.7,2.6,1.6,5,10,7.0,0.3531359563693027,0.2576938059992208,0.3891702376314764,2024/25|2025-05-25|Wolves|Brentford
2025/26,2025-08-15,Liverpool,Bournemouth,4,2,H,test,0.5459151069604129,0.2032060821554685,0.2508788108841185,1.0,1.7,2.2,2.0,5,10,60.0,1.4,1.2,1.2,1.2,5,10,60.0,0.730136005726557,0.15819613457408735,0.11166785969935578,2025/26|2025-08-15|Liverpool|Bournemouth
2025/26,2025-08-16,Aston Villa,Newcastle,0,0,D,test,0.4069457627215316,0.1965775135078752,0.3964767237705931,1.8,2.4,1.0,0.8,5,10,60.0,1.4,1.9,1.2,0.6,5,10,60.0,0.4134419551934827,0.26578411405295316,0.3207739307535642,2025/26|2025-08-16|Aston Villa|Newcastle
2025/26,2025-08-16,Brighton,Fulham,1,1,D,test,0.5052634219905333,0.22069050451086,0.2740460734986065,2.6,1.5,2.6,1.2,5,10,60.0,1.2,1.2,1.2,1.8,5,10,60.0,0.49799419006778256,0.2642135841748513,0.23779222575736617,2025/26|2025-08-16|Brighton|Fulham
2025/26,2025-08-16,Sunderland,West Ham,3,0,H,test,0.2435233432479883,0.206076681608491,0.5503999751435207,,,,,0,0,,1.4,1.0,1.8,1.4,5,10,60.0,0.2940893801057184,0.2811148486304661,0.4247957712638154,2025/26|2025-08-16|Sunderland|West Ham
2025/26,2025-08-16,Tottenham,Burnley,3,0,H,test,0.2514630376813388,0.2657252956721659,0.4828116666464952,0.2,0.4,0.6,2.8,5,10,60.0,,,,,0,0,,0.6882884418683941,0.19996590521650184,0.11174565291510398,2025/26|2025-08-16|Tottenham|Burnley
2025/26,2025-08-16,Wolves,Man City,0,4,A,test,0.3484435279961858,0.1952558057429664,0.4563006662608478,0.8,1.9,1.2,1.6,5,10,60.0,2.6,2.4,1.6,0.4,5,10,60.0,0.1509175568337442,0.1985757326759792,0.6505067104902768,2025/26|2025-08-16|Wolves|Man City
2025/26,2025-08-17,Chelsea,Crystal Palace,0,0,D,test,0.3960030299136055,0.2219532712274788,0.3820436988589157,2.4,2.0,1.2,0.6,5,10,60.0,1.8,1.4,2.0,1.2,5,10,60.0,0.5766567227786064,0.21574685702109522,0.2075964202002983,2025/26|2025-08-17|Chelsea|Crystal Palace
2025/26,2025-08-17,Man United,Arsenal,0,1,A,test,0.252668241950557,0.2040264496055782,0.5433053084438648,0.8,0.8,1.2,1.6,5,10,60.0,1.6,1.9,1.6,1.4,5,10,60.0,0.25999999999999995,0.25999999999999995,0.48,2025/26|2025-08-17|Man United|Arsenal
2025/26,2025-08-17,Nott'm Forest,Brentford,3,1,H,test,0.3236657514002256,0.2070275380262542,0.4693067105735202,1.0,1.4,1.0,1.4,5,10,60.0,2.0,1.8,2.0,1.4,5,10,60.0,0.4356846473029045,0.2904564315352697,0.2738589211618257,2025/26|2025-08-17|Nott'm Forest|Brentford
2025/26,2025-08-18,Leeds,Everton,1,0,H,test,0.2059595569583899,0.1940849487141061,0.5999554943275038,,,,,0,0,,2.0,1.5,1.6,0.8,5,10,60.0,0.39768618944323936,0.28681610026512416,0.31549771029163654,2025/26|2025-08-18|Leeds|Everton
2025/26,2025-08-22,West Ham,Chelsea,1,5,A,test,0.3108130410202551,0.2534364671341526,0.4357504918455923,1.4,0.9,1.4,1.4,5,10,6.0,2.0,2.1,1.0,0.6,5,10,5.0,0.20017356089094587,0.25021695111368236,0.5496094879953717,2025/26|2025-08-22|West Ham|Chelsea
2025/26,2025-08-23,Arsenal,Leeds,5,0,H,test,0.3248535295897553,0.287538147965413,0.3876083224448317,2.0,1.9,1.4,1.0,5,10,6.0,3.0,3.0,1.0,0.0,1,1,5.0,0.7480079367578973,0.15199521274920477,0.09999685049289786,2025/26|2025-08-23|Arsenal|Leeds
2025/26,2025-08-23,Bournemouth,Wolves,1,0,H,test,0.4561673572413582,0.2266801305047239,0.3171525122539179,1.2,1.2,1.4,1.8,5,10,8.0,0.2,1.6,0.6,2.4,5,10,7.0,0.5256916996047432,0.24901185770750986,0.225296442687747,2025/26|2025-08-23|Bournemouth|Wolves
2025/26,2025-08-23,Brentford,Aston Villa,1,0,H,test,0.3916266332855463,0.2499459403864246,0.3584274263280291,1.4,1.5,1.8,2.0,5,10,6.0,2.0,2.2,0.8,0.4,5,10,7.0,0.30579150579150577,0.2633204633204633,0.43088803088803085,2025/26|2025-08-23|Brentford|Aston Villa
2025/26,2025-08-23,Burnley,Sunderland,2,0,H,test,0.0288799824203814,0.308726733960299,0.6623932836193196,0.0,0.0,0.0,3.0,1,1,7.0,3.0,3.0,3.0,0.0,1,1,7.0,0.4317656129529684,0.2968388589051658,0.27139552814186585,2025/26|2025-08-23|Burnley|Sunderland
2025/26,2025-08-23,Man City,Tottenham,0,2,A,test,0.7636038211792706,0.1477383973645257,0.0886577814562036,2.6,2.6,2.0,0.2,5,10,7.0,0.8,0.7,1.0,1.8,5,10,7.0,0.6386964914272737,0.2100601794027478,0.15124332916997843,2025/26|2025-08-23|Man City|Tottenham
2025/26,2025-08-24,Crystal Palace,Nott'm Forest,1,1,D,test,0.4581638832334805,0.2443245360051207,0.2975115807613988,1.8,1.4,1.6,0.8,5,10,7.0,1.6,1.4,1.6,1.2,5,10,7.0,0.4048278591214879,0.2882865057380293,0.3068856351404828,2025/26|2025-08-24|Crystal Palace|Nott'm Forest
2025/26,2025-08-24,Everton,Brighton,2,0,H,test,0.3995834504653419,0.2598650777904946,0.3405514717441634,2.0,1.4,1.6,0.8,5,10,6.0,2.2,1.5,2.2,1.0,5,10,8.0,0.30420841683366734,0.28577154308617236,0.41002004008016035,2025/26|2025-08-24|Everton|Brighton
2025/26,2025-08-24,Fulham,Man United,1,1,D,test,0.4890056664865826,0.2579064450919197,0.2530878884214975,0.8,1.0,1.0,1.8,5,10,8.0,0.6,0.5,1.0,1.6,5,10,7.0,0.2906808305166586,0.269917914051183,0.43940125543215836,2025/26|2025-08-24|Fulham|Man United
2025/26,2025-08-25,Newcastle,Liverpool,2,3,A,test,0.4423088163150075,0.2038087823243706,0.3538824013606219,1.0,1.7,0.6,0.6,5,10,9.0,1.0,1.7,2.0,2.2,5,10,10.0,0.290644529428225,0.24857755806361348,0.46077791250816164,2025/26|2025-08-25|Newcastle|Liverpool
2025/26,2025-08-30,Chelsea,Fulham,2,0,H,test,0.6282995756867557,0.1954006835479789,0.1762997407652652,2.0,2.1,1.4,0.6,5,10,8.0,1.0,1.1,1.2,1.8,5,10,6.0,0.6048853824355068,0.21652940941686735,0.17858520814762582,2025/26|2025-08-30|Chelsea|Fulham
2025/26,2025-08-30,Leeds,Newcastle,0,0,D,test,0.2349809747057701,0.3810218807777119,0.3839971445165179,1.5,1.5,0.5,2.5,2,2,7.0,0.8,1.4,0.8,1.0,5,10,5.0,0.27055702917771884,0.2785145888594165,0.4509283819628648,2025/26|2025-08-30|Leeds|Newcastle
2025/26,2025-08-30,Man United,Burnley,3,2,H,test,0.381889206822209,0.2950284338370468,0.3230823593407442,0.8,0.6,0.6,1.0,5,10,6.0,1.5,1.5,1.0,1.5,2,2,7.0,0.7044320516583504,0.17845611975344877,0.11711182858820077,2025/26|2025-08-30|Man United|Burnley
2025/26,2025-08-30,Sunderland,Brentford,2,1,H,test,0.3898256861060196,0.3142192861005634,0.2959550277934169,1.5,1.5,1.5,1.0,2,2,7.0,1.4,1.8,1.2,1.4,5,10,7.0,0.31654676258992803,0.2877697841726619,0.3956834532374101,2025/26|2025-08-30|Sunderland|Brentford
2025/26,2025-08-30,Tottenham,Bournemouth,0,1,A,test,0.385607251936464,0.2518080076325483,0.3625847404309876,1.2,1.0,1.2,1.6,5,10,7.0,1.2,1.5,1.2,1.6,5,10,7.0,0.5483028720626633,0.2258485639686684,0.2258485639686684,2025/26|2025-08-30|Tottenham|Bournemouth
2025/26,2025-08-30,Wolves,Everton,2,3,A,test,0.3388138654744581,0.2629108194803835,0.3982753150451583,0.2,1.3,0.6,2.4,5,10,7.0,2.4,1.7,1.6,0.4,5,10,6.0,0.3539111200482606,0.2986125075407199,0.34747637241101953,2025/26|2025-08-30|Wolves|Everton
2025/26,2025-08-31,Aston Villa,Crystal Palace,0,3,A,test,0.5020119971074403,0.2303819510343301,0.2676060518582295,1.4,1.9,0.6,0.6,5,10,8.0,1.8,1.2,1.6,0.8,5,10,7.0,0.5095541401273885,0.25477707006369427,0.2356687898089172,2025/26|2025-08-31|Aston Villa|Crystal Palace
2025/26,2025-08-31,Brighton,Man City,2,1,H,test,0.309949883820078,0.2485424688704769,0.441507647309445,2.0,1.5,2.0,1.2,5,10,7.0,2.0,2.3,1.8,0.6,5,10,8.0,0.25161290322580643,0.2451612903225807,0.5032258064516129,2025/26|2025-08-31|Brighton|Man City
2025/26,2025-08-31,Liverpool,Arsenal,1,0,H,test,0.4191202665722494,0.2632993418228025,0.317580391604948,1.6,1.7,2.4,2.0,5,10,6.0,2.6,1.9,2.2,0.6,5,10,8.0,0.4317656129529684,0.27139552814186585,0.2968388589051658,2025/26|2025-08-31|Liverpool|Arsenal
2025/26,2025-08-31,Nott'm Forest,West Ham,0,3,A,test,0.5596762699384469,0.226539328153204,0.213784401908349,1.6,1.2,1.6,1.2,5,10,7.0,1.2,0.9,1.4,2.2,5,10,9.0,0.5670771224886585,0.2525383452149492,0.1803845322963923,2025/26|2025-08-31|Nott'm Forest|West Ham
2025/26,2025-09-13,Arsenal,Nott'm Forest,3,0,H,test,0.5811276645723692,0.2131990362723743,0.2056732991552565,2.4,1.8,1.8,0.4,5,10,13.0,1.4,1.2,1.2,1.4,5,10,13.0,0.6903693476009666,0.19054193993786675,0.11908871246116672,2025/26|2025-09-13|Arsenal|Nott'm Forest
2025/26,2025-09-13,Bournemouth,Brighton,2,1,H,test,0.3946290558569812,0.2469861504539915,0.3583847936890272,1.8,1.7,1.4,1.4,5,10,14.0,2.0,1.8,2.0,1.4,5,10,13.0,0.40293767368003175,0.2705438666137356,0.3265184597062326,2025/26|2025-09-13|Bournemouth|Brighton
2025/26,2025-09-13,Brentford,Chelsea,2,2,D,test,0.3346792643586931,0.236773934849211,0.4285468007920959,0.8,1.7,1.2,1.8,5,10,14.0,2.6,2.3,1.8,0.2,5,10,14.0,0.21030484383766596,0.24265943519730693,0.5470357209650272,2025/26|2025-09-13|Brentford|Chelsea
2025/26,2025-09-13,Crystal Palace,Sunderland,0,0,D,test,0.4514039045814793,0.2769212061698995,0.2716748892486211,1.8,1.5,1.8,0.8,5,10,13.0,2.0,2.0,1.6666666666666667,1.0,3,3,14.0,0.5790533736153071,0.2547834843907351,0.16616314199395768,2025/26|2025-09-13|Crystal Palace|Sunderland
2025/26,2025-09-13,Everton,Aston Villa,0,0,D,test,0.5295138005908809,0.2155695112602167,0.2549166881489023,2.4,1.9,1.6,0.6,5,10,14.0,0.8,1.6,0.4,1.2,5,10,13.0,0.3865105008077544,0.28695476575121165,0.32653473344103395,2025/26|2025-09-13|Everton|Aston Villa
2025/26,2025-09-13,Fulham,Leeds,1,0,H,test,0.5115056252689103,0.2737827519751927,0.2147116227558968,1.0,0.8,1.0,1.6,5,10,14.0,1.3333333333333333,1.3333333333333333,0.3333333333333333,1.6666666666666667,3,3,14.0,0.4942630185348632,0.26972639011473964,0.23601059135039718,2025/26|2025-09-13|Fulham|Leeds
2025/26,2025-09-13,Newcastle,Wolves,1,0,H,test,0.53548670246643,0.1970905660833679,0.267422731450202,0.4,1.2,0.4,1.0,5,10,14.0,0.2,1.0,1.0,2.6,5,10,14.0,0.6658656253129068,0.1990587764093321,0.13507559827776108,2025/26|2025-09-13|Newcastle|Wolves
2025/26,2025-09-13,West Ham,Tottenham,0,3,A,test,0.4806203613438335,0.2680948389212177,0.2512847997349487,1.2,1.1,1.6,2.2,5,10,13.0,1.2,0.7,1.2,1.4,5,10,14.0,0.28062360801781744,0.26503340757238314,0.4543429844097996,2025/26|2025-09-13|West Ham|Tottenham
2025/26,2025-09-14,Burnley,Liverpool,0,1,A,test,0.2116858642974498,0.2970524767693115,0.4912616589332387,1.0,1.0,1.3333333333333333,2.0,3,3,15.0,2.0,2.0,2.2,1.6,5,10,14.0,0.11806956662093454,0.17173755144863206,0.7101928819304333,2025/26|2025-09-14|Burnley|Liverpool
2025/26,2025-09-14,Man City,Man United,3,0,H,test,0.678615417950268,0.1874641351734635,0.1339204468762683,1.8,2.2,2.0,1.0,5,10,14.0,1.4,0.8,1.2,1.0,5,10,15.0,0.5393258426966292,0.23595505617977527,0.2247191011235955,2025/26|2025-09-14|Man City|Man United
2025/26,2025-09-20,Brighton,Tottenham,2,2,D,test,0.5301014663629868,0.2433809750995886,0.2265175585374245,1.4,1.7,1.6,1.4,5,10,7.0,1.8,1.0,1.8,1.0,5,10,7.0,0.4240687679083095,0.25787965616045844,0.3180515759312321,2025/26|2025-09-20|Brighton|Tottenham
2025/26,2025-09-20,Burnley,Nott'm Forest,1,1,D,test,0.3196620346131919,0.2796329089269392,0.4007050564598687,0.75,0.75,1.0,1.75,4,4,6.0,0.8,1.2,0.8,1.8,5,10,7.0,0.2796610169491525,0.288135593220339,0.43220338983050843,2025/26|2025-09-20|Burnley|Nott'm Forest
2025/26,2025-09-20,Fulham,Brentford,3,1,H,test,0.3450066001770859,0.2338641824716154,0.4211292173512987,1.0,1.1,0.6,1.2,5,10,7.0,1.0,1.7,1.2,1.6,5,10,7.0,0.47291361639824303,0.2781844802342606,0.24890190336749632,2025/26|2025-09-20|Fulham|Brentford
2025/26,2025-09-20,Liverpool,Everton,2,1,H,test,0.4976068521015556,0.245256558641867,0.2571365892565773,2.6,2.0,2.0,1.0,5,10,6.0,2.0,1.7,1.2,0.6,5,10,7.0,0.6543046357615894,0.1997350993377483,0.14596026490066225,2025/26|2025-09-20|Liverpool|Everton
2025/26,2025-09-20,Man United,Chelsea,2,1,H,test,0.1896908471920785,0.2392816822504912,0.5710274705574302,1.4,0.8,1.2,1.4,5,10,6.0,2.2,2.3,2.0,0.6,5,10,7.0,0.3642410015649452,0.2492175273865415,0.3865414710485133,2025/26|2025-09-20|Man United|Chelsea
2025/26,2025-09-20,West Ham,Crystal Palace,1,2,A,test,0.2952656234343821,0.2831861162853245,0.4215482602802935,1.2,1.1,1.4,2.4,5,10,7.0,1.4,1.6,1.0,0.4,5,10,7.0,0.32971295577967413,0.27130666075584614,0.39898038346447967,2025/26|2025-09-20|West Ham|Crystal Palace
2025/26,2025-09-20,Wolves,Leeds,1,3,A,test,0.5502563345708735,0.26691522686113,0.1828284385679964,0.2,0.7,0.6,2.0,5,10,7.0,1.0,1.0,0.25,1.5,4,4,7.0,0.3539111200482606,0.2986125075407199,0.34747637241101953,2025/26|2025-09-20|Wolves|Leeds
2025/26,2025-09-21,Arsenal,Man City,1,1,D,test,0.4124609069529411,0.2313489646100768,0.3561901284369821,2.4,2.0,2.2,0.4,5,10,8.0,1.8,2.2,2.0,0.8,5,10,7.0,0.509891622226045,0.2418716669533804,0.24823671082057458,2025/26|2025-09-21|Arsenal|Man City
2025/26,2025-09-21,Bournemouth,Newcastle,0,0,D,test,0.490518437251127,0.2518109869395446,0.2576705758093283,2.4,1.7,1.6,1.0,5,10,8.0,1.0,1.2,0.6,0.8,5,10,8.0,0.3787575150300601,0.2705410821643286,0.3507014028056112,2025/26|2025-09-21|Bournemouth|Newcastle
2025/26,2025-09-21,Sunderland,Aston Villa,1,1,D,test,0.4504342032258058,0.2478986326832535,0.3016671640909406,1.75,1.75,1.25,0.75,4,4,8.0,0.4,1.4,0.0,1.2,5,10,8.0,0.2785145888594165,0.27055702917771884,0.4509283819628648,2025/26|2025-09-21|Sunderland|Aston Villa
2025/26,2025-09-27,Brentford,Man United,3,1,H,test,0.527563452730766,0.2349861315159976,0.2374504157532365,0.8,1.4,1.2,2.0,5,10,7.0,1.4,1.1,1.2,1.6,5,10,7.0,0.2781844802342606,0.24890190336749632,0.47291361639824303,2025/26|2025-09-27|Brentford|Man United
2025/26,2025-09-27,Chelsea,Brighton,1,3,A,test,0.5681974498275226,0.197614831254004,0.2341877189184733,1.6,2.0,2.0,1.0,5,10,7.0,1.0,1.8,1.2,1.6,5,10,7.0,0.5066666666666666,0.24666666666666667,0.24666666666666667,2025/26|2025-09-27|Chelsea|Brighton
2025/26,2025-09-27,Crystal Palace,Liverpool,2,1,H,test,0.4698753643109092,0.2238610409295168,0.306263594759574,1.8,1.8,1.2,0.4,5,10,7.0,3.0,2.0,2.2,1.0,5,10,7.0,0.25,0.25,0.5,2025/26|2025-09-27|Crystal Palace|Liverpool
2025/26,2025-09-27,Leeds,Bournemouth,2,2,D,test,0.2800224838210047,0.2488193304976247,0.4711581856813706,1.4,1.4,0.8,1.4,5,5,7.0,2.0,1.7,1.2,1.0,5,10,6.0,0.30709067810068286,0.2929172621883437,0.39999205971097346,2025/26|2025-09-27|Leeds|Bournemouth
2025/26,2025-09-27,Man City,Burnley,5,1,H,test,0.7599264233079992,0.1695300805249381,0.0705434961670627,1.4,2.0,1.8,1.0,5,10,6.0,0.8,0.8,1.0,1.6,5,5,7.0,0.8103727714748785,0.12641815235008103,0.06320907617504051,2025/26|2025-09-27|Man City|Burnley
2025/26,2025-09-27,Nott'm Forest,Sunderland,0,1,A,test,0.4285188047585994,0.3061954937986885,0.2652857014427121,1.0,1.0,1.0,1.8,5,10,7.0,1.6,1.6,1.2,0.8,5,5,6.0,0.5389221556886228,0.251497005988024,0.20958083832335334,2025/26|2025-09-27|Nott'm Forest|Sunderland
2025/26,2025-09-27,Tottenham,Wolves,1,1,D,test,0.6455372958784724,0.201810325744659,0.1526523783768685,2.0,1.1,2.0,0.6,5,10,7.0,0.0,0.4,0.6,2.4,5,10,7.0,0.631578947368421,0.21052631578947367,0.15789473684210525,2025/26|2025-09-27|Tottenham|Wolves
2025/26,2025-09-28,Aston Villa,Fulham,3,1,H,test,0.4114295419422087,0.2333888319488419,0.3551816261089492,0.6,1.2,0.2,1.0,5,10,7.0,1.6,1.4,1.2,1.0,5,10,8.0,0.41349548842683403,0.3067869752844252,0.27971753628874063,2025/26|2025-09-28|Aston Villa|Fulham
2025/26,2025-09-28,Newcastle,Arsenal,1,2,A,test,0.286297149051596,0.2417785449944728,0.4719243059539312,1.2,1.3,0.6,0.6,5,10,7.0,2.0,1.8,2.0,0.4,5,10,7.0,0.26503340757238314,0.28062360801781744,0.4543429844097996,2025/26|2025-09-28|Newcastle|Arsenal
2025/26,2025-09-29,Everton,West Ham,1,1,D,test,0.6411452003186076,0.1844908609653359,0.1743639387160565,1.4,1.7,1.2,1.0,5,10,9.0,0.6,1.0,1.0,2.6,5,10,9.0,0.5576208178438662,0.2527881040892193,0.1895910780669145,2025/26|2025-09-29|Everton|West Ham
2025/26,2025-10-03,Bournemouth,Fulham,3,1,H,test,0.5346181577302536,0.2336909140144526,0.2316909282552938,2.2,1.7,1.2,0.6,5,10,6.0,1.4,1.1,1.2,1.4,5,10,5.0,0.48611111111111116,0.2708333333333333,0.24305555555555558,2025/26|2025-10-03|Bournemouth|Fulham
2025/26,2025-10-04,Arsenal,West Ham,2,0,H,test,0.6955228329179811,0.1701784162500498,0.1342987508319691,2.0,2.0,2.2,0.6,5,10,6.0,0.8,1.1,1.2,2.2,5,10,5.0,0.7993923171525718,0.1451204514215438,0.05548723142588439,2025/26|2025-10-04|Arsenal|West Ham
2025/26,2025-10-04,Chelsea,Liverpool,2,1,H,test,0.5521494808829601,0.2243514523005226,0.2234990668165173,1.4,1.7,2.2,1.6,5,10,7.0,2.4,1.7,1.6,1.0,5,10,7.0,0.3373753178173283,0.2519069039702718,0.41071777821239974,2025/26|2025-10-04|Chelsea|Liverpool
2025/26,2025-10-04,Leeds,Tottenham,1,2,A,test,0.2919995977095675,0.2696829505454824,0.43831745174495,1.0,1.3333333333333333,1.0,1.8,5,6,7.0,1.6,1.2,1.6,0.8,5,10,7.0,0.3507014028056112,0.2705410821643286,0.3787575150300601,2025/26|2025-10-04|Leeds|Tottenham
2025/26,2025-10-04,Man United,Sunderland,2,0,H,test,0.4110356848585788,0.3012135888311663,0.2877507263102549,1.4,1.0,1.4,2.0,5,10,7.0,1.6,1.8333333333333333,0.8,0.8,5,6,7.0,0.6342525399129173,0.20029027576197386,0.16545718432510886,2025/26|2025-10-04|Man United|Sunderland
2025/26,2025-10-05,Aston Villa,Burnley,2,1,H,test,0.6569712936015187,0.2154055080455572,0.1276231983529241,1.0,1.5,0.8,1.2,5,10,7.0,0.8,0.6666666666666666,1.2,2.0,5,6,8.0,0.5958549222797929,0.2383419689119171,0.16580310880829016,2025/26|2025-10-05|Aston Villa|Burnley
2025/26,2025-10-05,Brentford,Man City,0,1,A,test,0.2995040490740976,0.2468145702311899,0.4536813806947123,1.4,1.4,1.6,1.6,5,10,8.0,1.4,2.0,2.0,1.2,5,10,8.0,0.2004950495049505,0.21163366336633663,0.5878712871287128,2025/26|2025-10-05|Brentford|Man City
2025/26,2025-10-05,Everton,Crystal Palace,2,1,H,test,0.4275248942389844,0.2340873890540541,0.3383877167069615,1.6,1.8,1.4,1.0,5,10,6.0,2.2,2.0,1.6,0.6,5,10,8.0,0.38902743142144636,0.2932668329177058,0.31770573566084787,2025/26|2025-10-05|Everton|Crystal Palace
2025/26,2025-10-05,Newcastle,Nott'm Forest,2,0,H,test,0.5103372636997189,0.2225104404216482,0.2671522958786329,1.0,1.0,0.8,1.0,5,10,7.0,0.4,1.0,0.4,1.8,5,10,8.0,0.6026768243366641,0.22528633671632445,0.1720368389470114,2025/26|2025-10-05|Newcastle|Nott'm Forest
2025/26,2025-10-05,Wolves,Brighton,1,1,D,test,0.2376686838718743,0.2366274442461255,0.5257038718820002,0.2,0.2,0.8,1.8,5,10,8.0,1.4,1.8,1.6,1.6,5,10,8.0,0.26504297994269344,0.2578796561604584,0.47707736389684813,2025/26|2025-10-05|Wolves|Brighton
2025/26,2025-10-18,Brighton,Newcastle,2,1,H,test,0.5536002250557355,0.2317716836431755,0.214628091301089,1.6,1.8,1.8,1.4,5,10,13.0,1.6,1.2,0.8,0.4,5,10,13.0,0.3590576766856215,0.27774167343623074,0.3632006498781478,2025/26|2025-10-18|Brighton|Newcastle
2025/26,2025-10-18,Burnley,Leeds,2,0,H,test,0.3161662640706857,0.2972644810680952,0.386569254861219,0.2,0.5714285714285714,1.0,2.4,5,7,13.0,1.0,1.1428571428571428,1.2,1.2,5,7,14.0,0.2903225806451613,0.2903225806451613,0.4193548387096774,2025/26|2025-10-18|Burnley|Leeds
2025/26,2025-10-18,Crystal Palace,Bournemouth,3,3,D,test,0.4937163958821545,0.2282954225933938,0.2779881815244517,2.0,1.9,1.6,0.8,5,10,13.0,2.2,1.7,1.6,0.8,5,10,15.0,0.43029595015576316,0.27842679127725856,0.29127725856697817,2025/26|2025-10-18|Crystal Palace|Bournemouth
2025/26,2025-10-18,Fulham,Arsenal,0,1,A,test,0.2272266320036749,0.2392876616120581,0.533485706384267,1.2,1.1,1.2,1.8,5,10,15.0,2.0,2.3,1.6,0.6,5,10,14.0,0.16360944841346464,0.2294522752140053,0.6069382763725301,2025/26|2025-10-18|Fulham|Arsenal
2025/26,2025-10-18,Man City,Everton,2,0,H,test,0.5276925163757571,0.2078408827530363,0.2644666008712066,2.0,2.0,2.2,0.8,5,10,13.0,1.6,2.0,1.4,1.2,5,10,13.0,0.6756756756756757,0.1891891891891892,0.13513513513513511,2025/26|2025-10-18|Man City|Everton
2025/26,2025-10-18,Nott'm Forest,Chelsea,0,3,A,test,0.2812226883612748,0.2341529107998881,0.4846244008388371,0.2,0.9,0.2,2.0,5,10,13.0,1.4,1.7,1.6,1.6,5,10,14.0,0.25832316541746553,0.25152518738016383,0.49015164720237064,2025/26|2025-10-18|Nott'm Forest|Chelsea
2025/26,2025-10-18,Sunderland,Wolves,2,0,H,test,0.508461023686864,0.2398030867369501,0.2517358895761858,1.6,1.5714285714285714,0.8,0.8,5,7,14.0,0.4,0.3,1.0,1.8,5,10,13.0,0.3788187372708758,0.3156822810590631,0.3054989816700611,2025/26|2025-10-18|Sunderland|Wolves
2025/26,2025-10-19,Liverpool,Man United,1,2,A,test,0.5329211710100247,0.2223370838157862,0.244741745174189,1.8,1.7,1.2,1.0,5,10,15.0,1.8,1.3,1.6,1.8,5,10,15.0,0.5968169761273209,0.21220159151193632,0.19098143236074272,2025/26|2025-10-19|Liverpool|Man United
2025/26,2025-10-19,Tottenham,Aston Villa,1,2,A,test,0.482982037229322,0.2314245607184489,0.285593402052229,1.6,1.4,1.6,1.0,5,10,15.0,1.6,1.5,1.2,1.2,5,10,14.0,0.4605263157894737,0.2697368421052631,0.2697368421052631,2025/26|2025-10-19|Tottenham|Aston Villa
2025/26,2025-10-20,West Ham,Brentford,0,2,A,test,0.4048941491011884,0.2461596547178408,0.3489461961809707,0.8,1.0,1.0,1.6,5,10,16.0,0.8,1.1,1.4,1.8,5,10,15.0,0.3791776382418473,0.29167510633988253,0.32914725541827017,2025/26|2025-10-20|West Ham|Brentford
2025/26,2025-10-24,Leeds,West Ham,2,1,H,test,0.5118742983805316,0.235678469558646,0.2524472320608223,0.8,1.0,1.2,1.6,5,8,6.0,0.2,0.7,0.4,2.0,5,10,4.0,0.5281969817315331,0.27164416203335984,0.20015885623510724,2025/26|2025-10-24|Leeds|West Ham
2025/26,2025-10-25,Brentford,Liverpool,3,2,H,test,0.4058518752563402,0.2478500784442477,0.346298046299412,1.4,1.1,1.6,1.4,5,10,5.0,1.2,1.6,1.2,1.4,5,10,6.0,0.23153252480705624,0.22601984564498345,0.5424476295479603,2025/26|2025-10-25|Brentford|Liverpool
2025/26,2025-10-25,Chelsea,Sunderland,1,2,A,test,0.5819269123712495,0.2253486188248925,0.1927244688038579,1.4,2.0,1.8,1.6,5,10,7.0,1.6,1.75,0.8,0.6,5,8,7.0,0.6956875508543532,0.19918633034987795,0.10512611879576893,2025/26|2025-10-25|Chelsea|Sunderland
2025/26,2025-10-25,Man United,Brighton,4,2,H,test,0.3635402373932385,0.2554768074606333,0.3809829551461282,1.8,1.6,1.4,1.6,5,10,6.0,1.6,1.8,1.8,1.4,5,10,7.0,0.483021608861449,0.24786635191574355,0.2691120392228073,2025/26|2025-10-25|Man United|Brighton
2025/26,2025-10-25,Newcastle,Fulham,2,1,H,test,0.441625692249476,0.2464115946235148,0.311962713127009,1.4,0.9,1.0,0.8,5,10,7.0,1.2,1.1,1.2,1.6,5,10,7.0,0.5848192376901684,0.24292491411745462,0.17225584819237688,2025/26|2025-10-25|Newcastle|Fulham
2025/26,2025-10-26,Arsenal,Crystal Palace,1,0,H,test,0.589121258679015,0.2006931765756759,0.210185564745309,2.6,2.5,1.8,0.4,5,10,8.0,1.6,1.7,1.6,1.4,5,10,8.0,0.6750355281856939,0.19895783988630977,0.1260066319279962,2025/26|2025-10-26|Arsenal|Crystal Palace
2025/26,2025-10-26,Aston Villa,Man City,1,0,H,test,0.2721658026396579,0.2547131571604157,0.4731210401999264,2.2,1.5,1.6,0.8,5,10,7.0,2.6,2.2,2.4,0.4,5,10,8.0,0.22002058672156458,0.2507076685537828,0.5292717447246527,2025/26|2025-10-26|Aston Villa|Man City
2025/26,2025-10-26,Bournemouth,Nott'm Forest,2,0,H,test,0.6862513638844325,0.1827882786832086,0.1309603574323588,1.8,1.8,2.0,1.4,5,10,8.0,0.2,0.8,0.2,2.0,5,10,8.0,0.5292717447246527,0.2507076685537828,0.22002058672156458,2025/26|2025-10-26|Bournemouth|Nott'm Forest
2025/26,2025-10-26,Everton,Tottenham,0,3,A,test,0.4498379095697651,0.2359640352640076,0.3141980551662273,1.0,1.7,0.8,1.2,5,10,8.0,1.6,1.4,1.8,1.2,5,10,7.0,0.4041204437400951,0.2793185419968304,0.3165610142630745,2025/26|2025-10-26|Everton|Tottenham
2025/26,2025-10-26,Wolves,Burnley,2,3,A,test,0.4178545776804367,0.2746408047852426,0.3075046175343205,0.4,0.3,0.6,1.6,5,10,8.0,0.8,0.875,1.0,1.8,5,8,8.0,0.48657187993680884,0.287519747235387,0.22590837282780407,2025/26|2025-10-26|Wolves|Burnley
2025/26,2025-11-01,Brighton,Leeds,3,0,H,test,0.523599141497188,0.2513129274979847,0.2250879310048272,1.6,1.5,2.0,1.8,5,10,7.0,1.4,1.2222222222222223,1.6,1.6,5,9,8.0,0.5112910097997443,0.25223689816787387,0.23647209203238176,2025/26|2025-11-01|Brighton|Leeds
2025/26,2025-11-01,Burnley,Arsenal,0,2,A,test,0.2464080752031857,0.251852177133494,0.5017397476633203,1.4,1.1111111111111112,1.6,2.0,5,9,6.0,2.6,2.5,1.4,0.4,5,10,6.0,0.09487051792828687,0.15811752988047809,0.7470119521912351,2025/26|2025-11-01|Burnley|Arsenal
2025/26,2025-11-01,Crystal Palace,Brentford,2,0,H,test,0.4532356059200836,0.2518724275000691,0.2948919665798473,1.4,1.4,1.6,1.6,5,10,6.0,1.8,1.4,1.8,1.4,5,10,7.0,0.4949762030671602,0.2626123744050767,0.24241142252776313,2025/26|2025-11-01|Crystal Palace|Brentford
2025/26,2025-11-01,Fulham,Wolves,3,0,H,test,0.5231833780726888,0.2527068853585248,0.2241097365687865,0.6,0.8,1.2,2.0,5,10,7.0,0.4,0.3,1.0,2.0,5,10,6.0,0.5182625863770978,0.27097729516288255,0.21076011846001974,2025/26|2025-11-01|Fulham|Wolves
2025/26,2025-11-01,Liverpool,Aston Villa,2,0,H,test,0.5078479885962662,0.2389284732325981,0.2532235381711357,0.6,1.6,1.4,2.0,5,10,7.0,2.6,1.5,1.8,0.8,5,10,6.0,0.5721710787120646,0.2180328590935119,0.20979606219442365,2025/26|2025-11-01|Liverpool|Aston Villa
2025/26,2025-11-01,Nott'm Forest,Man United,2,2,D,test,0.227862279817829,0.238441645063418,0.5336960751187529,0.2,0.5,0.2,1.8,5,10,6.0,2.4,1.9,2.2,1.4,5,10,7.0,0.28655297735532564,0.2521666200726866,0.4612804025719877,2025/26|2025-11-01|Nott'm Forest|Man United
2025/26,2025-11-01,Tottenham,Chelsea,0,1,A,test,0.4764894462775065,0.2269331891923931,0.2965773645301003,1.6,1.7,1.8,1.2,5,10,6.0,1.2,1.7,1.6,1.6,5,10,7.0,0.3507014028056112,0.2705410821643286,0.3787575150300601,2025/26|2025-11-01|Tottenham|Chelsea
2025/26,2025-11-02,Man City,Bournemouth,3,1,H,test,0.4307475747272344,0.225017097017235,0.3442353282555306,2.0,1.9,1.8,0.6,5,10,7.0,1.8,2.1,2.0,1.2,5,10,7.0,0.6342525399129173,0.20029027576197386,0.16545718432510886,2025/26|2025-11-02|Man City|Bournemouth
2025/26,2025-11-02,West Ham,Newcastle,3,1,H,test,0.3562001543700903,0.2583614638619103,0.3854383817679992,0.2,0.7,0.6,1.8,5,10,9.0,1.4,1.2,1.2,1.0,5,10,8.0,0.18007503126302626,0.236348478532722,0.5835764902042518,2025/26|2025-11-02|West Ham|Newcastle
2025/26,2025-11-03,Sunderland,Everton,1,1,D,test,0.5276618261491817,0.2157123561725626,0.2566258176782556,2.0,1.8888888888888888,1.2,0.8,5,9,9.0,0.8,1.4,0.8,1.8,5,10,8.0,0.3516483516483516,0.2967032967032967,0.3516483516483516,2025/26|2025-11-03|Sunderland|Everton
2025/26,2025-11-08,Chelsea,Wolves,3,0,H,test,0.677288308994087,0.1980136578496225,0.1246980331562905,1.8,1.7,1.6,1.2,5,10,7.0,0.4,0.2,0.8,2.0,5,10,7.0,0.6914119359534208,0.19796215429403205,0.11062590975254732,2025/26|2025-11-08|Chelsea|Wolves
2025/26,2025-11-08,Everton,Fulham,2,0,H,test,0.4208027346186465,0.248042037658357,0.3311552277229964,1.0,1.2,0.8,1.6,5,10,5.0,0.6,1.1,1.2,1.8,5,10,7.0,0.43220338983050843,0.288135593220339,0.2796610169491525,2025/26|2025-11-08|Everton|Fulham
2025/26,2025-11-08,Sunderland,Arsenal,2,2,D,test,0.3573333422058832,0.2374924455817249,0.4051742122123918,2.0,1.8,1.2,0.8,5,10,5.0,3.0,2.5,1.6,0.2,5,10,7.0,0.12602739726027393,0.18904109589041093,0.684931506849315,2025/26|2025-11-08|Sunderland|Arsenal
2025/26,2025-11-08,Tottenham,Man United,2,2,D,test,0.4720604201048167,0.2265218507981015,0.3014177290970816,1.4,1.7,1.4,1.0,5,10,7.0,2.0,1.7,2.2,1.6,5,10,7.0,0.35938186319530413,0.26254841672323603,0.37806972008145995,2025/26|2025-11-08|Tottenham|Man United
2025/26,2025-11-08,West Ham,Burnley,3,2,H,test,0.4528535391338994,0.2476936368360768,0.2994528240300237,0.8,0.7,1.0,1.6,5,10,6.0,1.2,1.0,1.4,2.2,5,10,7.0,0.4942630185348632,0.26972639011473964,0.23601059135039718,2025/26|2025-11-08|West Ham|Burnley
2025/26,2025-11-09,Aston Villa,Bournemouth,4,0,H,test,0.3443244719887919,0.2561683282507998,0.3995071997604082,2.4,1.5,1.6,1.0,5,10,8.0,1.6,1.8,2.2,1.8,5,10,7.0,0.43029595015576316,0.27842679127725856,0.29127725856697817,2025/26|2025-11-09|Aston Villa|Bournemouth
2025/26,2025-11-09,Brentford,Newcastle,3,1,H,test,0.4631183706581287,0.2515965780522256,0.2852850512896455,1.8,1.3,1.6,1.2,5,10,8.0,1.2,1.2,1.4,1.6,5,10,7.0,0.33980582524271846,0.27184466019417475,0.3883495145631068,2025/26|2025-11-09|Brentford|Newcastle
2025/26,2025-11-09,Crystal Palace,Brighton,0,0,D,test,0.4558680443293882,0.2447460727304894,0.2993858829401224,1.4,1.6,1.6,1.4,5,10,8.0,2.0,1.5,2.2,1.4,5,10,8.0,0.42217898832684825,0.2714007782101167,0.306420233463035,2025/26|2025-11-09|Crystal Palace|Brighton
2025/26,2025-11-09,Man City,Liverpool,3,0,H,test,0.4910179584513814,0.2175620154424291,0.2914200261061894,2.4,1.9,2.2,0.6,5,10,7.0,0.6,1.8,1.4,1.8,5,10,8.0,0.49982680983720124,0.24350536889504681,0.25666782126775195,2025/26|2025-11-09|Man City|Liverpool
2025/26,2025-11-09,Nott'm Forest,Leeds,3,1,H,test,0.3808580472945873,0.249557659729285,0.3695842929761276,0.2,0.6,0.4,2.0,5,10,8.0,0.8,1.1,1.0,2.0,5,10,8.0,0.4212076583210604,0.2916053019145803,0.2871870397643594,2025/26|2025-11-09|Nott'm Forest|Leeds
2025/26,2025-11-22,Bournemouth,West Ham,2,2,D,test,0.5671921040137425,0.2299038102503047,0.2029040857359526,1.4,1.8,1.8,2.2,5,10,13.0,1.2,1.0,1.4,1.8,5,10,14.0,0.579116955499434,0.22337368283549597,0.1975093616650701,2025/26|2025-11-22|Bournemouth|West Ham
2025/26,2025-11-22,Brighton,Brentford,2,1,H,test,0.448230072265466,0.2397771060720989,0.311992821662435,1.6,1.5,1.6,1.2,5,10,13.0,1.8,1.6,1.6,1.2,5,10,13.0,0.49799419006778256,0.2642135841748513,0.23779222575736617,2025/26|2025-11-22|Brighton|Brentford
2025/26,2025-11-22,Burnley,Chelsea,0,2,A,test,0.284142313308003,0.2626321948097285,0.4532254918822686,1.2,1.0,1.6,1.8,5,10,14.0,2.4,1.9,2.0,0.6,5,10,14.0,0.15124332916997843,0.2100601794027478,0.6386964914272737,2025/26|2025-11-22|Burnley|Chelsea
2025/26,2025-11-22,Fulham,Sunderland,1,0,H,test,0.3730789142240802,0.2399805347467484,0.3869405510291713,0.6,1.0,1.0,1.6,5,10,14.0,1.6,1.6,1.4,1.2,5,10,14.0,0.4532775453277545,0.2928870292887029,0.25383542538354253,2025/26|2025-11-22|Fulham|Sunderland
2025/26,2025-11-22,Liverpool,Nott'm Forest,0,3,A,test,0.6218994820651422,0.2063019608283053,0.1717985571065524,0.6,1.5,1.2,2.0,5,10,13.0,0.8,0.6,1.0,2.0,5,10,13.0,0.6585879873551107,0.1896733403582719,0.15173867228661753,2025/26|2025-11-22|Liverpool|Nott'm Forest
2025/26,2025-11-22,Newcastle,Man City,2,1,H,test,0.287022100407216,0.2635568716876382,0.4494210279051457,1.2,1.1,1.4,1.8,5,10,13.0,2.4,1.9,1.8,0.4,5,10,13.0,0.263607257203842,0.2497331910352187,0.4866595517609391,2025/26|2025-11-22|Newcastle|Man City
2025/26,2025-11-22,Wolves,Crystal Palace,0,2,A,test,0.1931046417679503,0.2466594729912114,0.5602358852408382,0.2,0.2,0.6,2.4,5,10,14.0,1.0,1.6,1.2,1.2,5,10,13.0,0.2497331910352187,0.263607257203842,0.4866595517609391,2025/26|2025-11-22|Wolves|Crystal Palace
2025/26,2025-11-23,Arsenal,Tottenham,4,1,H,test,0.5239808349919528,0.2206264355071777,0.2553927295008694,2.6,2.3,1.6,0.4,5,10,15.0,1.4,1.5,1.6,1.2,5,10,15.0,0.6719162580158431,0.20086759713315727,0.1272161448509996,2025/26|2025-11-23|Arsenal|Tottenham
2025/26,2025-11-23,Leeds,Aston Villa,1,2,A,test,0.2719045419391733,0.2636706493768572,0.4644248086839694,0.6,0.8,0.8,2.2,5,10,14.0,2.4,1.7,1.8,0.8,5,10,14.0,0.31654676258992803,0.2877697841726619,0.3956834532374101,2025/26|2025-11-23|Leeds|Aston Villa
2025/26,2025-11-24,Man United,Everton,0,1,A,test,0.564339285779161,0.2206742507850764,0.2149864634357625,2.2,1.8,2.4,1.4,5,10,16.0,1.4,1.5,1.0,1.4,5,10,16.0,0.5429892624813857,0.23755780233560622,0.21945293518300807,2025/26|2025-11-24|Man United|Everton
2025/26,2025-11-29,Brentford,Burnley,3,1,H,test,0.5515528496350159,0.2446523901586009,0.2037947602063831,1.8,1.3,1.8,1.4,5,10,7.0,1.2,0.7,1.4,1.8,5,10,7.0,0.6538661131292164,0.21069019200830302,0.13544369486248053,2025/26|2025-11-29|Brentford|Burnley
2025/26,2025-11-29,Everton,Newcastle,1,4,A,test,0.4699523846658702,0.2298046955482484,0.3002429197858813,1.4,1.5,0.8,1.2,5,10,5.0,1.2,1.4,1.4,2.0,5,10,7.0,0.34174279831277615,0.2944245647002379,0.36383263698698604,2025/26|2025-11-29|Everton|Newcastle
2025/26,2025-11-29,Man City,Leeds,3,2,H,test,0.7077975002969876,0.1693854752647089,0.1228170244383033,1.8,1.9,1.8,0.8,5,10,7.0,0.6,0.8,0.8,2.2,5,10,6.0,0.7755791985681615,0.14557024957740877,0.07885055185442974,2025/26|2025-11-29|Man City|Leeds
2025/26,2025-11-29,Sunderland,Bournemouth,3,2,H,test,0.5028612805707094,0.2144913155547155,0.282647403874575,1.6,1.6,1.4,1.0,5,10,7.0,1.0,1.6,1.6,2.4,5,10,7.0,0.29753038024304196,0.28851430811446493,0.4139553116424932,2025/26|2025-11-29|Sunderland|Bournemouth
2025/26,2025-11-29,Tottenham,Fulham,1,2,A,test,0.4667980198191417,0.2480956844384132,0.285106295742445,0.8,1.2,1.4,1.8,5,10,6.0,1.2,1.2,1.0,1.0,5,10,7.0,0.4285714285714286,0.28571428571428575,0.28571428571428575,2025/26|2025-11-29|Tottenham|Fulham
2025/26,2025-11-30,Aston Villa,Wolves,1,0,H,test,0.7585203291367068,0.1562868965410648,0.0851927743222282,2.4,2.0,1.8,0.8,5,10,7.0,0.0,0.2,0.4,2.6,5,10,8.0,0.6340391980175715,0.2196440639783735,0.14631673800405498,2025/26|2025-11-30|Aston Villa|Wolves
2025/26,2025-11-30,Chelsea,Arsenal,1,1,D,test,0.4171611160246241,0.2345074546489951,0.3483314293263807,2.4,1.9,2.0,0.4,5,10,8.0,2.6,2.3,2.0,0.6,5,10,7.0,0.2796610169491525,0.288135593220339,0.43220338983050843,2025/26|2025-11-30|Chelsea|Arsenal
2025/26,2025-11-30,Crystal Palace,Man United,1,2,A,test,0.4691600606276799,0.2248937615486657,0.3059461778236543,1.6,1.8,1.4,0.8,5,10,8.0,1.6,1.7,2.0,1.6,5,10,6.0,0.41349548842683415,0.2797175362887407,0.3067869752844253,2025/26|2025-11-30|Crystal Palace|Man United
2025/26,2025-11-30,Nott'm Forest,Brighton,0,2,A,test,0.3057248032223711,0.2633340345707413,0.4309411622068876,1.4,0.8,1.6,1.6,5,10,8.0,2.0,1.8,1.8,1.2,5,10,8.0,0.34734756768655073,0.28945630640545894,0.36319612590799033,2025/26|2025-11-30|Nott'm Forest|Brighton
2025/26,2025-11-30,West Ham,Liverpool,0,2,A,test,0.4883103954285993,0.2412052730732198,0.2704843314981808,1.4,1.1,1.8,1.8,5,10,8.0,0.6,1.2,1.0,2.2,5,10,8.0,0.21773142112125163,0.21773142112125163,0.5645371577574968,2025/26|2025-11-30|West Ham|Liverpool
2025/26,2025-12-02,Bournemouth,Everton,0,1,A,test,0.5152521362162089,0.244772439250227,0.239975424533564,0.8,1.3,1.4,2.4,5,10,3.0,1.4,1.2,1.0,1.6,5,10,3.0,0.42669584245076586,0.2888402625820569,0.2844638949671772,2025/26|2025-12-02|Bournemouth|Everton
2025/26,2025-12-02,Fulham,Man City,4,5,A,test,0.3145881386644642,0.2404677703545875,0.4449440909809481,1.8,1.5,1.4,1.0,5,10,3.0,1.8,2.2,2.0,1.2,5,10,3.0,0.21934693801817737,0.2316517662484654,0.5490012957333573,2025/26|2025-12-02|Fulham|Man City
2025/26,2025-12-02,Newcastle,Tottenham,2,2,D,test,0.4960592922483905,0.2507081616375447,0.2532325461140647,1.8,1.6,2.0,1.8,5,10,3.0,0.8,1.2,1.4,1.8,5,10,3.0,0.5186936112128375,0.24979192329460334,0.23151446549255922,2025/26|2025-12-02|Newcastle|Tottenham
2025/26,2025-12-03,Arsenal,Brentford,2,0,H,test,0.6071136729362205,0.2006974122499917,0.1921889148137878,2.2,2.4,2.0,0.8,5,10,3.0,1.8,1.6,2.0,1.6,5,10,4.0,0.6983240223463686,0.18994413407821228,0.11173184357541899,2025/26|2025-12-03|Arsenal|Brentford
2025/26,2025-12-03,Brighton,Aston Villa,3,4,A,test,0.409264923806579,0.2398946284358977,0.3508404477575233,2.0,1.8,1.8,1.0,5,10,3.0,2.4,2.3,1.6,0.6,5,10,3.0,0.44510940714419295,0.27342435010286137,0.2814662427529456,2025/26|2025-12-03|Brighton|Aston Villa
2025/26,2025-12-03,Burnley,Crystal Palace,0,1,A,test,0.2960764346552519,0.2794961592281653,0.4244274061165826,0.6,0.7,1.2,2.4,5,10,4.0,1.4,1.5,1.0,0.6,5,10,3.0,0.2102766798418972,0.24901185770750986,0.5407114624505929,2025/26|2025-12-03|Burnley|Crystal Palace
2025/26,2025-12-03,Leeds,Chelsea,3,1,H,test,0.2618601961163553,0.2773517043811018,0.4607880995025429,0.6,0.7,1.2,2.4,5,10,4.0,2.0,1.7,1.6,0.6,5,10,3.0,0.2337662337662338,0.2337662337662338,0.5324675324675325,2025/26|2025-12-03|Leeds|Chelsea
2025/26,2025-12-03,Liverpool,Sunderland,1,1,D,test,0.3699981388014383,0.2592214820887124,0.3707803791098493,1.2,1.2,1.2,1.8,5,10,3.0,1.6,1.6,1.6,1.4,5,10,4.0,0.6880733944954128,0.1782437745740498,0.13368283093053734,2025/26|2025-12-03|Liverpool|Sunderland
2025/26,2025-12-03,Wolves,Nott'm Forest,0,1,A,test,0.2952426287797054,0.2901462969724663,0.4146110742478281,0.0,0.2,0.4,2.4,5,10,3.0,1.4,0.8,1.6,1.4,5,10,3.0,0.2940893801057184,0.2811148486304661,0.4247957712638154,2025/26|2025-12-03|Wolves|Nott'm Forest
2025/26,2025-12-04,Man United,West Ham,1,1,D,test,0.5979922437232315,0.22715190500486,0.1748558512719085,1.6,1.7,2.0,1.6,5,10,4.0,1.4,0.8,1.8,1.8,5,10,4.0,0.6528835690968444,0.18933623503808486,0.15778019586507072,2025/26|2025-12-04|Man United|West Ham
2025/26,2025-12-06,Aston Villa,Arsenal,2,1,H,test,0.4324759001112368,0.2371342922554555,0.3303898076333077,2.4,2.5,2.2,1.2,5,10,3.0,2.2,2.4,2.2,0.8,5,10,3.0,0.22673031026252988,0.27207637231503584,0.5011933174224344,2025/26|2025-12-06|Aston Villa|Arsenal
2025/26,2025-12-06,Bournemouth,Chelsea,0,0,D,test,0.3319300005880626,0.2703247673143559,0.3977452320975815,0.2,1.0,1.0,2.6,5,10,4.0,2.0,1.6,1.6,0.8,5,10,3.0,0.3059482022578503,0.25291718053315626,0.44113461720899344,2025/26|2025-12-06|Bournemouth|Chelsea
2025/26,2025-12-06,Everton,Nott'm Forest,3,0,H,test,0.4296069464430545,0.2739494332050735,0.2964436203518719,2.0,1.4,1.2,1.0,5,10,4.0,2.0,1.1,1.8,1.0,5,10,3.0,0.4317656129529684,0.2968388589051658,0.27139552814186585,2025/26|2025-12-06|Everton|Nott'm Forest
2025/26,2025-12-06,Leeds,Liverpool,3,3,D,test,0.4925506940722095,0.2574636928709083,0.2499856130568821,0.6,1.0,1.4,2.4,5,10,3.0,1.4,1.0,1.0,1.4,5,10,3.0,0.249746878164023,0.23725953425582186,0.5129935875801553,2025/26|2025-12-06|Leeds|Liverpool
2025/26,2025-12-06,Man City,Sunderland,3,0,H,test,0.5746392049191547,0.2286665118746355,0.1966942832062098,2.4,2.2,3.0,1.8,5,10,4.0,1.2,1.6,1.4,1.4,5,10,3.0,0.759124087591241,0.14598540145985403,0.09489051094890512,2025/26|2025-12-06|Man City|Sunderland
2025/26,2025-12-06,Newcastle,Burnley,2,1,H,test,0.5986460773646969,0.2237728558687111,0.177581066766592,1.4,1.4,2.0,2.0,5,10,4.0,0.0,0.7,0.6,2.2,5,10,3.0,0.7433005150942166,0.1573319423616092,0.09936754254417422,2025/26|2025-12-06|Newcastle|Burnley
2025/26,2025-12-06,Tottenham,Brentford,2,0,H,test,0.3927095235389105,0.250987131179868,0.3563033452812215,0.4,1.0,1.2,2.2,5,10,4.0,1.2,1.5,1.4,1.6,5,10,3.0,0.41257367387033406,0.27111984282907664,0.3163064833005894,2025/26|2025-12-06|Tottenham|Brentford
2025/26,2025-12-07,Brighton,West Ham,1,1,D,test,0.6061627879509099,0.221429086456341,0.172408125592749,2.0,1.8,2.0,1.0,5,10,4.0,1.6,0.9,1.8,1.6,5,10,3.0,0.6144269091716742,0.21994496748639608,0.16562812334192958,2025/26|2025-12-07|Brighton|West Ham
2025/26,2025-12-07,Fulham,Crystal Palace,1,2,A,test,0.3792310128677202,0.2760260360979231,0.3447429510343566,1.8,1.2,2.0,1.6,5,10,5.0,2.0,1.7,1.2,0.4,5,10,4.0,0.37265577737447064,0.2879612825166364,0.33938294010889286,2025/26|2025-12-07|Fulham|Crystal Palace
2025/26,2025-12-08,Wolves,Man United,1,4,A,test,0.180734413211784,0.2301224150508528,0.5891431717373632,0.0,0.2,0.0,2.0,5,10,5.0,1.2,1.8,1.4,1.4,5,10,4.0,0.2247191011235955,0.23595505617977527,0.5393258426966292,2025/26|2025-12-08|Wolves|Man United
2025/26,2025-12-13,Arsenal,Wolves,2,1,H,test,0.81446917196334,0.1264249551189825,0.0591058729176775,1.6,2.3,2.0,1.2,5,10,7.0,0.0,0.2,0.2,2.2,5,10,5.0,0.8426369580097717,0.1120211485354167,0.04534189345481152,2025/26|2025-12-13|Arsenal|Wolves
2025/26,2025-12-13,Burnley,Fulham,2,3,A,test,0.4168137851721835,0.2580119237067116,0.3251742911211049,0.0,0.6,0.8,2.2,5,10,7.0,1.2,0.9,1.6,2.0,5,10,6.0,0.23601059135039718,0.26972639011473964,0.4942630185348632,2025/26|2025-12-13|Burnley|Fulham
2025/26,2025-12-13,Chelsea,Everton,2,0,H,test,0.4991202708187469,0.2285066347538341,0.2723730944274191,1.6,1.7,1.4,0.8,5,10,7.0,2.4,1.7,1.6,0.8,5,10,7.0,0.5689677299756157,0.2500463444892837,0.1809859255351006,2025/26|2025-12-13|Chelsea|Everton
2025/26,2025-12-13,Liverpool,Brighton,2,0,H,test,0.269212372604953,0.2611302446998025,0.4696573826952444,1.0,0.8,1.2,2.0,5,10,7.0,1.6,1.8,1.6,1.2,5,10,6.0,0.5652658981033842,0.23599851245816286,0.19873558943845293,2025/26|2025-12-13|Liverpool|Brighton
2025/26,2025-12-14,Brentford,Leeds,1,1,D,test,0.52522024526244,0.2352919875152851,0.2394877672222748,1.2,1.5,1.4,1.6,5,10,8.0,0.8,0.8,2.0,2.4,5,10,8.0,0.49799419006778256,0.2642135841748513,0.23779222575736617,2025/26|2025-12-14|Brentford|Leeds
2025/26,2025-12-14,Crystal Palace,Man City,0,3,A,test,0.2864030322256106,0.2259597750269346,0.4876371927474546,2.0,1.7,1.2,0.6,5,10,7.0,2.4,2.4,3.0,1.6,5,10,8.0,0.24342105263157898,0.24342105263157898,0.513157894736842,2025/26|2025-12-14|Crystal Palace|Man City
2025/26,2025-12-14,Nott'm Forest,Tottenham,3,0,H,test,0.394143303002774,0.260363010449487,0.3454936865477389,1.8,1.0,1.4,1.2,5,10,8.0,1.0,1.2,1.6,2.0,5,10,8.0,0.37265577737447064,0.2879612825166364,0.33938294010889286,2025/26|2025-12-14|Nott'm Forest|Tottenham
2025/26,2025-12-14,Sunderland,Newcastle,1,0,H,test,0.4142577724186996,0.246908296762417,0.3388339308188833,1.0,1.5,1.2,1.8,5,10,8.0,2.0,1.6,2.2,1.6,5,10,8.0,0.28846153846153844,0.28846153846153844,0.423076923076923,2025/26|2025-12-14|Sunderland|Newcastle
2025/26,2025-12-14,West Ham,Aston Villa,2,3,A,test,0.2139732567439602,0.2294051623560878,0.556621580899952,1.2,1.0,1.4,1.6,5,10,7.0,3.0,2.7,2.6,1.0,5,10,8.0,0.25339366515837103,0.27149321266968324,0.4751131221719457,2025/26|2025-12-14|West Ham|Aston Villa
2025/26,2025-12-15,Man United,Bournemouth,4,4,D,test,0.6358560276834238,0.1931859758650115,0.1709579964515647,1.6,1.8,1.8,1.2,5,10,7.0,0.4,1.0,0.8,2.0,5,10,9.0,0.5157087602632829,0.23593675782045195,0.2483544819162652,2025/26|2025-12-15|Man United|Bournemouth
2025/26,2025-12-20,Bournemouth,Burnley,1,1,D,test,0.5614181054634823,0.2267221382511504,0.2118597562853673,0.6,1.0,1.6,2.0,5,10,5.0,0.0,0.6,0.8,2.2,5,10,7.0,0.6371481479804588,0.21777811986399054,0.14507373215555064,2025/26|2025-12-20|Bournemouth|Burnley
2025/26,2025-12-20,Brighton,Sunderland,0,0,D,test,0.5066112577375719,0.2337571635857612,0.2596315786766668,1.4,1.5,1.6,1.6,5,10,7.0,1.4,1.5,1.0,1.4,5,10,6.0,0.5761712051581042,0.24055147815350847,0.1832773166883874,2025/26|2025-12-20|Brighton|Sunderland
2025/26,2025-12-20,Everton,Arsenal,0,1,A,test,0.2846730706988398,0.2398806439441319,0.4754462853570283,1.8,1.6,1.2,1.2,5,10,7.0,2.0,2.3,2.0,1.0,5,10,7.0,0.1648842838663405,0.23124015420279465,0.6038755619308649,2025/26|2025-12-20|Everton|Arsenal
2025/26,2025-12-20,Leeds,Crystal Palace,4,1,H,test,0.447099311840067,0.2604335562580603,0.2924671319018727,1.0,0.8,2.0,2.0,5,10,6.0,1.8,1.4,1.2,1.2,5,10,6.0,0.3658536585365854,0.2882483370288249,0.34589800443458985,2025/26|2025-12-20|Leeds|Crystal Palace
2025/26,2025-12-20,Man City,West Ham,3,0,H,test,0.698533990750474,0.1864429671962773,0.1150230420532487,2.4,2.4,3.0,1.6,5,10,6.0,0.6,0.9,1.2,1.8,5,10,6.0,0.7846214201647704,0.11965476657512748,0.095723813260102,2025/26|2025-12-20|Man City|West Ham
2025/26,2025-12-20,Newcastle,Chelsea,2,2,D,test,0.4122805903169352,0.2444614678611675,0.3432579418218973,2.0,1.6,2.0,1.2,5,10,6.0,1.6,2.0,1.2,0.8,5,10,7.0,0.346459785917706,0.26465678090935874,0.3888834331729352,2025/26|2025-12-20|Newcastle|Chelsea
2025/26,2025-12-20,Tottenham,Liverpool,1,2,A,test,0.42390670842879,0.2676725012696602,0.3084207903015498,0.8,1.1,1.2,2.2,5,10,6.0,1.6,1.1,1.6,1.4,5,10,7.0,0.27149321266968324,0.25339366515837103,0.4751131221719457,2025/26|2025-12-20|Tottenham|Liverpool
2025/26,2025-12-20,Wolves,Brentford,0,2,A,test,0.2660684597690619,0.2533933085932032,0.4805382316377348,0.0,0.1,0.4,2.0,5,10,7.0,0.8,1.3,1.0,1.6,5,10,6.0,0.2717731541152642,0.2642238998342847,0.46400294605045117,2025/26|2025-12-20|Wolves|Brentford
2025/26,2025-12-21,Aston Villa,Man United,2,1,H,test,0.5011366754978018,0.2396817509827725,0.2591815735194256,3.0,2.7,2.4,1.4,5,10,7.0,1.6,1.9,2.2,1.6,5,10,6.0,0.45051194539249145,0.2627986348122867,0.2866894197952219,2025/26|2025-12-21|Aston Villa|Man United
2025/26,2025-12-22,Fulham,Nott'm Forest,1,0,H,test,0.4321381455896369,0.2796052775106097,0.2882565768997534,1.8,1.2,2.2,2.0,5,10,9.0,1.8,1.3,1.4,1.0,5,10,8.0,0.393939393939394,0.2909090909090909,0.3151515151515151,2025/26|2025-12-22|Fulham|Nott'm Forest
2025/26,2025-12-26,Man United,Newcastle,1,0,H,test,0.4892296666489557,0.2504939539302886,0.2602763794207556,1.6,1.6,2.4,1.8,5,10,5.0,1.6,1.4,2.0,1.4,5,10,6.0,0.3718712753277712,0.2634088200238379,0.3647199046483909,2025/26|2025-12-26|Man United|Newcastle
2025/26,2025-12-27,Arsenal,Brighton,2,1,H,test,0.5644403354183037,0.2075726569036003,0.2279870076780959,2.0,2.3,1.4,0.8,5,10,7.0,1.0,1.5,1.2,1.4,5,10,7.0,0.6658656253129068,0.1990587764093321,0.13507559827776108,2025/26|2025-12-27|Arsenal|Brighton
2025/26,2025-12-27,Brentford,Bournemouth,4,1,H,test,0.5295049442938017,0.2329636382258909,0.2375314174803074,1.4,1.6,1.2,1.2,5,10,7.0,0.6,0.8,1.4,1.8,5,10,7.0,0.42105263157894735,0.2631578947368421,0.3157894736842105,2025/26|2025-12-27|Brentford|Bournemouth
2025/26,2025-12-27,Burnley,Everton,0,0,D,test,0.4068762695062689,0.2485399224349214,0.3445838080588096,0.2,0.7,1.0,2.0,5,10,7.0,1.2,1.3,1.0,1.4,5,10,7.0,0.23210222300017505,0.27988797479432875,0.4880098022054963,2025/26|2025-12-27|Burnley|Everton
2025/26,2025-12-27,Chelsea,Aston Villa,1,2,A,test,0.3808891488983489,0.2150190010937069,0.4040918500079442,1.2,1.8,1.2,1.2,5,10,7.0,3.0,2.7,2.4,1.4,5,10,6.0,0.5190138736400838,0.24353727916957785,0.23744884719033837,2025/26|2025-12-27|Chelsea|Aston Villa
2025/26,2025-12-27,Liverpool,Wolves,2,1,H,test,0.6778884752728068,0.2037208585408867,0.1183906661863065,2.2,1.4,2.0,1.0,5,10,7.0,0.0,0.0,0.4,2.0,5,10,7.0,0.759124087591241,0.14598540145985403,0.09489051094890512,2025/26|2025-12-27|Liverpool|Wolves
2025/26,2025-12-27,Nott'm Forest,Man City,1,2,A,test,0.2091559368049999,0.2279567481409683,0.5628873150540318,1.2,1.3,0.8,1.2,5,10,5.0,3.0,2.4,3.4,1.2,5,10,7.0,0.1894034665646017,0.2187107004210181,0.5918858330143802,2025/26|2025-12-27|Nott'm Forest|Man City
2025/26,2025-12-27,West Ham,Fulham,0,1,A,test,0.3507654507571318,0.2524203272326338,0.3968142220102343,0.4,0.9,0.8,2.0,5,10,7.0,1.8,1.5,2.2,2.0,5,10,5.0,0.3590576766856215,0.27774167343623074,0.3632006498781478,2025/26|2025-12-27|West Ham|Fulham
2025/26,2025-12-28,Crystal Palace,Tottenham,0,1,A,test,0.4805440888082916,0.2565035826636603,0.2629523285280479,1.2,1.4,1.0,2.0,5,10,8.0,0.8,0.8,1.2,1.8,5,10,8.0,0.41746111389864526,0.28901154039136984,0.29352734570998495,2025/26|2025-12-28|Crystal Palace|Tottenham
2025/26,2025-12-28,Sunderland,Leeds,1,1,D,test,0.4089371051755113,0.2597950051979228,0.3312678896265658,1.6,1.6,1.0,1.2,5,10,8.0,1.6,1.1,2.6,1.8,5,10,8.0,0.3739006616969595,0.30153279169109637,0.324566546611944,2025/26|2025-12-28|Sunderland|Leeds
2025/26,2025-12-30,Arsenal,Aston Villa,4,1,H,test,0.4270941510338562,0.2207463381312727,0.352159510834871,2.4,2.3,1.6,0.8,5,10,3.0,3.0,2.7,2.6,1.6,5,10,3.0,0.6658656253129068,0.1990587764093321,0.13507559827776108,2025/26|2025-12-30|Arsenal|Aston Villa
2025/26,2025-12-30,Burnley,Newcastle,1,3,A,test,0.333536935989309,0.2467488807526284,0.4197141832580625,0.4,0.5,0.8,1.4,5,10,3.0,1.0,1.4,1.2,1.4,5,10,4.0,0.18079096045197737,0.22598870056497172,0.5932203389830508,2025/26|2025-12-30|Burnley|Newcastle
2025/26,2025-12-30,Chelsea,Bournemouth,2,2,D,test,0.5888644170232158,0.2165335438499548,0.1946020391268293,1.0,1.5,1.2,1.4,5,10,3.0,0.6,0.7,1.2,2.0,5,10,3.0,0.6342525399129173,0.20029027576197386,0.16545718432510886,2025/26|2025-12-30|Chelsea|Bournemouth
2025/26,2025-12-30,Man United,Wolves,1,1,D,test,0.7228573015235439,0.182668497481503,0.094474200994953,1.6,1.6,2.2,1.6,5,10,4.0,0.0,0.0,0.6,2.2,5,10,3.0,0.6997667444185273,0.18127290903032325,0.11896034655114963,2025/26|2025-12-30|Man United|Wolves
2025/26,2025-12-30,Nott'm Forest,Everton,0,2,A,test,0.4325338862725655,0.2502657891521263,0.317200324575308,1.2,1.3,1.0,1.2,5,10,3.0,1.4,1.4,0.8,0.6,5,10,3.0,0.45172802404207363,0.291885800150263,0.2563861758076634,2025/26|2025-12-30|Nott'm Forest|Everton
2025/26,2025-12-30,West Ham,Brighton,2,2,D,test,0.4007010836396132,0.24471701448437,0.3545819018760167,0.4,0.9,0.8,1.8,5,10,3.0,0.4,1.2,1.0,1.8,5,10,3.0,0.27726432532347506,0.2513863216266174,0.47134935304990755,2025/26|2025-12-30|West Ham|Brighton
2025/26,2026-01-01,Brentford,Tottenham,0,0,D,test,0.5639404996272434,0.2240244312068452,0.2120350691659115,1.4,1.6,1.4,1.2,5,10,5.0,1.4,1.1,1.2,1.4,5,10,4.0,0.44651162790697674,0.26046511627906976,0.2930232558139535,2025/26|2026-01-01|Brentford|Tottenham
2025/26,2026-01-01,Crystal Palace,Fulham,1,1,D,test,0.3317893863493694,0.2510567616769272,0.4171538519737032,1.2,1.3,0.8,1.8,5,10,4.0,1.8,1.8,2.0,1.8,5,10,5.0,0.43785365853658537,0.28526829268292686,0.27687804878048783,2025/26|2026-01-01|Crystal Palace|Fulham
2025/26,2026-01-01,Liverpool,Leeds,0,0,D,test,0.4575661987832531,0.2666528191384188,0.275780982078328,2.2,1.7,2.0,1.2,5,10,5.0,1.8,1.2,2.4,1.4,5,10,4.0,0.6149068322981366,0.21180124223602484,0.17329192546583852,2025/26|2026-01-01|Liverpool|Leeds
2025/26,2026-01-01,Sunderland,Man City,0,0,D,test,0.2204261965724991,0.2275655580219777,0.5520082454055232,1.2,1.4,0.6,1.0,5,10,4.0,3.0,2.4,3.2,1.0,5,10,5.0,0.12478583666476298,0.1970302684180468,0.6781838949171902,2025/26|2026-01-01|Sunderland|Man City
2025/26,2026-01-03,Aston Villa,Nott'm Forest,3,1,H,test,0.5880927175609588,0.2231169437785023,0.1887903386605389,2.4,2.4,2.0,1.8,5,10,4.0,0.6,1.3,0.8,1.6,5,10,4.0,0.5441860465116279,0.24418604651162798,0.21162790697674422,2025/26|2026-01-03|Aston Villa|Nott'm Forest
2025/26,2026-01-03,Bournemouth,Arsenal,2,3,A,test,0.2183113804198145,0.2518483591700375,0.5298402604101481,0.8,0.5,1.6,2.2,5,10,4.0,2.4,2.3,2.0,1.0,5,10,4.0,0.14530005310674457,0.19883165161975572,0.6558682952734998,2025/26|2026-01-03|Bournemouth|Arsenal
2025/26,2026-01-03,Brighton,Burnley,2,0,H,test,0.6042997922101996,0.218701374765339,0.1769988330244615,0.6,1.3,0.8,1.4,5,10,4.0,0.4,0.2,1.0,1.8,5,10,4.0,0.643819671016857,0.2200584556824361,0.1361218733007069,2025/26|2026-01-03|Brighton|Burnley
2025/26,2026-01-03,Wolves,West Ham,3,0,H,test,0.3119822805364279,0.2679911746275452,0.4200265448360269,0.2,0.1,0.8,2.2,5,10,4.0,0.4,1.0,1.0,2.0,5,10,4.0,0.38086078384226973,0.28853089685020433,0.33060831930752577,2025/26|2026-01-03|Wolves|West Ham
2025/26,2026-01-04,Everton,Brentford,2,4,A,test,0.4859987148178477,0.231378678732899,0.2826226064492533,1.4,1.7,1.0,0.6,5,10,5.0,1.6,1.4,1.4,0.8,5,10,3.0,0.4030403040304031,0.29142914291429145,0.3055305530553056,2025/26|2026-01-04|Everton|Brentford
2025/26,2026-01-04,Fulham,Liverpool,2,2,D,test,0.453259312085345,0.2432794819247797,0.3034612059898753,2.0,1.9,1.4,1.0,5,10,3.0,2.2,1.8,1.8,1.0,5,10,3.0,0.24982124483353968,0.25315219476465356,0.49702656040180676,2025/26|2026-01-04|Fulham|Liverpool
2025/26,2026-01-04,Leeds,Man United,1,1,D,test,0.3943460430932915,0.2570077361739536,0.3486462207327548,1.4,1.0,1.8,1.2,5,10,3.0,1.6,1.4,2.2,1.6,5,10,5.0,0.3515188335358444,0.28760631834750905,0.3608748481166464,2025/26|2026-01-04|Leeds|Man United
2025/26,2026-01-04,Man City,Chelsea,1,1,D,test,0.6260776451078235,0.1901297777663503,0.1837925771258262,2.6,2.5,2.2,0.2,5,10,3.0,1.2,1.6,1.4,1.2,5,10,5.0,0.5908776779543885,0.1990324809951624,0.21008984105044923,2025/26|2026-01-04|Man City|Chelsea
2025/26,2026-01-04,Newcastle,Crystal Palace,2,0,H,test,0.537098256737487,0.2173364587706561,0.2455652844918568,1.4,1.4,1.4,1.2,5,10,5.0,0.8,1.4,0.8,2.0,5,10,3.0,0.5574781823653325,0.24300331026181163,0.1995185073728558,2025/26|2026-01-04|Newcastle|Crystal Palace
2025/26,2026-01-04,Tottenham,Sunderland,1,1,D,test,0.418126336180684,0.2584535239317552,0.3234201398875607,1.4,0.9,0.8,1.0,5,10,3.0,1.2,1.2,0.4,0.8,5,10,3.0,0.5263157894736842,0.2631578947368421,0.21052631578947367,2025/26|2026-01-04|Tottenham|Sunderland
2025/26,2026-01-06,West Ham,Nott'm Forest,1,2,A,test,0.3477451626755798,0.2629214183711916,0.3893334189532286,0.2,0.7,0.8,2.4,5,10,3.0,0.6,1.2,1.0,1.6,5,10,3.0,0.312965070471855,0.2773352009104439,0.40969972861770115,2025/26|2026-01-06|West Ham|Nott'm Forest
2025/26,2026-01-07,Bournemouth,Tottenham,3,2,H,test,0.4297432267152027,0.2836668128209286,0.2865899604638688,0.6,0.5,2.0,2.8,5,10,4.0,1.0,1.0,0.6,1.2,5,10,3.0,0.45051194539249145,0.2627986348122867,0.2866894197952219,2025/26|2026-01-07|Bournemouth|Tottenham
2025/26,2026-01-07,Brentford,Sunderland,3,0,H,test,0.576822597391739,0.2298064186507292,0.1933709839575318,2.2,1.7,2.2,0.8,5,10,3.0,1.4,1.2,0.6,0.4,5,10,3.0,0.511293669135136,0.2702552251142862,0.21845110575057775,2025/26|2026-01-07|Brentford|Sunderland
2025/26,2026-01-07,Burnley,Man United,2,2,D,test,0.2594696860025977,0.259862980374263,0.4806673336231393,0.4,0.2,0.8,1.8,5,10,4.0,1.2,1.4,1.6,1.6,5,10,3.0,0.2007380073800738,0.23837638376383766,0.5608856088560886,2025/26|2026-01-07|Burnley|Man United
2025/26,2026-01-07,Crystal Palace,Aston Villa,0,0,D,test,0.2372411741376508,0.2124289160463091,0.55032990981604,0.2,1.1,0.4,2.2,5,10,3.0,2.4,2.7,2.2,1.8,5,10,4.0,0.30420841683366734,0.28577154308617236,0.41002004008016035,2025/26|2026-01-07|Crystal Palace|Aston Villa
2025/26,2026-01-07,Everton,Wolves,1,1,D,test,0.5891799440213902,0.224248570216421,0.1865714857621888,0.8,1.6,0.8,1.4,5,10,3.0,0.8,0.4,1.2,1.4,5,10,4.0,0.5405405405405405,0.27027027027027023,0.1891891891891892,2025/26|2026-01-07|Everton|Wolves
2025/26,2026-01-07,Fulham,Chelsea,2,1,H,test,0.4467920393267176,0.2530177611411234,0.3001901995321588,2.2,1.7,1.6,1.0,5,10,3.0,1.2,1.4,1.6,1.4,5,10,3.0,0.2775479503572772,0.2621286197818729,0.46032342986085,2025/26|2026-01-07|Fulham|Chelsea
2025/26,2026-01-07,Man City,Brighton,1,1,D,test,0.6416265539189682,0.1893140685051364,0.1690593775758954,2.2,2.3,1.8,0.4,5,10,3.0,1.0,1.3,1.0,1.2,5,10,4.0,0.6747404844290658,0.17993079584775085,0.1453287197231834,2025/26|2026-01-07|Man City|Brighton
2025/26,2026-01-07,Newcastle,Leeds,4,3,H,test,0.521773213942492,0.2371875806110285,0.2410392054464793,1.4,1.7,1.4,1.0,5,10,3.0,1.4,1.1,1.4,0.8,5,10,3.0,0.5638651471984806,0.24780389363722696,0.18833095916429252,2025/26|2026-01-07|Newcastle|Leeds
2025/26,2026-01-08,Arsenal,Liverpool,0,0,D,test,0.5506806520596557,0.2407646906022399,0.2085546573381044,3.0,2.3,2.4,1.0,5,10,5.0,2.2,1.6,1.6,0.8,5,10,4.0,0.5847119224187108,0.2281802624073018,0.18710781517398747,2025/26|2026-01-08|Arsenal|Liverpool
2025/26,2026-01-17,Chelsea,Brentford,2,0,H,test,0.3110411394049793,0.2621723752777861,0.4267864853172346,0.6,1.1,1.4,1.8,5,10,10.0,2.6,1.7,2.6,0.6,5,10,10.0,0.5565726839985353,0.2407176858293665,0.2027096301720981,2025/26|2026-01-17|Chelsea|Brentford
2025/26,2026-01-17,Leeds,Fulham,1,0,H,test,0.3922848391395624,0.242597491642253,0.3651176692181844,1.2,1.1,1.8,1.4,5,10,10.0,2.2,2.0,1.4,0.8,5,10,10.0,0.44134505158578524,0.28754298815437523,0.2711119602598395,2025/26|2026-01-17|Leeds|Fulham
2025/26,2026-01-17,Liverpool,Burnley,1,1,D,test,0.6433669640274401,0.2063277961137824,0.1503052398587775,1.8,1.7,1.2,0.8,5,10,9.0,0.6,0.3,0.8,1.6,5,10,10.0,0.7700592353257942,0.14453419493807215,0.08540656973613354,2025/26|2026-01-17|Liverpool|Burnley
2025/26,2026-01-17,Man United,Man City,2,0,H,test,0.3337590748142254,0.2356051630797298,0.4306357621060447,1.2,1.4,1.2,1.2,5,10,10.0,1.8,2.1,1.4,0.6,5,10,10.0,0.25569843227056543,0.24896952615818213,0.49533204157125243,2025/26|2026-01-17|Man United|Man City
2025/26,2026-01-17,Nott'm Forest,Arsenal,0,0,D,test,0.2741186163448913,0.2362289197967201,0.4896524638583886,0.6,1.2,0.8,1.8,5,10,11.0,2.6,2.3,2.0,0.8,5,10,9.0,0.15854770503220061,0.21969658895916944,0.6217557060086298,2025/26|2026-01-17|Nott'm Forest|Arsenal
2025/26,2026-01-17,Sunderland,Crystal Palace,2,1,H,test,0.4707917037203125,0.2236106256887479,0.3055976705909395,0.8,1.1,0.4,1.0,5,10,10.0,0.4,1.1,0.4,1.6,5,10,10.0,0.3463687150837989,0.30726256983240224,0.3463687150837989,2025/26|2026-01-17|Sunderland|Crystal Palace
2025/26,2026-01-17,Tottenham,West Ham,1,2,A,test,0.5710688892511209,0.2218222085331312,0.2071089022157478,1.0,0.9,1.0,1.2,5,10,10.0,0.2,0.4,0.6,2.2,5,10,11.0,0.5503745604647607,0.238036997401009,0.21158844213423023,2025/26|2026-01-17|Tottenham|West Ham
2025/26,2026-01-18,Aston Villa,Everton,0,1,A,test,0.5867957195752085,0.2101398127884716,0.2030644676363198,2.0,2.5,1.6,1.4,5,10,11.0,1.0,1.4,1.0,1.2,5,10,11.0,0.5726391743927508,0.24520703108612663,0.1821537945211226,2025/26|2026-01-18|Aston Villa|Everton
2025/26,2026-01-18,Wolves,Newcastle,0,0,D,test,0.2346878537777179,0.2361365757042511,0.529175570518031,1.0,0.5,1.2,1.2,5,10,11.0,2.0,2.0,2.2,1.4,5,10,11.0,0.2007380073800738,0.23837638376383766,0.5608856088560886,2025/26|2026-01-18|Wolves|Newcastle
2025/26,2026-01-19,Brighton,Bournemouth,1,1,D,test,0.5504919489828606,0.218954340444085,0.2305537105730545,1.2,1.3,1.2,1.0,5,10,12.0,1.0,0.8,1.8,2.4,5,10,12.0,0.509891622226045,0.2418716669533804,0.24823671082057458,2025/26|2026-01-19|Brighton|Bournemouth
2025/26,2026-01-24,Bournemouth,Liverpool,3,2,H,test,0.3090501051951433,0.2697681399649829,0.4211817548398738,1.0,0.8,1.8,2.4,5,10,5.0,1.4,1.8,1.0,0.8,5,10,7.0,0.25249169435215946,0.24916943521594684,0.4983388704318937,2025/26|2026-01-24|Bournemouth|Liverpool
2025/26,2026-01-24,Burnley,Tottenham,2,2,D,test,0.3551457324526389,0.2716155851956,0.3732386823517612,0.6,0.4,0.8,1.6,5,10,7.0,1.0,0.9,1.0,1.2,5,10,7.0,0.2589317935763262,0.273727896066402,0.4673403103572718,2025/26|2026-01-24|Burnley|Tottenham
2025/26,2026-01-24,Fulham,Brighton,2,1,H,test,0.4995447031530976,0.2408175069845792,0.2596377898623231,1.6,1.7,1.2,1.0,5,10,7.0,1.2,1.1,1.4,1.2,5,10,5.0,0.36661341853035134,0.28035143769968046,0.353035143769968,2025/26|2026-01-24|Fulham|Brighton
2025/26,2026-01-24,Man City,Wolves,2,0,H,test,0.6107679110792222,0.2140906200495216,0.1751414688712561,1.2,2.1,0.8,1.0,5,10,7.0,1.2,0.6,1.2,0.8,5,10,6.0,0.7809330628803246,0.13387423935091278,0.08519269776876268,2025/26|2026-01-24|Man City|Wolves
2025/26,2026-01-24,West Ham,Sunderland,3,1,H,test,0.3472220036861714,0.2614451800729818,0.3913328162408468,0.8,0.6,1.0,1.8,5,10,7.0,1.2,1.4,0.8,1.2,5,10,7.0,0.3774574049803408,0.2948885976408912,0.327653997378768,2025/26|2026-01-24|West Ham|Sunderland
2025/26,2026-01-25,Arsenal,Man United,2,3,A,test,0.5183490134229514,0.2269879677534536,0.254663018823595,2.2,2.1,1.8,0.8,5,10,8.0,1.8,1.7,1.4,0.8,5,10,8.0,0.6144842721287491,0.22677395757132407,0.15874177029992684,2025/26|2026-01-25|Arsenal|Man United
2025/26,2026-01-25,Brentford,Nott'm Forest,0,2,A,test,0.631324305391577,0.2033020736238027,0.1653736209846202,2.0,1.7,2.2,1.0,5,10,8.0,0.8,1.0,0.8,1.6,5,10,8.0,0.4971246449109679,0.27128802050855677,0.2315873345804753,2025/26|2026-01-25|Brentford|Nott'm Forest
2025/26,2026-01-25,Crystal Palace,Chelsea,1,3,A,test,0.3696443830799939,0.2453487834581407,0.3850068334618654,0.4,0.8,0.4,1.2,5,10,8.0,1.0,1.1,1.4,1.4,5,10,8.0,0.27240143369175623,0.25089605734767023,0.4767025089605735,2025/26|2026-01-25|Crystal Palace|Chelsea
2025/26,2026-01-25,Newcastle,Aston Villa,0,2,A,test,0.44554837876794,0.2217516661200123,0.3326999551120476,2.0,1.8,1.8,1.0,5,10,7.0,1.4,2.2,1.2,1.4,5,10,7.0,0.48684210526315796,0.256578947368421,0.256578947368421,2025/26|2026-01-25|Newcastle|Aston Villa
2025/26,2026-01-26,Everton,Leeds,1,1,D,test,0.4337571734916104,0.2430841333826573,0.3231586931257323,1.6,1.4,1.2,1.0,5,10,8.0,1.2,1.4,1.2,1.2,5,10,9.0,0.3800403225806452,0.2923387096774194,0.3276209677419355,2025/26|2026-01-26|Everton|Leeds
2025/26,2026-01-31,Brighton,Everton,1,1,D,test,0.3746980777368656,0.2566125377594569,0.3686893845036773,1.2,0.8,1.4,1.2,5,10,7.0,1.6,1.5,1.4,1.2,5,10,5.0,0.5088777796931563,0.26150663678676095,0.2296155835200828,2025/26|2026-01-31|Brighton|Everton
2025/26,2026-01-31,Chelsea,West Ham,3,2,H,test,0.5536229874785576,0.2336409916663995,0.2127360208550427,1.6,1.3,1.8,1.2,5,10,6.0,1.4,0.9,1.6,1.8,5,10,7.0,0.631578947368421,0.21052631578947367,0.15789473684210525,2025/26|2026-01-31|Chelsea|West Ham
2025/26,2026-01-31,Leeds,Arsenal,0,4,A,test,0.3598577773035806,0.2331956500799911,0.4069465726164282,1.2,1.5,1.2,1.2,5,10,5.0,1.6,2.0,1.8,1.2,5,10,6.0,0.16450818118642996,0.22521953376713624,0.6102722850464337,2025/26|2026-01-31|Leeds|Arsenal
2025/26,2026-01-31,Liverpool,Newcastle,4,1,H,test,0.4752617275656798,0.2297459611926797,0.2949923112416405,0.8,1.5,1.0,1.2,5,10,7.0,2.0,1.5,1.8,1.2,5,10,6.0,0.5261599210266535,0.24284304047384012,0.23099703849950645,2025/26|2026-01-31|Liverpool|Newcastle
2025/26,2026-01-31,Wolves,Bournemouth,0,2,A,test,0.3714068500715822,0.2563978549350461,0.3721952949933717,1.2,0.6,1.0,0.8,5,10,7.0,1.6,1.1,2.2,2.0,5,10,7.0,0.3236831523924407,0.268194611982308,0.40812223562525135,2025/26|2026-01-31|Wolves|Bournemouth
2025/26,2026-02-01,Aston Villa,Brentford,0,1,A,test,0.5620820796839313,0.2121077674643497,0.2258101528517188,1.4,2.2,1.2,1.2,5,10,7.0,1.4,1.4,1.4,1.2,5,10,7.0,0.45092838196286467,0.2705570291777188,0.27851458885941643,2025/26|2026-02-01|Aston Villa|Brentford
2025/26,2026-02-01,Man United,Fulham,3,2,H,test,0.4803563581832075,0.2339361252672283,0.2857075165495642,1.8,1.7,1.8,1.2,5,10,7.0,1.6,1.7,1.4,1.2,5,10,8.0,0.6013630896699185,0.2098089001737271,0.18882801015635442,2025/26|2026-02-01|Man United|Fulham
2025/26,2026-02-01,Nott'm Forest,Crystal Palace,1,1,D,test,0.5159319986230226,0.237356582603103,0.2467114187738743,1.4,1.3,1.0,1.2,5,10,7.0,0.4,0.8,0.6,1.6,5,10,7.0,0.48611111111111116,0.2708333333333333,0.24305555555555558,2025/26|2026-02-01|Nott'm Forest|Crystal Palace
2025/26,2026-02-01,Tottenham,Man City,2,2,D,test,0.3258698099206181,0.2301629733318786,0.4439672167475031,0.6,1.0,1.2,1.6,5,10,8.0,1.2,2.1,0.8,0.8,5,10,8.0,0.2128240518482957,0.23358737397983678,0.5535885741718676,2025/26|2026-02-01|Tottenham|Man City
2025/26,2026-02-02,Sunderland,Burnley,3,0,H,test,0.4971849067957453,0.2501573591734183,0.2526577340308364,1.0,1.1,0.8,1.6,5,10,9.0,0.6,0.5,1.2,2.0,5,10,9.0,0.5281969817315331,0.27164416203335984,0.20015885623510724,2025/26|2026-02-02|Sunderland|Burnley
2025/26,2026-02-06,Leeds,Nott'm Forest,3,1,H,test,0.4431634819994093,0.2678719108546469,0.2889646071459438,1.0,1.2,1.2,2.0,5,10,6.0,1.6,1.1,1.2,1.0,5,10,5.0,0.43220338983050843,0.288135593220339,0.2796610169491525,2025/26|2026-02-06|Leeds|Nott'm Forest
2025/26,2026-02-07,Arsenal,Sunderland,3,0,H,test,0.6247666724213474,0.1968423302701428,0.1783909973085099,1.6,2.0,1.8,1.0,5,10,7.0,1.4,1.3,1.4,1.6,5,10,5.0,0.7710892921400297,0.1505166298257338,0.07839407803423636,2025/26|2026-02-07|Arsenal|Sunderland
2025/26,2026-02-07,Bournemouth,Aston Villa,1,1,D,test,0.3711157807226329,0.2644197913931547,0.3644644278842123,2.0,1.4,2.2,1.6,5,10,7.0,1.4,1.9,1.0,0.6,5,10,6.0,0.3507014028056112,0.2705410821643286,0.3787575150300601,2025/26|2026-02-07|Bournemouth|Aston Villa
2025/26,2026-02-07,Burnley,West Ham,0,2,A,test,0.4004146377336154,0.2709227162436951,0.3286626460226894,0.6,0.5,1.0,2.0,5,10,5.0,1.2,0.8,1.6,2.0,5,10,7.0,0.28754298815437523,0.2711119602598395,0.44134505158578524,2025/26|2026-02-07|Burnley|West Ham
2025/26,2026-02-07,Fulham,Everton,1,2,A,test,0.5286578309710803,0.2306411284264043,0.2407010406025154,1.4,1.7,1.6,1.6,5,10,6.0,1.2,1.3,1.2,1.4,5,10,7.0,0.4532775453277545,0.2928870292887029,0.25383542538354253,2025/26|2026-02-07|Fulham|Everton
2025/26,2026-02-07,Man United,Tottenham,2,0,H,test,0.5565515661371009,0.2336182979828908,0.2098301358800082,2.2,1.9,2.2,1.4,5,10,6.0,0.6,1.0,1.6,2.0,5,10,6.0,0.6013630896699185,0.2098089001737271,0.18882801015635442,2025/26|2026-02-07|Man United|Tottenham
2025/26,2026-02-07,Newcastle,Brentford,2,3,A,test,0.3837301094885221,0.2590877440084775,0.3571821465030003,1.4,1.4,1.4,1.8,5,10,7.0,1.8,1.7,1.6,1.2,5,10,6.0,0.4545454545454546,0.27272727272727276,0.27272727272727276,2025/26|2026-02-07|Newcastle|Brentford
2025/26,2026-02-07,Wolves,Chelsea,1,3,A,test,0.2822069296096176,0.2521193605762697,0.4656737098141127,1.0,0.6,0.8,1.0,5,10,7.0,2.0,1.6,2.0,1.2,5,10,7.0,0.19069369112189552,0.2383671139023694,0.5709391949757351,2025/26|2026-02-07|Wolves|Chelsea
2025/26,2026-02-08,Brighton,Crystal Palace,0,1,A,test,0.5245468435961299,0.2382239610015195,0.2372291954023505,1.2,0.9,1.2,1.0,5,10,8.0,0.4,0.6,0.6,1.6,5,10,7.0,0.48611111111111116,0.2708333333333333,0.24305555555555558,2025/26|2026-02-08|Brighton|Crystal Palace
2025/26,2026-02-08,Liverpool,Man City,1,2,A,test,0.4740960453783619,0.2212760499287134,0.3046279046929247,1.2,1.7,1.8,1.4,5,10,8.0,1.2,1.9,1.2,1.2,5,10,7.0,0.3986131787197368,0.256405233879182,0.3449815874010813,2025/26|2026-02-08|Liverpool|Man City
2025/26,2026-02-10,Chelsea,Leeds,2,2,D,test,0.574998024330534,0.2229986373183744,0.2020033383510914,2.4,1.8,2.4,1.2,5,10,3.0,1.4,1.4,1.6,2.0,5,10,4.0,0.6098357297414951,0.2183014736949925,0.17186279656351228,2025/26|2026-02-10|Chelsea|Leeds
2025/26,2026-02-10,Everton,Bournemouth,1,2,A,test,0.4185228664238058,0.2587352709194757,0.3227418626567184,1.8,1.3,1.2,0.8,5,10,3.0,2.2,1.4,2.0,1.2,5,10,3.0,0.40106951871657753,0.2807486631016043,0.3181818181818181,2025/26|2026-02-10|Everton|Bournemouth
2025/26,2026-02-10,Tottenham,Newcastle,1,2,A,test,0.4543783886542379,0.2473671430367519,0.2982544683090101,0.4,0.7,1.4,2.2,5,10,3.0,0.8,1.1,1.4,2.4,5,10,3.0,0.2990936555891239,0.26586102719033233,0.4350453172205438,2025/26|2026-02-10|Tottenham|Newcastle
2025/26,2026-02-10,West Ham,Man United,1,1,D,test,0.330432977659514,0.2708709162318297,0.3986961061086562,1.8,1.0,2.0,1.4,5,10,3.0,2.6,1.9,2.4,1.2,5,10,3.0,0.21193232413178983,0.22707034728406053,0.5609973285841496,2025/26|2026-02-10|West Ham|Man United
2025/26,2026-02-11,Aston Villa,Brighton,1,0,H,test,0.579486375150856,0.2086957245859441,0.2118179002631999,1.0,1.7,0.6,0.6,5,10,4.0,0.6,0.8,0.8,1.2,5,10,3.0,0.49533204157125243,0.25569843227056543,0.24896952615818213,2025/26|2026-02-11|Aston Villa|Brighton
2025/26,2026-02-11,Crystal Palace,Burnley,2,3,A,test,0.4726992343464467,0.2556808607172898,0.2716199049362634,1.0,0.6,0.8,1.2,5,10,3.0,0.6,0.5,1.0,2.0,5,10,4.0,0.6083835249741437,0.2387905335523514,0.1528259414735049,2025/26|2026-02-11|Crystal Palace|Burnley
2025/26,2026-02-11,Man City,Fulham,3,0,H,test,0.4978700318227991,0.2219129193662344,0.2802170488109665,1.6,1.9,1.4,1.2,5,10,3.0,1.2,1.7,1.4,1.6,5,10,4.0,0.6936936936936937,0.17153153153153156,0.13477477477477479,2025/26|2026-02-11|Man City|Fulham
2025/26,2026-02-11,Nott'm Forest,Wolves,0,0,D,test,0.5471990337779898,0.2377996694275507,0.2150012967944595,1.6,1.1,1.2,1.0,5,10,5.0,0.4,0.6,0.4,1.6,5,10,4.0,0.5594817432273262,0.2502944640753828,0.19022379269729095,2025/26|2026-02-11|Nott'm Forest|Wolves
2025/26,2026-02-11,Sunderland,Liverpool,0,1,A,test,0.3212329212985971,0.2635201336998107,0.4152469450015921,1.2,1.3,1.2,2.0,5,10,4.0,1.0,1.6,1.6,1.4,5,10,3.0,0.20017356089094587,0.25021695111368236,0.5496094879953717,2025/26|2026-02-11|Sunderland|Liverpool
2025/26,2026-02-12,Brentford,Arsenal,1,1,D,test,0.3169254058260813,0.2387074533145329,0.4443671408593858,1.8,2.0,1.4,1.2,5,10,5.0,1.6,2.3,1.8,0.6,5,10,5.0,0.1995185073728558,0.24300331026181163,0.5574781823653325,2025/26|2026-02-12|Brentford|Arsenal
2025/26,2026-02-18,Wolves,Arsenal,2,2,D,test,0.165243218510539,0.2161546108553633,0.6186021706340976,0.4,0.7,0.2,1.4,5,10,7.0,1.6,2.1,2.0,0.8,5,10,6.0,0.08604097189137686,0.1802763220581229,0.7336827060505002,2025/26|2026-02-18|Wolves|Arsenal
2025/26,2026-02-21,Aston Villa,Leeds,1,1,D,test,0.5362471173609488,0.2082466593032687,0.2555062233357825,1.4,1.7,0.8,0.6,5,10,10.0,1.6,1.4,1.4,1.6,5,10,11.0,0.5151610291323099,0.2647355288596593,0.22010344200803078,2025/26|2026-02-21|Aston Villa|Leeds
2025/26,2026-02-21,Brentford,Brighton,0,2,A,test,0.577011028497371,0.219242142241145,0.203746829261484,1.4,2.0,1.0,1.4,5,10,9.0,0.4,0.8,0.6,1.2,5,10,10.0,0.47349177330895803,0.25594149908592323,0.27056672760511885,2025/26|2026-02-21|Brentford|Brighton
2025/26,2026-02-21,Chelsea,Burnley,1,1,D,test,0.6174930697164694,0.2224267982902832,0.1600801319932473,2.6,1.6,2.6,1.2,5,10,11.0,1.0,0.8,1.2,2.0,5,10,10.0,0.7755791985681615,0.14557024957740877,0.07885055185442974,2025/26|2026-02-21|Chelsea|Burnley
2025/26,2026-02-21,Man City,Newcastle,2,1,H,test,0.5910876423246084,0.2009995066434652,0.2079128510319263,2.0,1.9,1.8,1.0,5,10,10.0,0.8,1.4,1.0,2.0,5,10,11.0,0.6436512580456407,0.18665886483323582,0.16968987712112346,2025/26|2026-02-21|Man City|Newcastle
2025/26,2026-02-21,West Ham,Bournemouth,0,0,D,test,0.3852659168535727,0.267199446334229,0.3475346368121982,2.0,1.1,2.0,1.2,5,10,11.0,2.2,1.6,1.8,1.0,5,10,11.0,0.3807716387541087,0.2572781342933166,0.3619502269525748,2025/26|2026-02-21|West Ham|Bournemouth
2025/26,2026-02-22,Crystal Palace,Wolves,1,0,H,test,0.43988515815407,0.2634282507071335,0.2966865911387965,0.8,0.6,1.2,1.8,5,10,11.0,0.4,0.8,0.6,1.8,5,10,4.0,0.5738880918220947,0.23672883787661403,0.18938307030129126,2025/26|2026-02-22|Crystal Palace|Wolves
2025/26,2026-02-22,Nott'm Forest,Liverpool,0,1,A,test,0.3051734437004112,0.239957104177968,0.4548694521216208,1.2,0.9,0.8,0.8,5,10,11.0,1.4,1.6,1.8,1.4,5,10,11.0,0.23099703849950645,0.24284304047384012,0.5261599210266535,2025/26|2026-02-22|Nott'm Forest|Liverpool
2025/26,2026-02-22,Sunderland,Fulham,1,3,A,test,0.3992463095254593,0.2428992805983578,0.357854409876183,1.2,1.0,1.2,1.6,5,10,11.0,0.6,1.4,1.0,2.0,5,10,11.0,0.3532608695652174,0.29347826086956524,0.3532608695652174,2025/26|2026-02-22|Sunderland|Fulham
2025/26,2026-02-22,Tottenham,Arsenal,1,4,A,test,0.2078082780542696,0.2471413139003932,0.5450504080453371,0.4,0.7,1.2,2.0,5,10,12.0,1.6,1.9,2.4,1.2,5,10,4.0,0.15818639798488665,0.23727959697732998,0.6045340050377834,2025/26|2026-02-22|Tottenham|Arsenal
2025/26,2026-02-23,Everton,Man United,0,1,A,test,0.3401391588472843,0.2480048410732638,0.4118560000794518,1.6,1.3,1.2,1.0,5,10,13.0,2.6,1.9,2.2,1.0,5,10,13.0,0.2548524257681154,0.25145439342454057,0.49369318080734403,2025/26|2026-02-23|Everton|Man United
2025/26,2026-02-27,Wolves,Aston Villa,2,0,H,test,0.338558332055935,0.2533619120044169,0.408079755939648,0.4,0.8,0.6,1.6,5,10,5.0,1.6,1.5,1.0,0.6,5,10,6.0,0.23125000000000004,0.25625,0.5125,2025/26|2026-02-27|Wolves|Aston Villa
2025/26,2026-02-28,Bournemouth,Sunderland,1,1,D,test,0.5717357950104538,0.2232951844671047,0.2049690205224414,2.2,1.6,1.6,0.8,5,10,7.0,0.6,0.9,1.0,2.0,5,10,6.0,0.5275084060230983,0.25320403489108717,0.21928755908581452,2025/26|2026-02-28|Bournemouth|Sunderland
2025/26,2026-02-28,Burnley,Brentford,3,4,A,test,0.3403112795078635,0.2573915618475259,0.4022971586446105,1.0,0.8,1.2,2.0,5,10,7.0,1.4,1.7,1.0,1.4,5,10,7.0,0.21030484383766596,0.24265943519730693,0.5470357209650272,2025/26|2026-02-28|Burnley|Brentford
2025/26,2026-02-28,Leeds,Man City,0,1,A,test,0.314855977060574,0.2650137632583488,0.420130259681077,1.2,1.2,1.4,1.8,5,10,7.0,2.6,1.9,2.2,0.8,5,10,7.0,0.19884287540642515,0.21813017509942711,0.5830269494941478,2025/26|2026-02-28|Leeds|Man City
2025/26,2026-02-28,Liverpool,West Ham,5,2,H,test,0.4924134118821203,0.2499405114443013,0.2576460766735784,1.8,1.6,1.8,1.2,5,10,6.0,1.6,1.2,1.6,1.0,5,10,7.0,0.6590181430096052,0.19701173959445034,0.1439701173959445,2025/26|2026-02-28|Liverpool|West Ham
2025/26,2026-02-28,Newcastle,Everton,2,3,A,test,0.4251115351431677,0.2582263225393873,0.3166621423174449,0.6,1.3,1.2,2.4,5,10,7.0,1.0,1.3,1.0,1.2,5,10,5.0,0.5608856088560886,0.23837638376383766,0.2007380073800738,2025/26|2026-02-28|Newcastle|Everton
2025/26,2026-03-01,Arsenal,Chelsea,2,1,H,test,0.5692563094272708,0.218251614290647,0.2124920762820821,2.2,1.9,2.8,0.8,5,10,7.0,2.2,1.6,2.4,1.4,5,10,8.0,0.5841252096143097,0.24594745667970933,0.169927333705981,2025/26|2026-03-01|Arsenal|Chelsea
2025/26,2026-03-01,Brighton,Nott'm Forest,2,1,H,test,0.4749575087202769,0.2417634339497929,0.2832790573299302,0.8,1.0,0.8,1.0,5,10,8.0,1.0,0.9,0.8,1.0,5,10,7.0,0.4701492537313433,0.2611940298507463,0.26865671641791045,2025/26|2026-03-01|Brighton|Nott'm Forest
2025/26,2026-03-01,Fulham,Tottenham,2,1,H,test,0.5662380107037425,0.2303331682328076,0.2034288210634499,1.2,1.4,1.6,2.0,5,10,7.0,0.4,0.7,1.2,2.4,5,10,7.0,0.45051194539249145,0.2627986348122867,0.2866894197952219,2025/26|2026-03-01|Fulham|Tottenham
2025/26,2026-03-01,Man United,Crystal Palace,2,1,H,test,0.6451308353108963,0.208889067347663,0.1459800973414407,2.6,2.2,2.0,1.0,5,10,6.0,1.4,0.9,1.2,1.4,5,10,7.0,0.6179775280898876,0.21011235955056176,0.17191011235955056,2025/26|2026-03-01|Man United|Crystal Palace
2025/26,2026-03-03,Bournemouth,Brentford,0,0,D,test,0.495838225264725,0.2231166718074008,0.281045102927874,1.8,1.7,1.2,0.6,5,10,3.0,2.0,1.7,1.8,1.6,5,10,3.0,0.37806972008145995,0.26254841672323603,0.35938186319530413,2025/26|2026-03-03|Bournemouth|Brentford
2025/26,2026-03-03,Everton,Burnley,2,0,H,test,0.6027678067447271,0.2161819282021539,0.1810502650531189,1.4,1.5,1.4,1.4,5,10,3.0,0.8,0.7,1.4,2.4,5,10,3.0,0.6045340050377834,0.23727959697732998,0.15818639798488665,2025/26|2026-03-03|Everton|Burnley
2025/26,2026-03-03,Leeds,Sunderland,0,1,A,test,0.4767048328122938,0.2547123220493707,0.2685828451383354,1.0,1.1,1.2,1.8,5,10,3.0,0.8,0.9,1.0,1.6,5,10,3.0,0.5072616073735894,0.2760099922473943,0.21672840037901628,2025/26|2026-03-03|Leeds|Sunderland
2025/26,2026-03-03,Wolves,Liverpool,2,1,H,test,0.3230353760943034,0.2612465822760522,0.4157180416296442,1.0,1.0,1.0,1.2,5,10,4.0,2.4,1.6,2.4,1.0,5,10,3.0,0.16981132075471697,0.20754716981132074,0.6226415094339622,2025/26|2026-03-03|Wolves|Liverpool
2025/26,2026-03-04,Aston Villa,Chelsea,1,4,A,test,0.353666479194161,0.2413175559103816,0.4050159648954574,1.0,1.2,0.6,1.0,5,10,5.0,1.6,1.6,2.0,1.6,5,10,3.0,0.35051546391752575,0.27835051546391754,0.3711340206185567,2025/26|2026-03-04|Aston Villa|Chelsea
2025/26,2026-03-04,Brighton,Arsenal,0,1,A,test,0.307990038135806,0.2461907302218359,0.445819231642358,1.4,1.3,1.0,0.8,5,10,3.0,2.2,1.9,2.4,1.0,5,10,3.0,0.19851808377962,0.22999046291541345,0.5714914533049666,2025/26|2026-03-04|Brighton|Arsenal
2025/26,2026-03-04,Fulham,West Ham,0,1,A,test,0.4829962100278106,0.2482965686601682,0.2687072213120212,1.2,1.4,1.6,2.0,5,10,3.0,1.0,1.2,1.4,1.8,5,10,4.0,0.473491773308958,0.2705667276051188,0.2559414990859232,2025/26|2026-03-04|Fulham|West Ham
2025/26,2026-03-04,Man City,Nott'm Forest,2,2,D,test,0.5962559866370504,0.2234958271715595,0.18024818619139,2.6,1.9,2.0,0.8,5,10,4.0,0.4,0.9,0.6,1.4,5,10,3.0,0.6849315068493151,0.18904109589041096,0.12602739726027395,2025/26|2026-03-04|Man City|Nott'm Forest
2025/26,2026-03-04,Newcastle,Man United,2,1,H,test,0.3485087613787568,0.2580820946567052,0.3934091439645379,0.6,1.3,1.6,2.6,5,10,4.0,2.6,2.2,1.8,0.8,5,10,3.0,0.3619297617627173,0.2719643638388418,0.3661058743984409,2025/26|2026-03-04|Newcastle|Man United
2025/26,2026-03-05,Tottenham,Crystal Palace,1,3,A,test,0.3690070220744479,0.2840290128078889,0.3469639651176631,0.2,0.4,1.0,2.4,5,10,4.0,1.4,0.9,1.2,1.2,5,10,4.0,0.4030403040304031,0.29142914291429145,0.3055305530553056,2025/26|2026-03-05|Tottenham|Crystal Palace
2025/26,2026-03-14,Arsenal,Everton,2,0,H,test,0.5297424614766829,0.2299691065860462,0.2402884319372709,2.2,1.9,2.0,1.0,5,10,10.0,1.8,1.5,1.6,1.2,5,10,11.0,0.6882884418683941,0.19996590521650184,0.11174565291510398,2025/26|2026-03-14|Arsenal|Everton
2025/26,2026-03-14,Burnley,Bournemouth,0,0,D,test,0.297569223506116,0.2650206653412515,0.4374101111526325,0.8,0.7,1.4,2.2,5,10,11.0,1.4,1.7,0.8,0.6,5,10,11.0,0.23151446549255922,0.24979192329460334,0.5186936112128375,2025/26|2026-03-14|Burnley|Bournemouth
2025/26,2026-03-14,Chelsea,Newcastle,0,1,A,test,0.5774493089533779,0.2127087968606486,0.2098418941859735,1.6,1.8,2.2,1.4,5,10,10.0,1.2,1.3,1.8,2.0,5,10,10.0,0.5256916996047432,0.225296442687747,0.24901185770750986,2025/26|2026-03-14|Chelsea|Newcastle
2025/26,2026-03-14,Sunderland,Brighton,0,1,A,test,0.3893875070907531,0.2569785298913992,0.3536339630178476,0.8,1.1,0.6,1.6,5,10,11.0,1.2,1.2,0.8,0.8,5,10,10.0,0.28846153846153844,0.28846153846153844,0.423076923076923,2025/26|2026-03-14|Sunderland|Brighton
2025/26,2026-03-14,West Ham,Man City,1,1,D,test,0.3504563234376253,0.2538843799310879,0.3956592966312868,1.6,1.4,1.2,1.2,5,10,10.0,2.6,1.9,2.0,0.8,5,10,10.0,0.21992238033635186,0.21992238033635186,0.5601552393272963,2025/26|2026-03-14|West Ham|Man City
2025/26,2026-03-15,Crystal Palace,Leeds,0,0,D,test,0.4272528356464565,0.2643557640090839,0.3083914003444595,1.8,1.1,1.6,1.2,5,10,10.0,1.0,1.0,1.2,1.2,5,10,12.0,0.37620235126469537,0.2907018168863555,0.333095831848949,2025/26|2026-03-15|Crystal Palace|Leeds
2025/26,2026-03-15,Liverpool,Tottenham,1,1,D,test,0.6664789485649699,0.1962849035908426,0.1372361478441875,1.8,1.5,1.8,1.2,5,10,12.0,0.0,0.3,0.8,2.6,5,10,10.0,0.7296607077708864,0.1517694272163444,0.11856986501276906,2025/26|2026-03-15|Liverpool|Tottenham
2025/26,2026-03-15,Man United,Aston Villa,3,1,H,test,0.6265773019869068,0.1939661950601038,0.1794565029529894,2.0,2.1,1.4,0.8,5,10,11.0,1.0,1.2,0.8,1.6,5,10,11.0,0.5503745604647607,0.238036997401009,0.21158844213423023,2025/26|2026-03-15|Man United|Aston Villa
2025/26,2026-03-15,Nott'm Forest,Fulham,0,0,D,test,0.4378884657353266,0.2334715050921915,0.3286400291724818,0.4,1.0,0.8,1.6,5,10,11.0,1.2,1.3,1.2,1.6,5,10,11.0,0.43220338983050843,0.2796610169491525,0.288135593220339,2025/26|2026-03-15|Nott'm Forest|Fulham
2025/26,2026-03-16,Brentford,Wolves,2,2,D,test,0.5243839492607135,0.2470936254479745,0.228522425291312,1.6,1.7,1.6,1.6,5,10,13.0,1.6,1.0,1.2,0.8,5,10,13.0,0.6102722850464338,0.2252195337671363,0.16450818118642999,2025/26|2026-03-16|Brentford|Wolves
2025/26,2026-03-20,Bournemouth,Man United,2,2,D,test,0.3828632911396571,0.2125719385645275,0.4045647702958152,1.4,1.8,0.6,0.4,5,10,6.0,2.0,2.3,1.6,1.0,5,10,5.0,0.29709605361131797,0.2501861504095309,0.4527177959791511,2025/26|2026-03-20|Bournemouth|Man United
2025/26,2026-03-21,Brighton,Liverpool,2,1,H,test,0.3668228596766603,0.257228153081622,0.3759489872417177,1.8,1.2,1.0,0.6,5,10,7.0,2.0,1.5,1.8,1.0,5,10,6.0,0.303508080409933,0.26882144264879776,0.4276704769412692,2025/26|2026-03-21|Brighton|Liverpool
2025/26,2026-03-21,Everton,Chelsea,3,0,H,test,0.3722298009949044,0.239696795920416,0.3880734030846795,1.2,1.5,1.2,1.4,5,10,7.0,1.0,1.7,1.6,1.4,5,10,7.0,0.27055702917771884,0.2785145888594165,0.4509283819628648,2025/26|2026-03-21|Everton|Chelsea
2025/26,2026-03-21,Fulham,Burnley,3,1,H,test,0.4997497648846152,0.2443434417887251,0.2559067933266596,1.4,1.3,1.0,1.2,5,10,6.0,1.0,0.8,1.4,1.8,5,10,7.0,0.6180581517347837,0.23064121272054125,0.15130063554467504,2025/26|2026-03-21|Fulham|Burnley
2025/26,2026-03-21,Leeds,Brentford,0,0,D,test,0.3973293911204471,0.2296839374887716,0.3729866713907812,0.6,1.0,0.6,1.0,5,10,6.0,1.2,1.5,1.4,1.6,5,10,5.0,0.39205009528995366,0.2744350667029676,0.33351483800707865,2025/26|2026-03-21|Leeds|Brentford
2025/26,2026-03-22,Aston Villa,West Ham,2,0,H,test,0.3465739831932076,0.2560396279441418,0.3973863888626506,0.8,0.9,0.8,2.0,5,10,7.0,1.2,1.5,1.0,1.4,5,10,8.0,0.4866595517609392,0.26360725720384204,0.24973319103521877,2025/26|2026-03-22|Aston Villa|West Ham
2025/26,2026-03-22,Newcastle,Sunderland,1,2,A,test,0.4944531784923108,0.2524139721802161,0.2531328493274732,1.8,1.3,1.6,1.4,5,10,8.0,0.8,1.0,0.6,1.2,5,10,8.0,0.5709391949757351,0.2383671139023694,0.19069369112189552,2025/26|2026-03-22|Newcastle|Sunderland
2025/26,2026-03-22,Tottenham,Nott'm Forest,0,3,A,test,0.3063777934846499,0.2753290586711911,0.4182931478441589,0.2,0.3,1.0,2.4,5,10,7.0,0.6,1.1,0.6,1.0,5,10,7.0,0.42285270112708895,0.27982899339292655,0.29731830547998445,2025/26|2026-03-22|Tottenham|Nott'm Forest
2025/26,2026-04-10,West Ham,Wolves,4,0,H,test,0.4608799715834718,0.240576307707553,0.298543720708975,1.0,1.5,0.8,1.6,5,10,19.0,1.6,1.0,1.6,1.2,5,10,25.0,0.5292717447246527,0.2507076685537828,0.22002058672156458,2025/26|2026-04-10|West Ham|Wolves
2025/26,2026-04-11,Arsenal,Bournemouth,1,2,A,test,0.5095756515318669,0.2282796280123504,0.2621447204557826,2.6,2.1,2.2,0.8,5,10,28.0,1.0,1.6,0.6,0.6,5,10,22.0,0.6613756613756613,0.21164021164021163,0.12698412698412698,2025/26|2026-04-11|Arsenal|Bournemouth
2025/26,2026-04-11,Brentford,Everton,2,2,D,test,0.3599860207003889,0.2414490618264327,0.3985649174731784,1.2,1.3,1.2,1.4,5,10,21.0,1.8,1.7,1.6,1.0,5,10,21.0,0.44134505158578524,0.28754298815437523,0.2711119602598395,2025/26|2026-04-11|Brentford|Everton
2025/26,2026-04-11,Burnley,Brighton,0,2,A,test,0.3536501205617087,0.2610853451631696,0.3852645342751217,0.4,0.7,1.0,2.0,5,10,21.0,2.4,1.4,1.4,0.6,5,10,21.0,0.21158844213423023,0.238036997401009,0.5503745604647607,2025/26|2026-04-11|Burnley|Brighton
2025/26,2026-04-11,Liverpool,Fulham,2,0,H,test,0.4678387362749204,0.2461250485305438,0.2860362151945357,1.4,1.4,1.8,1.4,5,10,21.0,2.0,1.3,1.6,0.8,5,10,21.0,0.5746381507885073,0.22575070209548498,0.19961114711600778,2025/26|2026-04-11|Liverpool|Fulham
2025/26,2026-04-12,Chelsea,Man City,0,3,A,test,0.4141515885315251,0.2194378810817739,0.366410530386701,0.8,1.7,1.2,1.6,5,10,22.0,2.2,1.9,1.8,0.8,5,10,29.0,0.3069697538981777,0.250422693969566,0.4426075521322562,2025/26|2026-04-12|Chelsea|Man City
2025/26,2026-04-12,Crystal Palace,Newcastle,2,1,H,test,0.4637302525683858,0.2444642391555748,0.2918055082760393,1.4,1.2,1.4,1.2,5,10,28.0,1.2,1.0,1.4,1.6,5,10,21.0,0.31279620853080564,0.2606635071090047,0.42654028436018954,2025/26|2026-04-12|Crystal Palace|Newcastle
2025/26,2026-04-12,Nott'm Forest,Aston Villa,1,1,D,test,0.5203802015333191,0.2118809958121046,0.2677388026545762,1.0,1.1,1.2,1.0,5,10,21.0,0.8,1.1,1.0,2.0,5,10,21.0,0.3608748481166464,0.28760631834750905,0.3515188335358444,2025/26|2026-04-12|Nott'm Forest|Aston Villa
2025/26,2026-04-12,Sunderland,Tottenham,1,0,H,test,0.6143003585857222,0.2062212580433593,0.1794783833709185,1.4,1.3,1.0,1.2,5,10,21.0,0.2,0.3,0.8,2.6,5,10,21.0,0.3516483516483516,0.2967032967032967,0.3516483516483516,2025/26|2026-04-12|Sunderland|Tottenham
2025/26,2026-04-13,Man United,Leeds,1,2,A,test,0.6102656472625236,0.2041623059661158,0.1855720467713605,2.0,2.3,1.8,1.2,5,10,24.0,0.6,1.1,0.2,0.6,5,10,23.0,0.5816922989614663,0.22983939617501845,0.18846830486351512,2025/26|2026-04-13|Man United|Leeds
2025/26,2026-04-18,Brentford,Fulham,0,0,D,test,0.495817929124121,0.2420520358984084,0.2621300349774705,1.4,1.4,1.6,1.4,5,10,7.0,1.4,1.3,1.0,1.0,5,10,7.0,0.4532775453277545,0.25383542538354253,0.2928870292887029,2025/26|2026-04-18|Brentford|Fulham
2025/26,2026-04-18,Chelsea,Man United,0,1,A,test,0.3389183755553412,0.2352708601666563,0.4258107642780024,0.6,1.4,1.0,2.0,5,10,6.0,1.4,2.0,1.8,1.6,5,10,5.0,0.4317656129529684,0.27139552814186585,0.2968388589051658,2025/26|2026-04-18|Chelsea|Man United
2025/26,2026-04-18,Leeds,Wolves,3,0,H,test,0.515376292906675,0.2243123909519817,0.2603113161413434,1.0,1.1,0.4,0.6,5,10,5.0,1.4,0.9,1.2,1.6,5,10,8.0,0.5892322244994482,0.24475800094592468,0.16600977455462715,2025/26|2026-04-18|Leeds|Wolves
2025/26,2026-04-18,Newcastle,Bournemouth,1,2,A,test,0.3208720308844949,0.2557496600998865,0.4233783090156185,1.2,0.9,1.4,1.6,5,10,6.0,1.4,1.8,1.0,0.8,5,10,7.0,0.4751131221719458,0.2533936651583711,0.2714932126696833,2025/26|2026-04-18|Newcastle|Bournemouth
2025/26,2026-04-18,Tottenham,Brighton,2,2,D,test,0.269653859203307,0.2655536591821666,0.4647924816145264,0.2,0.3,0.6,2.0,5,10,6.0,2.4,1.6,1.4,0.6,5,10,7.0,0.35149384885764495,0.25307557117750434,0.3954305799648506,2025/26|2026-04-18|Tottenham|Brighton
2025/26,2026-04-19,Aston Villa,Sunderland,4,3,H,test,0.4361326292157459,0.2625132179074289,0.3013541528768251,0.8,1.2,1.0,2.0,5,10,7.0,2.0,1.3,1.0,0.6,5,10,7.0,0.5717651950932151,0.2546261002148451,0.17360870469193984,2025/26|2026-04-19|Aston Villa|Sunderland
2025/26,2026-04-19,Everton,Liverpool,1,2,A,test,0.395829073175135,0.2558540308510246,0.3483168959738404,2.0,1.5,2.0,1.2,5,10,8.0,1.4,1.6,2.0,1.4,5,10,8.0,0.3067869752844252,0.27971753628874063,0.41349548842683403,2025/26|2026-04-19|Everton|Liverpool
2025/26,2026-04-19,Man City,Arsenal,2,1,H,test,0.4655606603278862,0.2334938485105143,0.3009454911615994,2.2,2.1,1.8,0.8,5,10,7.0,2.4,2.0,2.0,0.8,5,10,8.0,0.5180518051805181,0.25622562256225623,0.22572257225722572,2025/26|2026-04-19|Man City|Arsenal
2025/26,2026-04-19,Nott'm Forest,Burnley,4,1,H,test,0.5900686056324602,0.2120457992301596,0.19788559513738,1.2,1.1,1.4,1.0,5,10,7.0,0.2,0.6,0.8,2.2,5,10,8.0,0.6363636363636365,0.2272727272727273,0.13636363636363638,2025/26|2026-04-19|Nott'm Forest|Burnley
2025/26,2026-04-20,Crystal Palace,West Ham,0,0,D,test,0.4279393660133241,0.2421416647930515,0.3299189691936244,2.0,1.4,1.4,0.8,5,10,8.0,1.4,1.5,1.6,1.6,5,10,10.0,0.3981697037810067,0.2961387171871237,0.3056915790318696,2025/26|2026-04-20|Crystal Palace|West Ham
2025/26,2026-04-21,Brighton,Chelsea,3,0,H,test,0.5696027130112731,0.2172853885944758,0.2131118983942511,2.0,1.7,1.4,0.8,5,10,3.0,0.6,1.1,0.8,1.8,5,10,3.0,0.3787575150300601,0.2705410821643286,0.3507014028056112,2025/26|2026-04-21|Brighton|Chelsea
2025/26,2026-04-22,Bournemouth,Leeds,2,2,D,test,0.4977794763267278,0.2422853548632456,0.2599351688100264,1.8,1.8,1.2,0.8,5,10,4.0,1.6,1.3,1.0,0.4,5,10,4.0,0.4701492537313433,0.26865671641791045,0.2611940298507463,2025/26|2026-04-22|Bournemouth|Leeds
2025/26,2026-04-22,Burnley,Man City,0,1,A,test,0.1596461792994674,0.223138001606237,0.6172158190942956,0.2,0.5,0.4,2.2,5,10,3.0,2.2,2.4,1.8,0.8,5,10,3.0,0.050187524674299246,0.10595144097907619,0.8438610343466245,2025/26|2026-04-22|Burnley|Man City
2025/26,2026-04-24,Sunderland,Nott'm Forest,0,5,A,test,0.3793083902394366,0.2831976388677222,0.337493970892841,1.8,1.3,1.4,1.2,5,10,5.0,1.8,1.1,2.0,0.8,5,10,5.0,0.3516483516483516,0.2967032967032967,0.3516483516483516,2025/26|2026-04-24|Sunderland|Nott'm Forest
2025/26,2026-04-25,Arsenal,Newcastle,1,0,H,test,0.6147073068706099,0.2098735520958119,0.175419141033578,1.8,2.0,1.4,1.0,5,10,6.0,1.2,0.9,1.2,1.4,5,10,7.0,0.6505067104902768,0.1985757326759792,0.1509175568337442,2025/26|2026-04-25|Arsenal|Newcastle
2025/26,2026-04-25,Fulham,Aston Villa,1,0,H,test,0.4610349506571033,0.2289718127123071,0.3099932366305896,1.0,1.1,0.6,0.8,5,10,7.0,1.4,1.2,1.8,2.2,5,10,6.0,0.346459785917706,0.26465678090935874,0.3888834331729352,2025/26|2026-04-25|Fulham|Aston Villa
2025/26,2026-04-25,Liverpool,Crystal Palace,3,1,H,test,0.5228460536010155,0.2269384698134762,0.2502154765855082,1.4,1.9,1.4,1.2,5,10,6.0,1.6,1.5,1.2,0.8,5,10,5.0,0.6585879873551107,0.1896733403582719,0.15173867228661753,2025/26|2026-04-25|Liverpool|Crystal Palace
2025/26,2026-04-25,West Ham,Everton,2,1,H,test,0.4207871210025257,0.2428807225790203,0.336332156418454,1.6,1.3,1.2,0.6,5,10,5.0,1.4,1.4,1.6,1.2,5,10,6.0,0.39471577261809454,0.27862289831865494,0.3266613290632506,2025/26|2026-04-25|West Ham|Everton
2025/26,2026-04-25,Wolves,Tottenham,0,1,A,test,0.4943168098725045,0.272021306694647,0.2336618834328485,1.4,0.9,1.2,2.0,5,10,7.0,0.4,0.3,0.8,2.0,5,10,7.0,0.21124357674746064,0.21953720447195677,0.5692192187805826,2025/26|2026-04-25|Wolves|Tottenham
2025/26,2026-04-27,Man United,Brentford,2,1,H,test,0.5331343721401315,0.22058403066885,0.2462815971910184,1.4,2.0,1.6,1.4,5,10,9.0,1.0,1.5,0.8,0.8,5,10,9.0,0.5129935875801552,0.24974687816402294,0.2372595342558218,2025/26|2026-04-27|Man United|Brentford
2025/26,2026-05-01,Leeds,Burnley,3,1,H,test,0.6458692802389375,0.1967129203929809,0.1574177993680815,1.8,1.4,1.4,0.6,5,10,9.0,0.2,0.5,0.4,2.0,5,10,9.0,0.7112375533428166,0.18918918918918923,0.09957325746799432,2025/26|2026-05-01|Leeds|Burnley
2025/26,2026-05-02,Arsenal,Fulham,3,0,H,test,0.5530825287847713,0.2200976307170464,0.2268198404981824,1.8,2.0,1.2,0.8,5,10,7.0,1.6,1.4,0.8,0.6,5,10,7.0,0.6500776404176282,0.2161921021250311,0.13373025745734066,2025/26|2026-05-02|Arsenal|Fulham
2025/26,2026-05-02,Brentford,West Ham,3,0,H,test,0.3906754190224902,0.2404552072467459,0.3688693737307638,0.8,1.2,1.0,1.2,5,10,5.0,1.6,1.6,1.4,0.8,5,10,7.0,0.4953764861294584,0.2523117569352708,0.2523117569352708,2025/26|2026-05-02|Brentford|West Ham
2025/26,2026-05-02,Newcastle,Brighton,3,1,H,test,0.2955356971020544,0.2439088362273201,0.4605554666706255,0.6,0.9,0.8,1.4,5,10,7.0,2.6,1.9,2.0,0.6,5,10,11.0,0.3804878048780488,0.25365853658536586,0.3658536585365853,2025/26|2026-05-02|Newcastle|Brighton
2025/26,2026-05-02,Wolves,Sunderland,1,1,D,test,0.4477963970766482,0.2561688254715453,0.2960347774518064,0.8,0.9,0.8,2.2,5,10,7.0,1.2,1.0,1.2,2.2,5,10,8.0,0.290280777537797,0.28120950323974087,0.4285097192224623,2025/26|2026-05-02|Wolves|Sunderland
2025/26,2026-05-03,Aston Villa,Tottenham,1,2,A,test,0.5743152368665297,0.2401870706320506,0.1854976925014196,1.4,1.2,1.6,1.6,5,10,8.0,1.0,0.5,0.8,1.4,5,10,8.0,0.4407039020657995,0.2631981637337414,0.29609793420045905,2025/26|2026-05-03|Aston Villa|Tottenham
2025/26,2026-05-03,Bournemouth,Crystal Palace,3,0,H,test,0.4700015865576357,0.2453362148519344,0.2846621985904298,1.8,1.6,1.6,1.2,5,10,11.0,1.6,1.5,1.2,1.0,5,10,8.0,0.6018171661844011,0.2182108431661685,0.17997199064943042,2025/26|2026-05-03|Bournemouth|Crystal Palace
2025/26,2026-05-03,Man United,Liverpool,3,2,H,test,0.4596710454985176,0.2371856958368926,0.3031432586645897,2.0,2.0,1.8,1.2,5,10,6.0,2.0,1.9,1.8,1.0,5,10,8.0,0.4095630021555947,0.24789339604154412,0.34254360180286103,2025/26|2026-05-03|Man United|Liverpool
2025/26,2026-05-04,Chelsea,Nott'm Forest,1,3,A,test,0.1902240621153547,0.2658837434467505,0.5438921944378948,0.0,0.8,0.0,2.2,5,10,13.0,2.2,1.3,2.6,0.4,5,10,10.0,0.5608856088560886,0.23837638376383766,0.2007380073800738,2025/26|2026-05-04|Chelsea|Nott'm Forest
2025/26,2026-05-04,Everton,Man City,3,3,D,test,0.3137109222484519,0.2262907422144078,0.4599983355371403,0.8,1.3,1.4,1.6,5,10,9.0,2.2,2.4,1.8,0.8,5,10,12.0,0.14530005310674457,0.19883165161975572,0.6558682952734998,2025/26|2026-05-04|Everton|Man City
2025/26,2026-05-09,Brighton,Wolves,3,0,H,test,0.6691239229751205,0.1855616992255907,0.1453143777992888,2.0,1.9,2.0,1.2,5,10,7.0,0.4,1.0,0.6,2.2,5,10,7.0,0.7480079367578973,0.15199521274920477,0.09999685049289786,2025/26|2026-05-09|Brighton|Wolves
2025/26,2026-05-09,Fulham,Bournemouth,0,1,A,test,0.3265794214945204,0.251514317478601,0.4219062610268786,1.4,1.4,0.8,1.2,5,10,7.0,2.2,1.8,2.2,1.2,5,10,6.0,0.3436754176610978,0.26252983293556087,0.39379474940334125,2025/26|2026-05-09|Fulham|Bournemouth
2025/26,2026-05-09,Liverpool,Chelsea,1,1,D,test,0.7554978675086396,0.1549915855922315,0.089510546899129,1.8,1.9,2.0,1.4,5,10,6.0,0.0,0.5,0.2,2.6,5,10,5.0,0.5190138736400838,0.23744884719033837,0.24353727916957785,2025/26|2026-05-09|Liverpool|Chelsea
2025/26,2026-05-09,Man City,Brentford,3,0,H,test,0.6087621558069365,0.2118626149445294,0.1793752292485341,2.2,2.4,2.0,1.0,5,10,5.0,1.2,1.2,1.2,0.8,5,10,7.0,0.698906060079875,0.16530647681889218,0.13578746310123285,2025/26|2026-05-09|Man City|Brentford
2025/26,2026-05-09,Sunderland,Man United,0,0,D,test,0.289424744642542,0.2649663511610988,0.4456089041963592,1.4,1.1,1.4,2.2,5,10,7.0,2.0,2.0,1.8,1.4,5,10,6.0,0.24107375553818092,0.2507167057597081,0.5082095387021109,2025/26|2026-05-09|Sunderland|Man United
2025/26,2026-05-10,Burnley,Aston Villa,2,2,D,test,0.2986060687299777,0.27770182922214,0.4236921020478824,0.0,0.5,0.6,2.6,5,10,9.0,1.4,1.1,1.6,1.4,5,10,7.0,0.1894034665646017,0.2187107004210181,0.5918858330143802,2025/26|2026-05-10|Burnley|Aston Villa
2025/26,2026-05-10,Crystal Palace,Everton,2,2,D,test,0.3910484486195684,0.2524927094033681,0.3564588419770634,1.0,1.4,0.6,1.4,5,10,7.0,1.0,1.1,2.0,1.8,5,10,6.0,0.3515188335358444,0.28760631834750905,0.3608748481166464,2025/26|2026-05-10|Crystal Palace|Everton
2025/26,2026-05-10,Nott'm Forest,Newcastle,1,1,D,test,0.600816611106526,0.2126773808495947,0.1865060080438793,2.6,1.6,3.2,0.6,5,10,6.0,0.6,1.2,1.2,1.6,5,10,8.0,0.3673469387755102,0.26530612244897966,0.3673469387755102,2025/26|2026-05-10|Nott'm Forest|Newcastle
2025/26,2026-05-10,West Ham,Arsenal,0,1,A,test,0.3150853234137212,0.2444235539102334,0.4404911226760452,1.4,1.3,1.2,1.2,5,10,8.0,1.8,2.0,1.6,0.8,5,10,8.0,0.1720368389470114,0.22528633671632445,0.6026768243366641,2025/26|2026-05-10|West Ham|Arsenal
2025/26,2026-05-11,Tottenham,Leeds,1,1,D,test,0.2845907971428302,0.2770340661101561,0.4383751367470137,1.4,0.8,1.0,1.4,5,10,8.0,2.2,1.4,2.0,0.8,5,10,10.0,0.5169718061229637,0.23074595248903015,0.25228224138800626,2025/26|2026-05-11|Tottenham|Leeds
2025/26,2026-05-13,Man City,Crystal Palace,3,0,H,test,0.7024031244095781,0.1751177836969892,0.1224790918934326,2.6,2.4,2.4,0.8,5,10,4.0,1.0,1.2,1.0,1.8,5,10,3.0,0.7936507936507936,0.12698412698412698,0.07936507936507936,2025/26|2026-05-13|Man City|Crystal Palace
2025/26,2026-05-15,Aston Villa,Liverpool,4,2,H,test,0.3344058383574108,0.2624307581885771,0.4031634034540121,1.0,0.9,1.6,1.8,5,10,5.0,2.0,1.7,2.0,1.2,5,10,6.0,0.3411167512690355,0.2680203045685279,0.39086294416243655,2025/26|2026-05-15|Aston Villa|Liverpool
2025/26,2026-05-17,Brentford,Crystal Palace,2,2,D,test,0.5178602920712655,0.2224793903138583,0.2596603176148761,1.0,1.1,1.2,1.4,5,10,8.0,0.4,1.2,0.6,2.2,5,10,4.0,0.5520461161585652,0.22739042403674234,0.22056345980469233,2025/26|2026-05-17|Brentford|Crystal Palace
2025/26,2026-05-17,Everton,Sunderland,1,3,A,test,0.5630070342471414,0.2186173419803524,0.2183756237725062,0.6,1.2,1.8,2.2,5,10,7.0,1.0,1.2,1.0,2.0,5,10,8.0,0.5275084060230983,0.25320403489108717,0.21928755908581452,2025/26|2026-05-17|Everton|Sunderland
2025/26,2026-05-17,Leeds,Brighton,1,0,H,test,0.3151300438367538,0.249976342010003,0.4348936141532432,2.2,1.4,2.2,1.0,5,10,6.0,2.0,2.2,2.2,1.0,5,10,8.0,0.29609793420045905,0.2631981637337414,0.4407039020657995,2025/26|2026-05-17|Leeds|Brighton
2025/26,2026-05-17,Man United,Nott'm Forest,3,2,H,test,0.3642609455805238,0.2639138412101267,0.3718252132093494,2.0,2.0,1.4,1.0,5,10,8.0,2.2,1.6,2.8,0.8,5,10,7.0,0.5932203389830508,0.22598870056497172,0.18079096045197737,2025/26|2026-05-17|Man United|Nott'm Forest
2025/26,2026-05-17,Newcastle,West Ham,3,1,H,test,0.4367506753271845,0.2501275016804524,0.3131218229923631,0.8,1.0,1.2,1.4,5,10,7.0,1.4,1.2,1.2,1.0,5,10,7.0,0.4527177959791511,0.2501861504095309,0.29709605361131797,2025/26|2026-05-17|Newcastle|West Ham
2025/26,2026-05-17,Wolves,Fulham,1,1,D,test,0.3614564810723489,0.2512236260726951,0.3873198928549559,0.2,0.9,0.2,2.4,5,10,8.0,0.8,1.4,0.2,1.2,5,10,8.0,0.25,0.25,0.5,2025/26|2026-05-17|Wolves|Fulham
2025/26,2026-05-18,Arsenal,Burnley,1,0,H,test,0.7521377942977986,0.1538710688139967,0.0939911368882047,1.8,2.2,1.4,0.8,5,10,8.0,0.2,0.3,0.8,2.4,5,10,8.0,0.8722333310349583,0.08643039371164588,0.04133627525339585,2025/26|2026-05-18|Arsenal|Burnley
2025/26,2026-05-19,Bournemouth,Man City,1,1,D,test,0.3182479700228174,0.2527490191896414,0.4290030107875411,2.6,1.8,2.0,0.8,5,10,10.0,2.6,2.4,2.4,0.8,5,10,6.0,0.21124357674746064,0.21953720447195677,0.5692192187805826,2025/26|2026-05-19|Bournemouth|Man City
2025/26,2026-05-19,Chelsea,Tottenham,2,1,H,test,0.3380218204481685,0.2822589844830172,0.3797191950688143,0.2,0.5,0.4,2.2,5,10,10.0,1.6,0.9,1.2,1.0,5,10,8.0,0.49851447522973813,0.257341256132108,0.24414426863815383,2025/26|2026-05-19|Chelsea|Tottenham
2025/26,2026-05-24,Brighton,Man United,0,3,A,test,0.5306715869502046,0.2150096064118303,0.2543188066379651,1.4,1.9,1.8,1.2,5,10,7.0,2.6,2.0,1.8,1.0,5,10,7.0,0.5116751269035533,0.2253807106598985,0.2629441624365483,2025/26|2026-05-24|Brighton|Man United
2025/26,2026-05-24,Burnley,Wolves,1,1,D,test,0.3834559103028047,0.2626345732890818,0.3539095164081134,0.2,0.2,0.8,2.2,5,10,6.0,0.4,0.9,0.4,1.8,5,10,7.0,0.40293767368003175,0.2705438666137356,0.3265184597062326,2025/26|2026-05-24|Burnley|Wolves
2025/26,2026-05-24,Crystal Palace,Arsenal,1,2,A,test,0.2386250640443778,0.2476881975281446,0.5136867384274776,0.4,1.0,1.0,2.6,5,10,7.0,2.4,2.4,1.4,0.4,5,10,6.0,0.2247191011235955,0.23595505617977527,0.5393258426966292,2025/26|2026-05-24|Crystal Palace|Arsenal
2025/26,2026-05-24,Fulham,Newcastle,2,0,H,test,0.3668271147055207,0.2481746973224757,0.3849981879720035,1.0,1.2,0.4,1.0,5,10,7.0,1.4,1.3,1.6,1.2,5,10,7.0,0.32917532917532916,0.24948024948024947,0.4213444213444213,2025/26|2026-05-24|Fulham|Newcastle
2025/26,2026-05-24,Liverpool,Brentford,1,1,D,test,0.4801637051417236,0.2551194878616202,0.2647168069966562,1.4,1.4,2.0,2.0,5,10,9.0,1.0,1.2,1.2,1.4,5,10,7.0,0.5256916996047432,0.225296442687747,0.24901185770750986,2025/26|2026-05-24|Liverpool|Brentford
2025/26,2026-05-24,Man City,Aston Villa,1,2,A,test,0.6355951956008491,0.1973243945366632,0.1670804098624875,2.2,2.2,2.2,0.8,5,10,5.0,1.4,1.1,2.2,2.0,5,10,9.0,0.7361963190184049,0.15828220858895706,0.10552147239263804,2025/26|2026-05-24|Man City|Aston Villa
2025/26,2026-05-24,Nott'm Forest,Bournemouth,1,1,D,test,0.5132107824504012,0.2396089462747188,0.2471802712748801,2.0,1.6,3.0,1.2,5,10,7.0,2.2,1.8,1.8,0.8,5,10,5.0,0.28655297735532564,0.2521666200726866,0.4612804025719877,2025/26|2026-05-24|Nott'm Forest|Bournemouth
2025/26,2026-05-24,Sunderland,Chelsea,2,1,H,test,0.5890124354278797,0.2289490041123739,0.1820385604597464,1.0,1.5,1.4,2.2,5,10,7.0,0.8,0.7,0.8,1.8,5,10,5.0,0.2631578947368421,0.2631578947368421,0.47368421052631576,2025/26|2026-05-24|Sunderland|Chelsea
2025/26,2026-05-24,Tottenham,Everton,1,0,H,test,0.3822464433691045,0.2513286147303286,0.3664249419005669,1.6,0.9,1.4,1.2,5,10,5.0,0.4,1.2,1.6,2.4,5,10,7.0,0.49702656040180676,0.25315219476465356,0.24982124483353968,2025/26|2026-05-24|Tottenham|Everton
2025/26,2026-05-24,West Ham,Leeds,3,0,H,test,0.3014995252122143,0.2604366172681351,0.4380638575196506,0.8,1.1,0.6,1.6,5,10,7.0,2.2,1.6,2.0,0.8,5,10,7.0,0.5112910097997443,0.23647209203238176,0.25223689816787387,2025/26|2026-05-24|West Ham|Leeds
